WKT,Name,OBJECTID,UKATEGORIE,UTYP1,UART,UMONAT,USTUNDE,UWOCHENTAG,STRZUSTAND,ULICHTVERH,ISTRAD,ISTPKW,ISTFUSS,ISTKRAD,ISTGKFZ,ISTSONSTIG
"POINT (6.687977053000054 51.358293660000072)",Unfall 95538 (2019) Kat:3, Licht: 2,95538,3,6,1,01,01,3,1,2,0,1,0,0,0,0
"POINT (6.762472358000025 51.435119508000071)",Unfall 95862 (2019) Kat:3, Licht: 2,95862,3,1,0,01,19,3,1,2,1,0,0,0,0,0
"POINT (6.757803812000020 51.527162759000078)",Unfall 96054 (2019) Kat:3, Licht: 2,96054,3,6,3,01,19,1,1,2,0,1,0,0,0,0
"POINT (6.709815553000055 51.478060015000040)",Unfall 96056 (2019) Kat:3, Licht: 0,96056,3,1,9,01,16,1,1,0,0,1,0,0,0,0
"POINT (6.778887078000025 51.363103682000030)",Unfall 96093 (2019) Kat:3, Licht: 0,96093,3,4,6,01,11,7,1,0,0,1,1,0,0,0
"POINT (6.766495835000058 51.484654953000074)",Unfall 96094 (2019) Kat:3, Licht: 0,96094,3,2,5,01,11,7,0,0,0,1,0,0,0,0
"POINT (6.757951761000072 51.429395892000059)",Unfall 96168 (2019) Kat:3, Licht: 0,96168,3,6,2,01,14,6,1,0,0,1,0,0,0,0
"POINT (6.693950326000049 51.410869088000027)",Unfall 96169 (2019) Kat:3, Licht: 1,96169,3,3,0,01,16,6,1,1,1,1,0,0,0,0
"POINT (6.790129957000033 51.425948416000040)",Unfall 96258 (2019) Kat:3, Licht: 0,96258,3,6,0,01,11,5,0,0,1,0,0,0,0,0
"POINT (6.696837398000071 51.401344371000050)",Unfall 96259 (2019) Kat:3, Licht: 0,96259,3,2,1,01,14,5,0,0,0,1,0,0,0,0
"POINT (6.760841035000055 51.500034546000052)",Unfall 96260 (2019) Kat:3, Licht: 2,96260,3,2,5,01,07,5,1,2,0,1,0,0,0,1
"POINT (6.778364321000026 51.484179180000069)",Unfall 96347 (2019) Kat:3, Licht: 0,96347,3,6,2,01,08,4,1,0,0,1,0,0,1,0
"POINT (6.732917667000038 51.481224593000036)",Unfall 96348 (2019) Kat:3, Licht: 2,96348,3,6,3,01,20,4,1,2,0,1,0,0,1,0
"POINT (6.817704001000038 51.493298534000076)",Unfall 96448 (2019) Kat:3, Licht: 0,96448,3,6,2,01,15,3,1,0,0,1,0,0,0,0
"POINT (6.690308732000062 51.405273302000069)",Unfall 96522 (2019) Kat:3, Licht: 0,96522,3,5,4,01,09,2,1,0,0,1,0,0,0,0
"POINT (6.733748287000026 51.458383898000079)",Unfall 96600 (2019) Kat:3, Licht: 1,96600,3,6,2,01,16,1,1,1,1,1,0,0,0,0
"POINT (6.775233354000022 51.488025274000051)",Unfall 96603 (2019) Kat:3, Licht: 2,96603,3,3,5,01,00,1,1,2,0,1,0,0,0,0
"POINT (6.783241836000059 51.419936799000027)",Unfall 96679 (2019) Kat:2, Licht: 2,96679,2,3,4,01,00,6,1,2,1,1,0,0,0,0
"POINT (6.655904260000057 51.390893179000045)",Unfall 96680 (2019) Kat:3, Licht: 2,96680,3,2,6,01,08,6,1,2,0,1,1,0,0,0
"POINT (6.774142637000068 51.493509000000074)",Unfall 96681 (2019) Kat:3, Licht: 2,96681,3,6,1,01,23,6,1,2,0,1,0,0,0,0
"POINT (6.667510734000075 51.354458594000050)",Unfall 96780 (2019) Kat:2, Licht: 0,96780,2,6,4,01,09,5,0,0,0,1,0,0,1,0
"POINT (6.774329521000027 51.463695667000081)",Unfall 96860 (2019) Kat:3, Licht: 2,96860,3,2,6,01,04,4,1,2,0,1,1,0,0,0
"POINT (6.780584309000062 51.469041510000068)",Unfall 96863 (2019) Kat:3, Licht: 1,96863,3,4,6,01,08,4,1,1,0,1,1,0,0,0
"POINT (6.763905701000056 51.404164204000040)",Unfall 96864 (2019) Kat:2, Licht: 0,96864,2,2,5,01,08,4,1,0,0,1,0,0,0,1
"POINT (6.679002354000033 51.441183949000049)",Unfall 96889 (2019) Kat:2, Licht: 0,96889,2,2,4,01,15,4,0,0,0,1,0,1,0,0
"POINT (6.683584408000058 51.358276917000069)",Unfall 96890 (2019) Kat:3, Licht: 2,96890,3,6,3,01,07,4,1,2,0,1,0,0,1,0
"POINT (6.759299910000038 51.376045527000031)",Unfall 96968 (2019) Kat:3, Licht: 0,96968,3,2,5,01,08,2,1,0,0,1,0,0,0,0
"POINT (6.754614869000022 51.488453891000063)",Unfall 96969 (2019) Kat:2, Licht: 2,96969,2,5,0,01,07,2,1,2,0,1,0,1,0,0
"POINT (6.781619666000040 51.490196338000032)",Unfall 96970 (2019) Kat:3, Licht: 0,96970,3,5,1,01,08,2,1,0,0,1,0,0,0,0
"POINT (6.717368133000036 51.437899685000048)",Unfall 97008 (2019) Kat:3, Licht: 0,97008,3,6,2,01,15,2,1,0,0,1,0,0,0,0
"POINT (6.776176053000029 51.446856357000058)",Unfall 97009 (2019) Kat:3, Licht: 0,97009,3,6,2,01,16,2,1,0,0,1,0,0,0,0
"POINT (6.754858025000033 51.424474361000080)",Unfall 97043 (2019) Kat:2, Licht: 2,97043,2,7,6,01,06,1,1,2,0,1,1,0,0,0
"POINT (6.765646030000028 51.424851675000070)",Unfall 97321 (2019) Kat:3, Licht: 2,97321,3,2,5,01,19,4,0,2,1,1,0,0,0,0
"POINT (6.754251090000025 51.488413900000069)",Unfall 97322 (2019) Kat:2, Licht: 0,97322,2,3,5,01,13,4,0,0,1,1,0,0,0,0
"POINT (6.771327482000061 51.412124281000047)",Unfall 97434 (2019) Kat:2, Licht: 0,97434,2,6,3,01,09,6,0,0,0,1,0,0,1,0
"POINT (6.782819763000020 51.467677578000064)",Unfall 97444 (2019) Kat:2, Licht: 2,97444,2,2,5,01,20,3,0,2,0,1,0,0,1,0
"POINT (6.784893034000049 51.516067978000081)",Unfall 97445 (2019) Kat:3, Licht: 2,97445,3,3,5,01,18,3,0,2,0,1,0,0,0,0
"POINT (6.778959065000038 51.432221818000073)",Unfall 97538 (2019) Kat:3, Licht: 2,97538,3,7,6,01,07,2,1,2,0,1,1,0,0,0
"POINT (6.800788046000037 51.409030339000026)",Unfall 97572 (2019) Kat:2, Licht: 0,97572,2,6,2,01,08,2,0,0,0,1,0,0,0,0
"POINT (6.799968629000034 51.433249507000028)",Unfall 97647 (2019) Kat:3, Licht: 0,97647,3,6,2,01,17,7,0,0,0,1,0,0,0,0
"POINT (6.742884544000049 51.522760819000041)",Unfall 97648 (2019) Kat:3, Licht: 2,97648,3,2,2,01,21,7,0,2,0,1,0,0,0,0
"POINT (6.770157126000072 51.461840888000040)",Unfall 97672 (2019) Kat:3, Licht: 2,97672,3,6,2,01,17,7,0,2,0,1,0,0,0,0
"POINT (6.667060304000074 51.476611190000028)",Unfall 97750 (2019) Kat:3, Licht: 2,97750,3,6,4,01,21,3,2,2,0,1,0,0,0,0
"POINT (6.748035007000055 51.490477760000033)",Unfall 97752 (2019) Kat:3, Licht: 0,97752,3,6,1,01,09,3,2,0,0,1,0,0,0,0
"POINT (6.759709607000048 51.510363800000050)",Unfall 97755 (2019) Kat:3, Licht: 2,97755,3,2,6,01,06,3,2,2,0,1,1,0,0,0
"POINT (6.750834523000037 51.397311983000066)",Unfall 97772 (2019) Kat:3, Licht: 2,97772,3,2,5,01,19,6,1,2,1,1,0,0,0,0
"POINT (6.761234018000039 51.434687133000068)",Unfall 97775 (2019) Kat:3, Licht: 0,97775,3,6,3,01,10,6,1,0,0,1,0,0,0,0
"POINT (6.729129586000056 51.409842534000063)",Unfall 97777 (2019) Kat:3, Licht: 1,97777,3,5,1,01,08,6,2,1,0,1,0,0,0,1
"POINT (6.757398570000021 51.527601881000066)",Unfall 97778 (2019) Kat:3, Licht: 0,97778,3,4,6,01,13,6,1,0,0,1,1,0,0,0
"POINT (6.770114986000067 51.470495125000070)",Unfall 97780 (2019) Kat:3, Licht: 2,97780,3,3,5,01,06,6,2,2,1,1,0,0,0,0
"POINT (6.765261948000045 51.472131322000052)",Unfall 97810 (2019) Kat:3, Licht: 0,97810,3,1,9,01,22,3,2,0,0,1,0,0,0,0
"POINT (6.773789290000025 51.412962658000026)",Unfall 97829 (2019) Kat:3, Licht: 0,97829,3,4,6,01,15,6,1,0,0,0,1,1,0,0
"POINT (6.747687320000068 51.486898975000031)",Unfall 97863 (2019) Kat:3, Licht: 2,97863,3,6,2,01,06,6,0,2,0,1,0,0,1,0
"POINT (6.749454330000049 51.362841687000071)",Unfall 97898 (2019) Kat:3, Licht: 1,97898,3,4,6,01,16,5,1,1,0,1,1,0,0,0
"POINT (6.775793338000028 51.440302033000080)",Unfall 97926 (2019) Kat:3, Licht: 2,97926,3,6,0,01,20,5,1,2,0,1,0,0,0,0
"POINT (6.733052236000049 51.466258193000044)",Unfall 97981 (2019) Kat:3, Licht: 0,97981,3,2,1,01,14,1,1,0,0,1,0,0,0,0
"POINT (6.739159597000025 51.450804635000054)",Unfall 98019 (2019) Kat:3, Licht: 1,98019,3,6,1,01,06,4,2,1,0,1,0,0,1,0
"POINT (6.758256259000063 51.527620753000065)",Unfall 98053 (2019) Kat:3, Licht: 2,98053,3,1,9,01,17,7,1,2,0,1,0,0,0,0
"POINT (6.766467567000063 51.474869747000071)",Unfall 98347 (2019) Kat:3, Licht: 0,98347,3,6,2,02,12,6,1,0,0,1,0,0,0,0
"POINT (6.760764122000069 51.506661342000029)",Unfall 98417 (2019) Kat:3, Licht: 1,98417,3,6,2,01,07,3,1,1,0,1,0,0,0,1
"POINT (6.753085367000040 51.395558740000070)",Unfall 98477 (2019) Kat:3, Licht: 2,98477,3,1,9,01,05,5,2,2,0,1,0,0,0,0
"POINT (6.756488608000041 51.436666759000047)",Unfall 98513 (2019) Kat:3, Licht: 0,98513,3,7,6,01,08,2,1,0,0,1,1,0,0,0
"POINT (6.746684078000044 51.527230601000042)",Unfall 98516 (2019) Kat:3, Licht: 2,98516,3,2,6,01,21,2,1,2,0,1,1,0,0,0
"POINT (6.819256692000067 51.467360007000082)",Unfall 98518 (2019) Kat:3, Licht: 0,98518,3,5,1,01,11,2,1,0,0,1,0,1,0,0
"POINT (6.698131480000029 51.435514569000077)",Unfall 98547 (2019) Kat:3, Licht: 2,98547,3,1,9,01,03,5,2,2,0,1,0,0,0,0
"POINT (6.670461807000038 51.481883099000072)",Unfall 98556 (2019) Kat:3, Licht: 2,98556,3,6,3,01,06,5,1,2,0,1,0,0,0,0
"POINT (6.776152409000076 51.435404210000058)",Unfall 98613 (2019) Kat:3, Licht: 0,98613,3,6,0,02,11,3,0,0,0,1,0,0,1,0
"POINT (6.696788270000070 51.419391274000077)",Unfall 98661 (2019) Kat:3, Licht: 0,98661,3,3,5,02,11,2,1,0,0,1,0,0,0,0
"POINT (6.707539466000071 51.435979171000042)",Unfall 98775 (2019) Kat:3, Licht: 0,98775,3,1,2,02,13,1,1,0,0,1,0,0,0,0
"POINT (6.672531594000077 51.437154672000077)",Unfall 98796 (2019) Kat:3, Licht: 2,98796,3,7,0,02,20,1,1,2,0,1,0,0,0,0
"POINT (6.710217974000045 51.457411447000027)",Unfall 98832 (2019) Kat:3, Licht: 2,98832,3,6,3,02,21,4,1,2,0,1,0,0,0,0
"POINT (6.735139477000075 51.542041736000044)",Unfall 99013 (2019) Kat:2, Licht: 1,99013,2,7,6,02,21,6,1,1,0,1,1,0,0,0
"POINT (6.788711714000044 51.474817357000063)",Unfall 99088 (2019) Kat:3, Licht: 2,99088,3,3,5,02,18,1,1,2,0,1,0,1,0,0
"POINT (6.759297708000077 51.419109331000072)",Unfall 99295 (2019) Kat:3, Licht: 0,99295,3,2,3,02,16,3,0,0,1,0,0,0,1,0
"POINT (6.771010341000022 51.424879065000027)",Unfall 99342 (2019) Kat:2, Licht: 2,99342,2,1,9,02,18,3,0,2,0,0,0,1,0,0
"POINT (6.775988287000075 51.440251667000041)",Unfall 99344 (2019) Kat:3, Licht: 2,99344,3,6,2,02,18,3,0,2,0,1,0,0,1,0
"POINT (6.707715427000039 51.362158268000030)",Unfall 99350 (2019) Kat:3, Licht: 0,99350,3,3,1,02,13,6,1,0,1,1,0,0,0,0
"POINT (6.757608013000038 51.480307853000056)",Unfall 99351 (2019) Kat:3, Licht: 2,99351,3,5,1,02,06,6,0,2,0,1,0,0,0,1
"POINT (6.776494241000023 51.441634186000044)",Unfall 99404 (2019) Kat:3, Licht: 2,99404,3,6,3,02,23,6,1,2,0,1,0,0,0,0
"POINT (6.744898503000059 51.445191308000062)",Unfall 99533 (2019) Kat:3, Licht: 0,99533,3,3,5,02,15,5,0,0,1,1,0,0,0,0
"POINT (6.716007548000050 51.478291224000031)",Unfall 99632 (2019) Kat:3, Licht: 0,99632,3,6,2,02,09,2,0,0,0,1,0,0,1,0
"POINT (6.773164946000065 51.370836945000065)",Unfall 99659 (2019) Kat:3, Licht: 0,99659,3,2,4,02,16,6,0,0,0,1,0,1,0,0
"POINT (6.733933968000031 51.477087477000055)",Unfall 99660 (2019) Kat:3, Licht: 0,99660,3,4,6,02,14,6,0,0,0,0,1,0,0,1
"POINT (6.735737282000059 51.527052953000066)",Unfall 99748 (2019) Kat:3, Licht: 0,99748,3,6,1,02,17,1,0,0,0,1,0,0,0,0
"POINT (6.770177590000060 51.461821707000070)",Unfall 99755 (2019) Kat:2, Licht: 0,99755,2,3,3,02,09,6,0,0,0,1,0,0,1,0
"POINT (6.770665902000076 51.482020454000065)",Unfall 99757 (2019) Kat:3, Licht: 0,99757,3,6,2,02,13,6,0,0,0,1,0,0,0,0
"POINT (6.689322857000036 51.436673852000069)",Unfall 99763 (2019) Kat:3, Licht: 2,99763,3,6,2,02,22,6,0,2,0,1,0,0,0,0
"POINT (6.726382513000033 51.438674528000035)",Unfall 99830 (2019) Kat:3, Licht: 0,99830,3,6,2,02,14,1,0,0,0,1,0,0,0,0
"POINT (6.646492672000022 51.392193046000045)",Unfall 99897 (2019) Kat:3, Licht: 0,99897,3,5,1,02,17,5,0,0,0,1,0,1,0,0
"POINT (6.736486209000020 51.414206630000081)",Unfall 99898 (2019) Kat:3, Licht: 0,99898,3,6,2,02,14,5,0,0,0,1,0,0,0,0
"POINT (6.750654447000045 51.459817964000081)",Unfall 99899 (2019) Kat:3, Licht: 0,99899,3,2,5,02,16,5,0,0,1,1,0,0,0,0
"POINT (6.786086279000074 51.422581963000027)",Unfall 99961 (2019) Kat:3, Licht: 0,99961,3,3,5,02,11,7,0,0,1,1,0,0,0,0
"POINT (6.772545536000052 51.487893366000037)",Unfall 100023 (2019) Kat:3, Licht: 0,100023,3,6,2,02,15,2,0,0,0,1,0,0,0,0
"POINT (6.760200650000058 51.375020334000055)",Unfall 100065 (2019) Kat:2, Licht: 0,100065,2,2,5,02,16,4,0,0,0,1,0,0,0,0
"POINT (6.774255041000060 51.463670320000062)",Unfall 100068 (2019) Kat:3, Licht: 0,100068,3,7,8,02,11,4,0,0,0,1,0,0,0,0
"POINT (6.771354392000035 51.487312361000079)",Unfall 100071 (2019) Kat:2, Licht: 0,100071,2,2,5,02,07,4,0,0,1,1,0,0,0,0
"POINT (6.740976504000059 51.454787369000030)",Unfall 100117 (2019) Kat:3, Licht: 2,100117,3,3,5,02,19,4,0,2,0,1,0,1,0,0
"POINT (6.816395576000048 51.491020650000053)",Unfall 100123 (2019) Kat:3, Licht: 0,100123,3,6,2,02,07,5,0,0,0,1,0,0,0,0
"POINT (6.814156902000036 51.441553705000047)",Unfall 100162 (2019) Kat:3, Licht: 0,100162,3,6,3,02,17,5,0,0,0,1,0,0,0,0
"POINT (6.741374619000055 51.517924019000077)",Unfall 100191 (2019) Kat:3, Licht: 1,100191,3,2,5,02,17,2,0,1,1,1,0,0,0,0
"POINT (6.752269451000075 51.391461115000027)",Unfall 100217 (2019) Kat:2, Licht: 0,100217,2,5,1,02,16,3,0,0,0,0,0,1,1,0
"POINT (6.814468528000020 51.487264048000043)",Unfall 100257 (2019) Kat:3, Licht: 2,100257,3,1,8,02,05,3,1,2,0,1,0,0,0,0
"POINT (6.818981528000052 51.495456440000055)",Unfall 100433 (2019) Kat:3, Licht: 0,100433,3,6,2,02,15,7,0,0,0,1,0,0,0,0
"POINT (6.793816039000035 51.480098553000062)",Unfall 100497 (2019) Kat:2, Licht: 0,100497,2,6,3,02,07,6,1,0,0,0,0,0,1,1
"POINT (6.754054001000043 51.463867312000048)",Unfall 100598 (2019) Kat:3, Licht: 2,100598,3,1,4,02,22,5,1,2,0,1,0,0,0,0
"POINT (6.776266729000042 51.492469404000076)",Unfall 100599 (2019) Kat:3, Licht: 2,100599,3,3,5,02,19,5,1,2,1,1,0,0,0,0
"POINT (6.797838541000033 51.498194494000074)",Unfall 100600 (2019) Kat:3, Licht: 0,100600,3,6,2,02,16,5,0,0,0,1,0,0,0,0
"POINT (6.779630181000073 51.371035917000029)",Unfall 100635 (2019) Kat:3, Licht: 1,100635,3,2,5,02,18,4,0,1,1,1,0,0,0,0
"POINT (6.779053262000048 51.424635848000037)",Unfall 100668 (2019) Kat:3, Licht: 0,100668,3,6,3,02,15,3,0,0,0,1,0,0,0,0
"POINT (6.794257204000076 51.483543355000052)",Unfall 100669 (2019) Kat:3, Licht: 0,100669,3,3,5,02,17,3,0,0,0,1,0,0,0,0
"POINT (6.770966461000057 51.497394517000032)",Unfall 100671 (2019) Kat:3, Licht: 2,100671,3,3,5,02,21,3,0,2,1,1,0,0,0,0
"POINT (6.759335788000044 51.419113844000037)",Unfall 100701 (2019) Kat:3, Licht: 2,100701,3,1,0,02,02,4,0,2,0,1,0,0,0,0
"POINT (6.813730778000036 51.440992092000045)",Unfall 100733 (2019) Kat:3, Licht: 0,100733,3,6,2,02,15,3,0,0,0,1,0,0,0,0
"POINT (6.797960844000045 51.497236648000069)",Unfall 100787 (2019) Kat:3, Licht: 0,100787,3,6,3,02,12,4,0,0,0,1,0,0,0,0
"POINT (6.752263826000046 51.409619435000081)",Unfall 100837 (2019) Kat:3, Licht: 0,100837,3,2,5,02,15,4,0,0,1,1,0,0,0,0
"POINT (6.666427425000052 51.354062112000065)",Unfall 100844 (2019) Kat:3, Licht: 1,100844,3,6,2,02,08,2,0,1,0,1,0,0,0,0
"POINT (6.761615342000027 51.431796727000062)",Unfall 100845 (2019) Kat:3, Licht: 0,100845,3,2,6,02,12,2,0,0,0,1,1,0,0,0
"POINT (6.772881941000037 51.494273323000073)",Unfall 100847 (2019) Kat:3, Licht: 0,100847,3,6,2,02,13,2,0,0,0,1,0,0,1,0
"POINT (6.766029064000065 51.473998712000082)",Unfall 100898 (2019) Kat:3, Licht: 0,100898,3,6,2,02,15,2,0,0,0,1,0,0,0,0
"POINT (6.797654403000024 51.433274862000076)",Unfall 100923 (2019) Kat:2, Licht: 0,100923,2,4,6,02,11,4,0,0,0,1,1,0,0,0
"POINT (6.704816190000031 51.435725947000037)",Unfall 101013 (2019) Kat:3, Licht: 0,101013,3,6,2,03,14,1,1,0,0,1,0,0,0,0
"POINT (6.781008377000035 51.445769196000072)",Unfall 101019 (2019) Kat:3, Licht: 0,101019,3,7,8,03,14,1,1,0,0,1,0,0,0,0
"POINT (6.801921749000030 51.456538837000039)",Unfall 101054 (2019) Kat:3, Licht: 0,101054,3,6,2,03,14,6,0,0,0,1,0,0,0,0
"POINT (6.805553621000058 51.441147493000074)",Unfall 101057 (2019) Kat:3, Licht: 2,101057,3,1,8,03,06,6,1,2,0,1,0,0,0,0
"POINT (6.763350486000036 51.489182561000064)",Unfall 101155 (2019) Kat:3, Licht: 0,101155,3,7,0,02,14,5,0,0,0,0,0,0,0,1
"POINT (6.776274219000072 51.435251307000044)",Unfall 101210 (2019) Kat:3, Licht: 0,101210,3,6,2,02,15,5,0,0,0,1,0,0,1,0
"POINT (6.710807000000045 51.398148589000073)",Unfall 101401 (2019) Kat:3, Licht: 1,101401,3,6,1,03,17,6,0,1,0,1,0,0,0,0
"POINT (6.736699723000072 51.527244724000070)",Unfall 101404 (2019) Kat:3, Licht: 2,101404,3,2,6,03,18,6,1,2,0,1,1,0,0,0
"POINT (6.756554277000021 51.471096909000039)",Unfall 101406 (2019) Kat:3, Licht: 0,101406,3,2,4,03,16,6,0,0,0,1,0,0,0,0
"POINT (6.767481413000041 51.420608746000028)",Unfall 101464 (2019) Kat:3, Licht: 2,101464,3,2,6,03,18,4,1,2,0,1,1,0,0,0
"POINT (6.772897471000022 51.445427348000067)",Unfall 101516 (2019) Kat:3, Licht: 2,101516,3,6,0,03,23,6,1,2,0,1,0,0,0,0
"POINT (6.803099136000071 51.443802968000057)",Unfall 101517 (2019) Kat:3, Licht: 0,101517,3,6,2,03,15,6,0,0,0,1,0,0,1,0
"POINT (6.698034284000073 51.415691123000045)",Unfall 101707 (2019) Kat:3, Licht: 0,101707,3,3,6,03,13,5,0,0,0,1,1,0,0,0
"POINT (6.732241856000030 51.544520673000079)",Unfall 101710 (2019) Kat:3, Licht: 1,101710,3,6,1,03,17,5,1,1,0,1,0,1,0,0
"POINT (6.787346876000072 51.352908783000032)",Unfall 101734 (2019) Kat:3, Licht: 0,101734,3,6,2,03,15,4,1,0,0,1,0,0,0,0
"POINT (6.697396558000037 51.417024755000057)",Unfall 101755 (2019) Kat:3, Licht: 0,101755,3,3,5,03,09,2,1,0,0,1,0,0,0,0
"POINT (6.702489431000060 51.415278224000076)",Unfall 101757 (2019) Kat:3, Licht: 1,101757,3,6,2,03,06,2,1,1,0,1,0,0,0,0
"POINT (6.692600107000033 51.416794191000065)",Unfall 101758 (2019) Kat:3, Licht: 0,101758,3,2,5,03,11,2,1,0,0,1,0,0,0,0
"POINT (6.704091062000032 51.415132598000071)",Unfall 101760 (2019) Kat:3, Licht: 0,101760,3,3,5,03,13,2,0,0,1,1,0,0,0,0
"POINT (6.793193605000056 51.465564313000073)",Unfall 101761 (2019) Kat:3, Licht: 2,101761,3,2,6,03,19,2,1,2,0,0,1,0,0,1
"POINT (6.736701894000021 51.482769982000036)",Unfall 101836 (2019) Kat:2, Licht: 0,101836,2,6,2,03,15,2,0,0,0,1,0,0,1,1
"POINT (6.805934327000045 51.486814047000053)",Unfall 101837 (2019) Kat:3, Licht: 0,101837,3,6,2,03,06,2,1,0,0,1,0,0,0,0
"POINT (6.799386563000041 51.453534724000065)",Unfall 102123 (2019) Kat:3, Licht: 0,102123,3,6,2,03,18,6,1,0,0,1,0,0,0,0
"POINT (6.704587830000037 51.428228111000067)",Unfall 102187 (2019) Kat:3, Licht: 0,102187,3,6,1,03,15,5,1,0,0,1,0,0,0,0
"POINT (6.784599417000038 51.432597226000041)",Unfall 102267 (2019) Kat:3, Licht: 2,102267,3,3,5,03,04,2,1,2,0,1,0,0,0,0
"POINT (6.798621576000073 51.495370293000065)",Unfall 102269 (2019) Kat:3, Licht: 0,102269,3,6,1,03,15,2,0,0,0,1,0,0,0,0
"POINT (6.762281831000053 51.441043850000028)",Unfall 102460 (2019) Kat:3, Licht: 2,102460,3,2,5,03,19,4,1,2,0,1,0,0,0,0
"POINT (6.690798374000053 51.383341245000054)",Unfall 102464 (2019) Kat:2, Licht: 2,102464,2,7,8,03,21,4,1,2,0,1,0,0,0,0
"POINT (6.766323628000066 51.518236949000027)",Unfall 102465 (2019) Kat:2, Licht: 0,102465,2,3,5,03,13,4,1,0,0,1,0,0,0,0
"POINT (6.810226668000041 51.460402803000079)",Unfall 102468 (2019) Kat:2, Licht: 0,102468,2,1,9,03,11,1,1,0,0,1,0,0,0,0
"POINT (6.795723914000064 51.508603816000061)",Unfall 102540 (2019) Kat:3, Licht: 2,102540,3,4,6,03,21,7,0,2,0,1,1,0,0,0
"POINT (6.795437633000063 51.431647859000066)",Unfall 102658 (2019) Kat:3, Licht: 0,102658,3,4,6,03,15,6,0,0,0,1,1,0,0,0
"POINT (6.737226388000067 51.479947149000054)",Unfall 102660 (2019) Kat:3, Licht: 0,102660,3,3,6,03,17,6,0,0,0,1,1,0,0,0
"POINT (6.759458127000073 51.510323578000055)",Unfall 102662 (2019) Kat:3, Licht: 2,102662,3,6,2,03,22,6,0,2,0,1,0,0,0,0
"POINT (6.777301111000043 51.464922727000044)",Unfall 102663 (2019) Kat:2, Licht: 0,102663,2,4,6,03,11,4,0,0,0,1,1,0,0,0
"POINT (6.785301655000069 51.505324157000075)",Unfall 102665 (2019) Kat:3, Licht: 0,102665,3,3,5,03,08,6,0,0,1,1,0,0,0,0
"POINT (6.771849230000044 51.460450664000064)",Unfall 102712 (2019) Kat:3, Licht: 0,102712,3,6,2,03,16,4,0,0,0,1,0,0,0,0
"POINT (6.757186432000026 51.487033112000063)",Unfall 102786 (2019) Kat:2, Licht: 0,102786,2,7,8,03,19,6,0,0,0,1,0,0,0,0
"POINT (6.776080030000060 51.432949819000044)",Unfall 102839 (2019) Kat:2, Licht: 0,102839,2,2,4,03,11,3,0,0,1,1,0,0,0,0
"POINT (6.742785389000062 51.526724869000077)",Unfall 102841 (2019) Kat:3, Licht: 0,102841,3,4,6,03,12,3,0,0,0,1,1,0,0,0
"POINT (6.741252400000064 51.454559940000081)",Unfall 102842 (2019) Kat:3, Licht: 0,102842,3,3,5,03,17,3,0,0,1,1,0,0,0,0
"POINT (6.765259941000068 51.472117320000052)",Unfall 102911 (2019) Kat:2, Licht: 2,102911,2,6,2,03,21,3,0,2,0,1,0,0,1,0
"POINT (6.793439467000042 51.414841956000032)",Unfall 102988 (2019) Kat:3, Licht: 0,102988,3,1,0,03,07,5,0,0,1,0,0,0,0,0
"POINT (6.783824453000023 51.439456125000049)",Unfall 102990 (2019) Kat:3, Licht: 0,102990,3,6,1,03,15,5,0,0,0,1,0,0,0,0
"POINT (6.658011764000037 51.397740404000047)",Unfall 103087 (2019) Kat:1, Licht: 0,103087,1,4,6,03,11,2,1,0,0,1,1,0,0,0
"POINT (6.711115637000034 51.404438635000076)",Unfall 103089 (2019) Kat:3, Licht: 0,103089,3,2,2,03,13,2,1,0,0,1,0,0,0,0
"POINT (6.779647878000048 51.371112939000056)",Unfall 103099 (2019) Kat:3, Licht: 0,103099,3,7,6,03,15,5,0,0,0,1,1,0,0,0
"POINT (6.717852765000032 51.437977939000064)",Unfall 103302 (2019) Kat:3, Licht: 0,103302,3,6,2,03,12,1,0,0,0,1,0,0,0,0
"POINT (6.781762195000056 51.422589518000052)",Unfall 103369 (2019) Kat:2, Licht: 2,103369,2,1,8,03,04,7,0,2,0,1,0,0,0,0
"POINT (6.654780928000037 51.391176449000056)",Unfall 103371 (2019) Kat:3, Licht: 0,103371,3,7,5,03,10,7,0,0,0,1,0,0,0,0
"POINT (6.742808988000036 51.527305107000075)",Unfall 103549 (2019) Kat:3, Licht: 0,103549,3,3,5,03,16,1,0,0,0,1,0,1,0,0
"POINT (6.730753599000025 51.411709815000052)",Unfall 103637 (2019) Kat:3, Licht: 0,103637,3,6,3,03,14,7,0,0,0,1,0,1,0,0
"POINT (6.798902528000042 51.452079758000082)",Unfall 103687 (2019) Kat:2, Licht: 0,103687,2,6,0,03,13,7,0,0,0,1,0,0,0,0
"POINT (6.759013041000060 51.378014567000037)",Unfall 103767 (2019) Kat:2, Licht: 0,103767,2,3,5,03,16,1,0,0,0,1,0,1,0,0
"POINT (6.770028917000047 51.370523037000055)",Unfall 103802 (2019) Kat:2, Licht: 0,103802,2,2,4,03,13,6,0,0,1,1,0,0,0,0
"POINT (6.780196913000054 51.432061009000051)",Unfall 103803 (2019) Kat:3, Licht: 0,103803,3,2,3,03,06,6,0,0,1,1,0,0,0,0
"POINT (6.713216924000051 51.415062377000027)",Unfall 103879 (2019) Kat:3, Licht: 0,103879,3,4,6,04,13,3,1,0,0,1,1,0,0,0