WKT,Name,OBJECTID,UKATEGORIE,UTYP1,UART,UMONAT,USTUNDE,UWOCHENTAG,STRZUSTAND,ULICHTVERH,ISTRAD,ISTPKW,ISTFUSS,ISTKRAD,ISTGKFZ,ISTSONSTIG
"POINT (6.759746440000072 51.510369722000064)",Unfall 120142 (2019) Kat:3, Licht: 0,120142,3,3,5,09,13,3,0,0,0,1,0,0,0,0
"POINT (6.751290060000031 51.402469578000080)",Unfall 120145 (2019) Kat:3, Licht: 1,120145,3,1,9,09,18,7,0,1,1,0,0,0,0,0
"POINT (6.753061824000042 51.440184381000051)",Unfall 120147 (2019) Kat:3, Licht: 0,120147,3,6,2,09,12,7,0,0,0,1,0,0,0,0
"POINT (6.732610041000044 51.480697688000078)",Unfall 120148 (2019) Kat:3, Licht: 0,120148,3,1,2,09,12,7,0,0,0,1,0,0,0,0
"POINT (6.798823385000048 51.413474142000041)",Unfall 120153 (2019) Kat:3, Licht: 0,120153,3,6,2,09,14,7,1,0,0,1,0,0,0,0
"POINT (6.799069620000068 51.450998410000068)",Unfall 120225 (2019) Kat:3, Licht: 0,120225,3,6,2,09,13,7,0,0,0,1,0,0,0,0
"POINT (6.820487661000072 51.499113533000070)",Unfall 120233 (2019) Kat:2, Licht: 0,120233,2,6,2,09,11,3,0,0,0,0,0,0,1,1
"POINT (6.819106188000035 51.496282358000030)",Unfall 120234 (2019) Kat:3, Licht: 0,120234,3,6,2,09,07,3,0,0,0,1,0,0,0,0
"POINT (6.799069065000026 51.450990946000047)",Unfall 120237 (2019) Kat:3, Licht: 0,120237,3,6,2,09,16,3,0,0,0,1,0,0,0,0
"POINT (6.697841800000049 51.356995191000067)",Unfall 120362 (2019) Kat:3, Licht: 0,120362,3,7,0,09,17,1,0,0,0,0,0,1,0,0
"POINT (6.816730602000064 51.491342464000070)",Unfall 120365 (2019) Kat:3, Licht: 0,120365,3,6,2,09,07,6,0,0,0,1,0,0,0,1
"POINT (6.748244792000037 51.442611795000062)",Unfall 120553 (2019) Kat:3, Licht: 0,120553,3,2,5,09,14,7,0,0,1,1,0,0,0,0
"POINT (6.743875509000077 51.511802699000043)",Unfall 120555 (2019) Kat:3, Licht: 1,120555,3,2,5,09,19,7,0,1,1,1,0,0,0,0
"POINT (6.771864444000073 51.481471035000027)",Unfall 120627 (2019) Kat:3, Licht: 0,120627,3,6,0,09,14,5,0,0,0,1,0,0,0,0
"POINT (6.770302473000072 51.480520427000044)",Unfall 120629 (2019) Kat:3, Licht: 0,120629,3,6,2,09,16,5,0,0,0,1,0,0,0,0
"POINT (6.805103684000073 51.458736761000068)",Unfall 120635 (2019) Kat:3, Licht: 0,120635,3,7,0,09,12,7,0,0,0,0,0,1,0,0
"POINT (6.713843654000073 51.406050693000054)",Unfall 120781 (2019) Kat:3, Licht: 0,120781,3,6,1,09,15,4,1,0,0,1,0,0,0,0
"POINT (6.784557080000070 51.420733797000082)",Unfall 120782 (2019) Kat:3, Licht: 0,120782,3,4,6,09,13,6,0,0,0,0,1,0,1,0
"POINT (6.769519343000070 51.462449944000070)",Unfall 120783 (2019) Kat:3, Licht: 0,120783,3,3,1,09,13,4,1,0,0,1,0,0,0,0
"POINT (6.735088763000022 51.469151998000029)",Unfall 120784 (2019) Kat:2, Licht: 0,120784,2,1,0,09,10,6,1,0,0,0,0,1,0,0
"POINT (6.780909893000057 51.468987383000069)",Unfall 120785 (2019) Kat:3, Licht: 0,120785,3,3,5,09,12,4,1,0,1,1,0,0,0,0
"POINT (6.773543876000076 51.391472953000061)",Unfall 120805 (2019) Kat:2, Licht: 0,120805,2,6,3,09,18,4,0,0,0,1,0,1,0,0
"POINT (6.765235622000034 51.430467445000033)",Unfall 120976 (2019) Kat:3, Licht: 0,120976,3,7,0,09,12,2,1,0,0,0,0,0,0,1
"POINT (6.776894726000023 51.406265639000026)",Unfall 121061 (2019) Kat:3, Licht: 0,121061,3,3,5,09,16,6,0,0,1,1,0,0,0,0
"POINT (6.699089913000023 51.452509842000040)",Unfall 121062 (2019) Kat:3, Licht: 2,121062,3,6,1,09,20,6,0,2,0,1,0,0,0,0
"POINT (6.807114851000051 51.403102260000026)",Unfall 121132 (2019) Kat:3, Licht: 0,121132,3,6,2,09,14,6,0,0,0,1,0,0,0,1
"POINT (6.774758487000042 51.432747598000049)",Unfall 121133 (2019) Kat:3, Licht: 2,121133,3,6,2,09,14,6,0,2,0,1,0,0,0,0
"POINT (6.754304691000073 51.420971925000060)",Unfall 121209 (2019) Kat:3, Licht: 0,121209,3,7,0,09,13,5,0,0,0,0,0,0,0,1
"POINT (6.687058209000043 51.382997972000055)",Unfall 121210 (2019) Kat:3, Licht: 0,121210,3,5,8,09,13,5,0,0,0,1,0,0,1,0
"POINT (6.710807747000047 51.417207619000067)",Unfall 121211 (2019) Kat:3, Licht: 2,121211,3,6,1,09,20,5,0,2,0,1,0,0,0,0
"POINT (6.742808988000036 51.527305107000075)",Unfall 121212 (2019) Kat:3, Licht: 0,121212,3,2,3,09,13,5,0,0,1,1,0,0,0,0
"POINT (6.738240650000023 51.451603011000032)",Unfall 121213 (2019) Kat:3, Licht: 0,121213,3,6,3,09,18,5,0,0,1,0,0,0,0,0
"POINT (6.777635521000036 51.437634336000031)",Unfall 121285 (2019) Kat:3, Licht: 0,121285,3,2,5,09,19,4,0,0,1,1,0,0,0,0
"POINT (6.794356583000024 51.443054431000064)",Unfall 121291 (2019) Kat:3, Licht: 0,121291,3,6,2,09,13,4,0,0,0,1,0,0,0,0
"POINT (6.759575060000032 51.508710527000062)",Unfall 121359 (2019) Kat:2, Licht: 0,121359,2,6,1,09,13,7,0,0,0,1,0,0,0,0
"POINT (6.759746440000072 51.510369722000064)",Unfall 121373 (2019) Kat:2, Licht: 0,121373,2,2,5,09,12,7,0,0,0,1,0,0,0,0
"POINT (6.780621386000064 51.375312495000060)",Unfall 121431 (2019) Kat:3, Licht: 0,121431,3,3,5,09,10,7,0,0,1,1,0,0,0,0
"POINT (6.724210230000040 51.525349210000059)",Unfall 121485 (2019) Kat:2, Licht: 0,121485,2,2,5,09,12,7,0,0,1,1,0,0,0,0
"POINT (6.698130658000025 51.451979825000080)",Unfall 121608 (2019) Kat:2, Licht: 0,121608,2,2,5,09,10,7,0,0,1,1,0,0,0,0
"POINT (6.792843076000054 51.446398027000043)",Unfall 121677 (2019) Kat:3, Licht: 0,121677,3,6,3,09,09,4,1,0,0,1,0,0,0,0
"POINT (6.757215891000044 51.527511580000066)",Unfall 121678 (2019) Kat:2, Licht: 0,121678,2,6,2,09,15,4,0,0,0,1,0,0,1,0
"POINT (6.738356014000033 51.456347786000038)",Unfall 121679 (2019) Kat:3, Licht: 2,121679,3,6,3,09,05,4,1,2,0,1,0,0,0,0
"POINT (6.799009968000064 51.450278914000080)",Unfall 121833 (2019) Kat:3, Licht: 0,121833,3,6,2,09,14,3,0,0,0,1,0,0,0,0
"POINT (6.791466490000062 51.392226910000034)",Unfall 121939 (2019) Kat:3, Licht: 0,121939,3,2,5,09,17,2,0,0,1,1,0,0,0,0
"POINT (6.756277995000062 51.437526435000052)",Unfall 121941 (2019) Kat:3, Licht: 0,121941,3,6,3,09,07,2,1,0,0,0,0,1,1,0
"POINT (6.751804876000051 51.418884698000056)",Unfall 121991 (2019) Kat:3, Licht: 0,121991,3,6,3,09,18,7,1,0,0,1,0,1,0,0
"POINT (6.770455643000048 51.420828286000074)",Unfall 122028 (2019) Kat:2, Licht: 2,122028,2,6,3,09,21,7,0,2,0,1,0,0,0,0
"POINT (6.754320644000075 51.422288611000056)",Unfall 122079 (2019) Kat:3, Licht: 2,122079,3,6,0,09,21,6,1,2,0,0,0,1,0,0
"POINT (6.699079552000057 51.452504117000046)",Unfall 122080 (2019) Kat:3, Licht: 2,122080,3,6,1,09,20,6,1,2,0,1,0,0,0,0
"POINT (6.764044399000056 51.527821274000075)",Unfall 122081 (2019) Kat:3, Licht: 0,122081,3,4,6,09,16,6,0,0,0,1,1,0,0,0
"POINT (6.742818254000042 51.525693435000051)",Unfall 122082 (2019) Kat:3, Licht: 0,122082,3,6,1,09,11,6,0,0,0,1,0,0,0,1
"POINT (6.799265166000055 51.445629028000042)",Unfall 122166 (2019) Kat:2, Licht: 0,122166,2,6,3,09,15,2,0,0,0,1,0,0,1,0
"POINT (6.799579248000043 51.484895506000043)",Unfall 122169 (2019) Kat:2, Licht: 2,122169,2,7,0,09,19,6,1,2,0,1,1,0,0,1
"POINT (6.693919011000048 51.449595945000056)",Unfall 122233 (2019) Kat:3, Licht: 2,122233,3,2,5,09,19,1,1,2,0,1,0,0,0,0
"POINT (6.755075936000026 51.425480296000046)",Unfall 122355 (2019) Kat:3, Licht: 2,122355,3,6,1,09,22,5,1,2,0,1,0,0,0,0
"POINT (6.659057194000070 51.401173128000039)",Unfall 122357 (2019) Kat:3, Licht: 0,122357,3,5,1,09,15,5,1,0,0,1,0,0,0,0
"POINT (6.696788270000070 51.419391274000077)",Unfall 122361 (2019) Kat:3, Licht: 0,122361,3,3,5,09,14,5,1,0,0,1,0,0,0,0
"POINT (6.816775838000069 51.489629567000065)",Unfall 122418 (2019) Kat:3, Licht: 0,122418,3,1,9,10,17,4,1,0,0,0,0,0,1,0
"POINT (6.735649678000073 51.377394447000029)",Unfall 122510 (2019) Kat:3, Licht: 0,122510,3,6,0,10,08,3,1,0,0,0,0,1,0,0
"POINT (6.683282524000049 51.358253711000032)",Unfall 122512 (2019) Kat:3, Licht: 2,122512,3,6,2,10,06,3,1,2,0,1,0,0,0,0
"POINT (6.770606672000042 51.413646024000059)",Unfall 122514 (2019) Kat:2, Licht: 0,122514,2,3,5,10,13,3,1,0,0,1,0,0,0,0
"POINT (6.777826208000022 51.425479736000057)",Unfall 122516 (2019) Kat:3, Licht: 2,122516,3,2,6,10,06,3,1,2,0,1,1,0,0,0
"POINT (6.677219046000062 51.417389312000068)",Unfall 122517 (2019) Kat:3, Licht: 0,122517,3,3,5,10,08,3,1,0,0,1,0,0,0,0
"POINT (6.741086830000029 51.454471825000041)",Unfall 122519 (2019) Kat:3, Licht: 1,122519,3,3,0,10,06,3,1,1,1,1,0,0,0,0
"POINT (6.797937821000062 51.497335222000061)",Unfall 122521 (2019) Kat:3, Licht: 0,122521,3,4,6,10,10,3,1,0,0,1,1,0,0,0
"POINT (6.762536877000059 51.419564336000064)",Unfall 122557 (2019) Kat:3, Licht: 0,122557,3,2,2,10,17,5,1,0,0,1,0,0,0,0
"POINT (6.748228899000026 51.442617905000077)",Unfall 122772 (2019) Kat:3, Licht: 0,122772,3,3,5,09,12,2,0,0,0,1,0,0,0,1
"POINT (6.755323722000071 51.418665730000043)",Unfall 122778 (2019) Kat:3, Licht: 0,122778,3,5,1,10,11,4,0,0,1,1,0,0,0,0
"POINT (6.774789591000058 51.437641640000038)",Unfall 122780 (2019) Kat:2, Licht: 0,122780,2,2,6,10,17,4,1,0,0,0,1,0,0,1
"POINT (6.754766243000063 51.424059016000058)",Unfall 122820 (2019) Kat:3, Licht: 0,122820,3,3,5,10,16,1,1,0,0,1,0,0,0,0
"POINT (6.768292714000040 51.503098228000056)",Unfall 122821 (2019) Kat:3, Licht: 2,122821,3,4,6,10,20,1,1,2,0,1,1,0,0,0
"POINT (6.759089243000062 51.419084622000071)",Unfall 122943 (2019) Kat:3, Licht: 0,122943,3,7,0,10,08,3,1,0,0,0,1,0,0,1
"POINT (6.775251555000068 51.420152897000037)",Unfall 122945 (2019) Kat:2, Licht: 0,122945,2,7,3,10,10,3,1,0,1,1,0,0,0,0
"POINT (6.769876921000048 51.484864183000070)",Unfall 123067 (2019) Kat:3, Licht: 2,123067,3,6,3,10,07,3,1,2,0,1,0,1,0,0
"POINT (6.738827410000056 51.537850379000076)",Unfall 123076 (2019) Kat:3, Licht: 1,123076,3,2,6,10,18,6,1,1,0,1,1,0,0,0
"POINT (6.773201995000022 51.382786539000051)",Unfall 123175 (2019) Kat:3, Licht: 1,123175,3,6,2,10,07,2,0,1,0,1,0,0,0,0
"POINT (6.766551457000048 51.490471768000077)",Unfall 123266 (2019) Kat:3, Licht: 0,123266,3,1,9,10,12,6,0,0,0,1,0,0,0,0
"POINT (6.770713262000072 51.495144639000046)",Unfall 123276 (2019) Kat:3, Licht: 0,123276,3,3,5,10,17,1,0,0,1,1,0,0,0,0
"POINT (6.759746440000072 51.510369722000064)",Unfall 123279 (2019) Kat:3, Licht: 1,123279,3,3,0,10,19,1,0,1,1,1,0,0,0,0
"POINT (6.783414401000073 51.449113223000040)",Unfall 123397 (2019) Kat:3, Licht: 1,123397,3,5,1,10,18,5,0,1,0,1,0,0,0,0
"POINT (6.748838933000059 51.498472369000069)",Unfall 123399 (2019) Kat:3, Licht: 2,123399,3,2,5,10,07,5,1,2,0,1,0,0,0,0
"POINT (6.754241790000037 51.372467948000065)",Unfall 123498 (2019) Kat:3, Licht: 1,123498,3,6,2,10,18,7,0,1,0,1,0,0,0,0
"POINT (6.789753435000023 51.432901670000035)",Unfall 123571 (2019) Kat:3, Licht: 0,123571,3,4,6,10,12,4,1,0,0,1,1,0,0,0
"POINT (6.755554086000075 51.438120851000065)",Unfall 123572 (2019) Kat:3, Licht: 0,123572,3,3,5,10,08,4,0,0,1,1,0,0,0,0
"POINT (6.733942672000069 51.470763285000032)",Unfall 123573 (2019) Kat:3, Licht: 0,123573,3,1,9,10,15,4,1,0,0,1,0,0,0,0
"POINT (6.761318242000073 51.352937140000051)",Unfall 123659 (2019) Kat:3, Licht: 0,123659,3,1,9,10,17,4,0,0,0,1,0,0,0,0
"POINT (6.773969658000056 51.385196741000073)",Unfall 123660 (2019) Kat:3, Licht: 0,123660,3,6,2,10,13,4,0,0,0,1,0,0,0,0
"POINT (6.797732890000020 51.433274327000049)",Unfall 123713 (2019) Kat:3, Licht: 0,123713,3,6,2,10,13,6,1,0,0,1,0,0,0,0
"POINT (6.680474295000067 51.413724003000027)",Unfall 123715 (2019) Kat:3, Licht: 1,123715,3,5,2,10,07,6,0,1,0,1,0,0,0,0
"POINT (6.794231096000033 51.464982531000032)",Unfall 123858 (2019) Kat:2, Licht: 0,123858,2,1,9,10,16,3,0,0,0,1,0,0,0,0
"POINT (6.758413013000052 51.527537749000032)",Unfall 123922 (2019) Kat:3, Licht: 0,123922,3,2,2,10,07,5,1,0,0,1,0,0,0,0
"POINT (6.698061638000070 51.415654004000032)",Unfall 124073 (2019) Kat:3, Licht: 0,124073,3,2,4,10,17,2,0,0,0,1,0,1,0,0
"POINT (6.791229255000076 51.447784763000072)",Unfall 124123 (2019) Kat:3, Licht: 0,124123,3,6,3,10,16,2,0,0,0,1,0,0,1,0
"POINT (6.802521166000076 51.409374183000068)",Unfall 124171 (2019) Kat:3, Licht: 0,124171,3,3,5,10,08,4,1,0,0,1,0,0,0,0
"POINT (6.775099121000039 51.437635678000049)",Unfall 124175 (2019) Kat:3, Licht: 2,124175,3,7,0,10,20,4,1,2,0,1,0,0,0,0
"POINT (6.698144827000022 51.451987654000050)",Unfall 124179 (2019) Kat:3, Licht: 0,124179,3,3,5,10,13,4,1,0,1,1,0,0,0,0
"POINT (6.751769980000063 51.390587044000029)",Unfall 124234 (2019) Kat:3, Licht: 2,124234,3,1,0,10,16,1,0,2,1,0,0,0,0,0
"POINT (6.741369926000061 51.517910786000073)",Unfall 124236 (2019) Kat:3, Licht: 0,124236,3,2,5,10,15,1,0,0,0,1,1,0,0,0
"POINT (6.735094032000063 51.469135295000058)",Unfall 124237 (2019) Kat:3, Licht: 0,124237,3,1,0,10,13,1,1,0,0,0,0,1,0,0
"POINT (6.761850819000074 51.399363961000063)",Unfall 124267 (2019) Kat:3, Licht: 0,124267,3,6,2,10,11,6,1,0,0,1,0,0,0,0
"POINT (6.791653242000052 51.478867757000046)",Unfall 124309 (2019) Kat:3, Licht: 2,124309,3,3,4,10,20,1,1,2,0,1,0,1,0,0
"POINT (6.771664779000048 51.496514553000054)",Unfall 124340 (2019) Kat:3, Licht: 0,124340,3,7,0,10,09,6,1,0,1,1,0,0,0,0
"POINT (6.710641982000027 51.402923841000074)",Unfall 124341 (2019) Kat:3, Licht: 0,124341,3,2,0,10,09,6,1,0,0,1,0,1,0,0
"POINT (6.775321507000058 51.437300436000044)",Unfall 124356 (2019) Kat:3, Licht: 2,124356,3,1,8,10,06,1,1,2,0,1,0,0,0,0
"POINT (6.814963814000066 51.488361212000029)",Unfall 124540 (2019) Kat:2, Licht: 2,124540,2,6,2,10,23,5,0,2,0,0,0,0,0,1
"POINT (6.704195477000042 51.421311846000037)",Unfall 124582 (2019) Kat:3, Licht: 2,124582,3,5,1,10,18,5,0,2,0,1,0,0,0,0
"POINT (6.698589615000060 51.461971794000078)",Unfall 124666 (2019) Kat:3, Licht: 0,124666,3,1,9,10,12,3,0,0,0,0,0,1,0,0
"POINT (6.697989409000059 51.363230067000075)",Unfall 124856 (2019) Kat:3, Licht: 2,124856,3,5,1,10,00,1,0,2,1,1,0,0,0,0
"POINT (6.785968653000055 51.419817894000062)",Unfall 124857 (2019) Kat:3, Licht: 2,124857,3,4,1,10,17,1,0,2,0,1,0,0,0,1
"POINT (6.682663717000025 51.449690557000054)",Unfall 124858 (2019) Kat:3, Licht: 0,124858,3,3,5,10,15,1,0,0,0,1,0,0,0,0
"POINT (6.757704801000045 51.375361983000062)",Unfall 124891 (2019) Kat:3, Licht: 0,124891,3,2,8,10,07,2,0,0,1,1,0,0,0,0
"POINT (6.789138842000057 51.394361073000027)",Unfall 124904 (2019) Kat:3, Licht: 2,124904,3,6,3,10,18,2,0,2,1,1,0,0,0,0
"POINT (6.767884884000068 51.419713001000048)",Unfall 124919 (2019) Kat:3, Licht: 0,124919,3,4,6,10,07,2,0,0,0,1,1,0,0,0
"POINT (6.767335347000028 51.407562034000080)",Unfall 124932 (2019) Kat:3, Licht: 2,124932,3,1,9,10,00,7,0,2,0,1,0,0,0,0
"POINT (6.786086279000074 51.422581963000027)",Unfall 124933 (2019) Kat:3, Licht: 0,124933,3,3,5,10,13,7,0,0,0,1,0,0,0,0
"POINT (6.718797123000059 51.456592250000028)",Unfall 124953 (2019) Kat:3, Licht: 0,124953,3,3,5,10,16,2,0,0,1,1,0,0,0,0
"POINT (6.741512697000076 51.514824591000036)",Unfall 124956 (2019) Kat:3, Licht: 0,124956,3,6,1,10,07,2,0,0,0,1,0,0,0,0
"POINT (6.766593942000043 51.461809600000038)",Unfall 124965 (2019) Kat:2, Licht: 0,124965,2,6,3,10,09,2,0,0,0,1,0,0,0,0
"POINT (6.674034276000043 51.437322405000032)",Unfall 125079 (2019) Kat:3, Licht: 2,125079,3,6,2,10,19,6,0,2,0,1,0,0,0,0
"POINT (6.759311959000058 51.419111020000059)",Unfall 125130 (2019) Kat:3, Licht: 1,125130,3,2,6,10,06,3,0,1,0,1,1,0,0,0
"POINT (6.754252802000053 51.527495575000046)",Unfall 125133 (2019) Kat:3, Licht: 0,125133,3,6,1,10,10,3,0,0,0,1,0,0,0,1
"POINT (6.747849331000055 51.499621304000073)",Unfall 125135 (2019) Kat:3, Licht: 0,125135,3,2,5,10,08,3,0,0,0,1,0,0,0,0
"POINT (6.807828498000049 51.412761233000026)",Unfall 125163 (2019) Kat:3, Licht: 2,125163,3,6,2,10,18,5,0,2,0,1,0,0,0,0
"POINT (6.776821742000038 51.435342462000051)",Unfall 125202 (2019) Kat:3, Licht: 2,125202,3,6,2,10,18,4,0,2,0,1,0,0,0,0
"POINT (6.791287552000028 51.448543682000036)",Unfall 125238 (2019) Kat:3, Licht: 0,125238,3,6,3,10,08,5,0,0,0,1,0,1,0,0
"POINT (6.759066953000058 51.379981058000055)",Unfall 125284 (2019) Kat:3, Licht: 2,125284,3,2,2,10,19,5,0,2,0,1,0,0,0,0
"POINT (6.738975559000039 51.483747124000047)",Unfall 125308 (2019) Kat:1, Licht: 0,125308,1,6,2,10,11,3,0,0,0,1,0,0,1,0
"POINT (6.817921492000039 51.493320871000037)",Unfall 125324 (2019) Kat:2, Licht: 0,125324,2,6,2,10,08,4,0,0,0,0,0,0,1,0
"POINT (6.675625449000052 51.419183628000042)",Unfall 125347 (2019) Kat:3, Licht: 0,125347,3,2,6,10,12,5,0,0,0,1,1,0,0,0
"POINT (6.784079447000067 51.353064524000047)",Unfall 125487 (2019) Kat:3, Licht: 0,125487,3,2,4,11,13,2,1,0,0,1,0,0,1,0
"POINT (6.759092681000027 51.381378026000050)",Unfall 125488 (2019) Kat:3, Licht: 0,125488,3,2,3,11,11,2,0,0,1,1,0,0,0,0
"POINT (6.784096895000062 51.469107121000036)",Unfall 125489 (2019) Kat:3, Licht: 0,125489,3,7,0,11,15,2,1,0,0,0,0,1,0,0
"POINT (6.770808862000024 51.483394827000041)",Unfall 125533 (2019) Kat:3, Licht: 2,125533,3,6,3,11,18,2,1,2,0,1,0,0,1,0
"POINT (6.777312869000070 51.442624501000068)",Unfall 125537 (2019) Kat:3, Licht: 0,125537,3,6,3,11,12,2,1,0,0,1,0,0,1,0
"POINT (6.815813471000070 51.499061583000071)",Unfall 125572 (2019) Kat:3, Licht: 2,125572,3,3,5,11,23,1,1,2,0,1,0,0,0,0
"POINT (6.764167361000034 51.496437199000070)",Unfall 125588 (2019) Kat:3, Licht: 2,125588,3,1,9,11,22,1,1,2,0,1,0,0,0,0
"POINT (6.763694470000075 51.501896098000032)",Unfall 125637 (2019) Kat:3, Licht: 0,125637,3,1,9,11,08,7,1,0,0,1,0,0,0,0
"POINT (6.758990972000049 51.376916585000060)",Unfall 125865 (2019) Kat:3, Licht: 0,125865,3,7,6,11,12,5,1,0,1,0,1,0,0,0
"POINT (6.806962651000049 51.430211962000044)",Unfall 125909 (2019) Kat:2, Licht: 0,125909,2,6,2,11,14,5,1,0,0,1,0,0,0,0
"POINT (6.771001215000069 51.413419141000077)",Unfall 126089 (2019) Kat:3, Licht: 0,126089,3,6,3,11,12,4,1,0,0,1,0,0,0,0
"POINT (6.748279646000071 51.361776130000067)",Unfall 126095 (2019) Kat:3, Licht: 2,126095,3,7,0,11,17,6,0,2,0,1,1,0,0,0
"POINT (6.740585238000051 51.382568961000061)",Unfall 126096 (2019) Kat:2, Licht: 0,126096,2,3,5,11,08,6,1,0,1,1,0,0,0,0
"POINT (6.760238427000047 51.374973535000038)",Unfall 126099 (2019) Kat:3, Licht: 0,126099,3,2,4,11,09,6,0,0,0,1,0,0,0,0
"POINT (6.763153651000039 51.419696649000059)",Unfall 126101 (2019) Kat:2, Licht: 2,126101,2,2,6,11,19,6,0,2,0,1,1,0,0,0
"POINT (6.761532606000060 51.444012019000070)",Unfall 126104 (2019) Kat:3, Licht: 2,126104,3,2,6,11,17,6,0,2,0,1,1,0,0,0
"POINT (6.784014169000045 51.511955401000080)",Unfall 126106 (2019) Kat:2, Licht: 0,126106,2,3,5,11,14,6,0,0,1,1,0,0,0,0
"POINT (6.765269096000054 51.472172930000056)",Unfall 126181 (2019) Kat:3, Licht: 0,126181,3,6,2,11,13,6,0,0,0,1,0,0,0,0
"POINT (6.684914771000024 51.358353291000071)",Unfall 126236 (2019) Kat:3, Licht: 0,126236,3,6,3,11,15,3,1,0,0,1,0,0,1,0
"POINT (6.762160722000033 51.419484231000069)",Unfall 126237 (2019) Kat:3, Licht: 0,126237,3,3,5,11,15,3,1,0,0,1,0,0,0,0
"POINT (6.668454001000043 51.426613338000038)",Unfall 126238 (2019) Kat:3, Licht: 0,126238,3,1,0,11,10,3,1,0,0,0,0,1,0,0
"POINT (6.782723954000062 51.467610234000063)",Unfall 126240 (2019) Kat:2, Licht: 0,126240,2,4,6,11,08,3,1,0,0,1,1,0,0,0
"POINT (6.744169105000026 51.351055811000037)",Unfall 126251 (2019) Kat:3, Licht: 1,126251,3,6,1,11,17,3,1,1,0,1,0,0,0,0
"POINT (6.775773430000072 51.426092633000053)",Unfall 126252 (2019) Kat:3, Licht: 0,126252,3,6,1,11,15,3,0,0,0,1,0,0,0,0
"POINT (6.772739517000048 51.429687363000028)",Unfall 126253 (2019) Kat:3, Licht: 0,126253,3,6,0,11,13,3,1,0,0,1,0,0,0,0
"POINT (6.910773335000044 51.130841251000049)",Unfall 126289 (2019) Kat:2, Licht: 0,126289,2,6,3,11,08,3,1,0,0,1,0,0,0,0
"POINT (6.816741487000058 51.491668407000077)",Unfall 126371 (2019) Kat:3, Licht: 2,126371,3,6,2,11,06,5,0,2,0,1,0,0,0,0
"POINT (6.770966461000057 51.497394517000032)",Unfall 126375 (2019) Kat:3, Licht: 2,126375,3,2,6,11,18,2,1,2,0,1,1,0,0,0
"POINT (6.798385328000052 51.415142310000078)",Unfall 126376 (2019) Kat:2, Licht: 0,126376,2,6,2,11,13,5,0,0,0,1,0,0,1,1
"POINT (6.758446868000021 51.527626874000077)",Unfall 126493 (2019) Kat:3, Licht: 2,126493,3,6,1,11,19,4,1,2,0,1,0,1,0,0
"POINT (6.806801534000044 51.438834734000068)",Unfall 126580 (2019) Kat:3, Licht: 2,126580,3,6,2,11,19,4,1,2,0,1,0,0,0,0
"POINT (6.780260754000040 51.423736571000063)",Unfall 126713 (2019) Kat:2, Licht: 0,126713,2,5,5,11,14,7,0,0,0,1,0,0,0,0
"POINT (6.723455674000036 51.412548797000056)",Unfall 126715 (2019) Kat:3, Licht: 1,126715,3,3,5,11,16,7,0,1,1,1,0,0,0,0
"POINT (6.818312453000033 51.494104699000047)",Unfall 126765 (2019) Kat:3, Licht: 0,126765,3,3,2,11,09,7,0,0,0,1,0,0,1,0
"POINT (6.752576380000050 51.412471843000048)",Unfall 126907 (2019) Kat:3, Licht: 0,126907,3,3,5,11,13,6,0,0,0,1,0,0,0,0
"POINT (6.762471739000034 51.434388925000064)",Unfall 126949 (2019) Kat:3, Licht: 2,126949,3,2,3,11,22,2,1,2,0,1,0,0,0,1
"POINT (6.768075449000037 51.437786376000076)",Unfall 126950 (2019) Kat:3, Licht: 2,126950,3,2,6,11,18,2,1,2,0,1,1,0,0,0
"POINT (6.760944829000039 51.432333026000038)",Unfall 126952 (2019) Kat:2, Licht: 2,126952,2,2,6,11,18,2,1,2,0,1,1,0,0,0
"POINT (6.703861643000039 51.454249945000072)",Unfall 126955 (2019) Kat:3, Licht: 0,126955,3,6,2,11,08,2,1,0,0,1,0,0,0,0
"POINT (6.706367066000041 51.420270887000072)",Unfall 126956 (2019) Kat:2, Licht: 2,126956,2,4,6,11,17,2,1,2,0,1,1,0,0,0
"POINT (6.772312559000056 51.470578843000055)",Unfall 126958 (2019) Kat:2, Licht: 1,126958,2,4,6,11,07,2,1,1,0,1,1,0,0,0
"POINT (6.743809015000068 51.511835958000063)",Unfall 126960 (2019) Kat:2, Licht: 2,126960,2,1,9,11,22,2,1,2,0,1,0,0,0,0
"POINT (6.763994067000056 51.502088644000082)",Unfall 127151 (2019) Kat:2, Licht: 0,127151,2,2,5,11,13,5,0,0,0,1,0,0,0,0
"POINT (6.765625884000031 51.378832267000064)",Unfall 127304 (2019) Kat:3, Licht: 0,127304,3,2,0,11,13,5,0,0,0,1,1,0,0,0
"POINT (6.793363598000042 51.446135233000064)",Unfall 127306 (2019) Kat:3, Licht: 2,127306,3,3,5,11,17,5,0,2,1,1,0,0,0,0
"POINT (6.719650694000052 51.534924441000044)",Unfall 127308 (2019) Kat:3, Licht: 0,127308,3,3,5,11,09,5,0,0,0,1,0,0,0,0
"POINT (6.759092681000027 51.381378026000050)",Unfall 127324 (2019) Kat:3, Licht: 0,127324,3,6,2,11,11,7,0,0,0,1,0,0,0,0