WKT,Name,OBJECTID,UKATEGORIE,UTYP1,UART,UMONAT,USTUNDE,UWOCHENTAG,STRZUSTAND,ULICHTVERH,ISTRAD,ISTPKW,ISTFUSS,ISTKRAD,ISTGKFZ,ISTSONSTIG
"POINT (6.689934280000045 51.447220471000037)",Unfall 241426 (2019) Kat:3, Licht: 0,241426,3,1,1,06,14,3,0,0,1,1,0,0,0,0
"POINT (6.701291487000049 51.365365042000064)",Unfall 241519 (2019) Kat:2, Licht: 1,241519,2,1,4,06,20,2,1,1,0,1,0,1,0,0
"POINT (6.775037275000045 51.365769613000055)",Unfall 241520 (2019) Kat:3, Licht: 0,241520,3,7,8,06,13,2,0,0,0,1,0,0,0,0
"POINT (6.760656619000031 51.416028008000069)",Unfall 241521 (2019) Kat:3, Licht: 0,241521,3,6,6,06,07,2,1,0,1,0,1,0,0,0
"POINT (6.771124494000048 51.428884904000029)",Unfall 241522 (2019) Kat:3, Licht: 0,241522,3,3,5,06,15,2,0,0,1,0,0,0,0,0
"POINT (6.723722384000041 51.405221385000061)",Unfall 241523 (2019) Kat:3, Licht: 0,241523,3,1,8,06,21,2,0,0,0,0,0,1,0,0
"POINT (6.734957723000036 51.456019550000065)",Unfall 241524 (2019) Kat:2, Licht: 0,241524,2,2,0,06,09,2,0,0,1,1,0,0,0,0
"POINT (6.796778616000040 51.416130504000080)",Unfall 241589 (2019) Kat:3, Licht: 2,241589,3,7,0,06,02,7,0,2,1,0,0,0,0,0
"POINT (6.709500040000023 51.390364601000044)",Unfall 241590 (2019) Kat:3, Licht: 0,241590,3,7,6,06,18,7,0,0,0,1,1,0,0,0
"POINT (6.754418519000069 51.529234851000069)",Unfall 241591 (2019) Kat:3, Licht: 0,241591,3,7,0,06,09,7,0,0,0,1,0,0,0,0
"POINT (6.777655393000032 51.423246743000050)",Unfall 241681 (2019) Kat:3, Licht: 0,241681,3,3,5,06,17,6,1,0,0,1,0,1,0,0
"POINT (6.697169986000063 51.449584589000040)",Unfall 241682 (2019) Kat:3, Licht: 0,241682,3,3,5,06,11,6,0,0,1,1,0,0,0,0
"POINT (6.661163487000067 51.397382103000041)",Unfall 241683 (2019) Kat:3, Licht: 0,241683,3,7,6,06,08,6,0,0,0,1,1,0,0,0
"POINT (6.692573870000047 51.416752310000049)",Unfall 241684 (2019) Kat:3, Licht: 0,241684,3,5,2,06,05,6,0,0,0,1,0,0,0,1
"POINT (6.719702129000041 51.406642746000045)",Unfall 241685 (2019) Kat:3, Licht: 0,241685,3,3,5,06,15,6,0,0,0,1,0,0,0,0
"POINT (6.713961233000021 51.548338060000049)",Unfall 241686 (2019) Kat:3, Licht: 0,241686,3,7,1,06,13,6,0,0,0,1,0,0,0,0
"POINT (6.771026246000076 51.489609198000039)",Unfall 241687 (2019) Kat:3, Licht: 0,241687,3,3,5,06,18,6,1,0,0,1,0,0,0,0
"POINT (6.783489011000029 51.499730462000059)",Unfall 241688 (2019) Kat:3, Licht: 0,241688,3,4,6,06,16,6,0,0,0,1,1,0,0,0
"POINT (6.812153379000051 51.502016727000068)",Unfall 241790 (2019) Kat:3, Licht: 0,241790,3,2,4,06,18,5,0,0,0,1,0,1,0,0
"POINT (6.755528592000076 51.421875489000058)",Unfall 241801 (2019) Kat:3, Licht: 1,241801,3,7,6,06,04,5,0,1,1,0,1,0,0,0
"POINT (6.700651295000057 51.422601372000031)",Unfall 241802 (2019) Kat:3, Licht: 0,241802,3,6,1,06,14,5,0,0,0,1,0,1,0,0
"POINT (6.747193799000058 51.490881743000045)",Unfall 241803 (2019) Kat:3, Licht: 0,241803,3,3,5,06,15,5,0,0,1,1,0,0,0,0
"POINT (6.749628184000073 51.484199217000082)",Unfall 241804 (2019) Kat:3, Licht: 0,241804,3,3,0,06,16,5,1,0,0,1,0,0,0,1
"POINT (6.742490657000076 51.448120014000040)",Unfall 241884 (2019) Kat:3, Licht: 0,241884,3,2,5,06,13,4,1,0,1,1,0,0,0,0
"POINT (6.771334311000032 51.429159683000080)",Unfall 241968 (2019) Kat:3, Licht: 0,241968,3,6,1,06,10,3,0,0,0,1,0,0,0,0
"POINT (6.692838558000062 51.458780453000031)",Unfall 241969 (2019) Kat:3, Licht: 0,241969,3,3,0,06,16,3,0,0,0,0,0,0,0,1
"POINT (6.707993301000045 51.450613496000074)",Unfall 241970 (2019) Kat:3, Licht: 0,241970,3,5,6,06,11,3,0,0,0,1,1,0,0,0
"POINT (6.722027978000028 51.529922634000059)",Unfall 241971 (2019) Kat:3, Licht: 0,241971,3,1,8,06,07,3,1,0,0,1,0,0,0,0
"POINT (6.757701913000062 51.416730123000036)",Unfall 242024 (2019) Kat:3, Licht: 0,242024,3,3,0,06,13,2,0,0,0,1,0,1,0,0
"POINT (6.702418050000063 51.415283171000056)",Unfall 242025 (2019) Kat:3, Licht: 0,242025,3,2,5,06,20,2,0,0,0,1,0,0,0,0
"POINT (6.800703340000041 51.444992160000027)",Unfall 242042 (2019) Kat:3, Licht: 0,242042,3,6,2,06,14,2,0,0,0,1,0,0,0,0
"POINT (6.806130422000024 51.396984115000066)",Unfall 242061 (2019) Kat:3, Licht: 0,242061,3,6,8,06,15,1,0,0,1,0,0,0,0,0
"POINT (6.787029047000033 51.429388098000061)",Unfall 242062 (2019) Kat:3, Licht: 2,242062,3,3,5,06,23,1,0,2,0,1,0,0,0,0
"POINT (6.717604205000043 51.412232486000050)",Unfall 242063 (2019) Kat:3, Licht: 0,242063,3,7,1,06,11,1,0,0,0,1,0,0,0,0
"POINT (6.727223391000052 51.543500523000034)",Unfall 242064 (2019) Kat:3, Licht: 0,242064,3,7,5,06,19,1,0,0,1,1,0,0,0,0
"POINT (6.728348631000074 51.457400750000033)",Unfall 242065 (2019) Kat:3, Licht: 0,242065,3,5,0,06,16,1,0,0,1,1,0,0,0,0
"POINT (6.736986722000040 51.522406199000045)",Unfall 242134 (2019) Kat:3, Licht: 2,242134,3,1,1,06,22,7,0,2,1,1,0,0,0,0
"POINT (6.705608717000075 51.447626668000055)",Unfall 242135 (2019) Kat:3, Licht: 0,242135,3,6,2,06,17,7,0,0,0,1,0,1,0,0
"POINT (6.751954232000060 51.430865369000060)",Unfall 242237 (2019) Kat:3, Licht: 0,242237,3,6,3,06,15,6,0,0,1,0,0,0,0,0
"POINT (6.695926482000061 51.415091829000062)",Unfall 242392 (2019) Kat:3, Licht: 0,242392,3,3,6,06,17,3,0,0,0,1,1,0,0,0
"POINT (6.735244077000061 51.457667030000039)",Unfall 242508 (2019) Kat:3, Licht: 2,242508,3,1,7,06,00,2,0,2,0,1,0,0,0,0
"POINT (6.779000516000053 51.495414630000028)",Unfall 242509 (2019) Kat:3, Licht: 0,242509,3,5,1,06,22,2,0,0,0,1,1,0,0,0
"POINT (6.726292739000030 51.435429182000064)",Unfall 242648 (2019) Kat:3, Licht: 0,242648,3,3,5,06,14,6,0,0,1,1,0,0,0,0
"POINT (6.697170392000032 51.449573961000056)",Unfall 242649 (2019) Kat:3, Licht: 0,242649,3,3,5,06,07,6,1,0,1,1,0,0,0,0
"POINT (6.717343533000076 51.409986087000050)",Unfall 242650 (2019) Kat:3, Licht: 0,242650,3,7,2,06,08,6,0,0,1,1,0,0,0,0
"POINT (6.744978586000059 51.525039249000031)",Unfall 242651 (2019) Kat:2, Licht: 0,242651,2,3,5,06,10,6,0,0,0,1,0,0,0,0
"POINT (6.770917847000021 51.487748812000063)",Unfall 242653 (2019) Kat:3, Licht: 0,242653,3,7,0,06,18,6,0,0,0,1,0,0,0,1
"POINT (6.798547988000053 51.495361807000052)",Unfall 242654 (2019) Kat:3, Licht: 0,242654,3,3,5,06,13,6,0,0,0,1,0,0,0,0
"POINT (6.783264643000052 51.499924772000043)",Unfall 242655 (2019) Kat:3, Licht: 0,242655,3,4,6,06,11,6,0,0,0,1,1,0,0,0
"POINT (6.733533984000076 51.369109802000025)",Unfall 242673 (2019) Kat:3, Licht: 0,242673,3,1,1,06,11,7,0,0,0,1,0,0,0,0
"POINT (6.751427038000031 51.422278357000039)",Unfall 242678 (2019) Kat:3, Licht: 0,242678,3,7,6,06,17,7,0,0,0,1,1,0,0,0
"POINT (6.770490780000046 51.524409442000035)",Unfall 242685 (2019) Kat:3, Licht: 0,242685,3,6,3,06,13,7,0,0,0,1,0,0,0,1
"POINT (6.716494046000037 51.545335444000045)",Unfall 242707 (2019) Kat:3, Licht: 0,242707,3,3,5,06,15,7,0,0,1,1,0,0,0,0
"POINT (6.721341398000050 51.539767386000051)",Unfall 242712 (2019) Kat:2, Licht: 0,242712,2,3,5,06,16,7,0,0,0,1,0,1,0,0
"POINT (6.698123655000075 51.412754687000074)",Unfall 242717 (2019) Kat:3, Licht: 0,242717,3,3,5,06,19,5,1,0,1,1,0,0,0,0
"POINT (6.698398107000060 51.397227797000028)",Unfall 242833 (2019) Kat:3, Licht: 0,242833,3,1,8,06,05,4,0,0,1,0,0,0,0,0
"POINT (6.725980622000066 51.484624917000076)",Unfall 242834 (2019) Kat:3, Licht: 0,242834,3,3,5,06,07,4,0,0,0,0,0,1,0,1
"POINT (6.799268685000072 51.430438339000034)",Unfall 242857 (2019) Kat:2, Licht: 0,242857,2,6,3,06,08,3,0,0,0,1,0,1,0,0
"POINT (6.646863986000028 51.403116539000052)",Unfall 242858 (2019) Kat:3, Licht: 0,242858,3,2,0,06,21,3,0,0,0,1,0,1,0,0
"POINT (6.711703502000034 51.394945410000048)",Unfall 242859 (2019) Kat:3, Licht: 0,242859,3,7,6,06,13,3,0,0,1,0,1,0,0,0
"POINT (6.759189987000070 51.423807463000060)",Unfall 242963 (2019) Kat:3, Licht: 2,242963,3,3,5,06,23,2,0,2,0,1,0,0,0,0
"POINT (6.659848613000065 51.397446055000046)",Unfall 242964 (2019) Kat:3, Licht: 0,242964,3,3,5,06,09,2,0,0,1,1,0,0,0,0
"POINT (6.734031089000041 51.454360083000040)",Unfall 242965 (2019) Kat:3, Licht: 0,242965,3,7,5,06,16,2,0,0,1,1,0,0,0,0
"POINT (6.744212074000075 51.501639207000039)",Unfall 242966 (2019) Kat:3, Licht: 0,242966,3,3,5,06,17,2,0,0,0,1,0,0,0,0
"POINT (6.779671438000037 51.462541446000046)",Unfall 243040 (2019) Kat:3, Licht: 2,243040,3,1,8,06,02,1,0,2,0,1,0,0,0,0
"POINT (6.768191271000035 51.376799991000041)",Unfall 243130 (2019) Kat:3, Licht: 0,243130,3,5,0,06,11,6,0,0,1,1,0,0,0,0
"POINT (6.784987533000049 51.427642872000035)",Unfall 243131 (2019) Kat:3, Licht: 0,243131,3,3,0,06,16,6,0,0,1,1,0,0,0,0
"POINT (6.728108586000076 51.543630595000081)",Unfall 243132 (2019) Kat:3, Licht: 0,243132,3,5,1,06,08,6,0,0,0,1,0,0,0,0
"POINT (6.742442519000065 51.521448620000058)",Unfall 243133 (2019) Kat:3, Licht: 0,243133,3,6,3,06,19,6,0,0,0,0,0,1,0,1
"POINT (6.792195383000035 51.495560419000071)",Unfall 243134 (2019) Kat:3, Licht: 0,243134,3,7,1,06,10,6,0,0,0,1,0,0,0,1
"POINT (6.775494461000051 51.512682180000070)",Unfall 243135 (2019) Kat:3, Licht: 0,243135,3,3,5,06,19,6,0,0,1,1,0,0,0,0
"POINT (6.762809863000030 51.492849494000041)",Unfall 243233 (2019) Kat:3, Licht: 0,243233,3,3,1,06,15,5,0,0,1,1,0,0,0,0
"POINT (6.762452345000042 51.383350346000043)",Unfall 243330 (2019) Kat:3, Licht: 0,243330,3,1,1,06,17,4,0,0,1,1,0,0,0,0
"POINT (6.698706823000066 51.407833688000039)",Unfall 243331 (2019) Kat:3, Licht: 0,243331,3,7,0,06,15,4,0,0,0,0,0,0,0,1
"POINT (6.723797043000047 51.412730201000045)",Unfall 243332 (2019) Kat:3, Licht: 0,243332,3,5,1,06,08,4,0,0,0,1,0,0,0,0
"POINT (6.718697277000047 51.539950560000079)",Unfall 243333 (2019) Kat:3, Licht: 0,243333,3,3,5,06,08,4,0,0,0,1,0,0,0,0
"POINT (6.712811602000045 51.384356120000064)",Unfall 243366 (2019) Kat:3, Licht: 0,243366,3,5,1,07,14,2,0,0,1,0,0,0,0,1
"POINT (6.749665690000029 51.484210890000043)",Unfall 243367 (2019) Kat:3, Licht: 0,243367,3,6,2,07,20,2,0,0,0,1,0,0,0,0
"POINT (6.664527782000050 51.402493842000069)",Unfall 243517 (2019) Kat:2, Licht: 2,243517,2,1,0,06,02,7,0,2,0,1,0,0,0,0
"POINT (6.699417483000048 51.400348675000032)",Unfall 243518 (2019) Kat:3, Licht: 1,243518,3,3,5,06,21,7,0,1,0,1,0,0,0,0
"POINT (6.738217309000049 51.479861129000028)",Unfall 243519 (2019) Kat:3, Licht: 0,243519,3,5,1,06,14,7,0,0,0,1,0,0,0,0
"POINT (6.745096590000060 51.527275250000059)",Unfall 243520 (2019) Kat:3, Licht: 0,243520,3,2,4,06,14,7,0,0,0,1,0,0,0,0
"POINT (6.779779402000031 51.499555434000058)",Unfall 243521 (2019) Kat:3, Licht: 0,243521,3,3,5,06,13,7,0,0,1,1,0,0,0,0
"POINT (6.754338066000059 51.503815866000082)",Unfall 243522 (2019) Kat:3, Licht: 0,243522,3,2,3,06,14,7,0,0,1,1,0,0,0,0
"POINT (6.753371336000043 51.393602548000047)",Unfall 243668 (2019) Kat:3, Licht: 0,243668,3,2,0,07,14,4,0,0,1,1,0,0,0,0
"POINT (6.746660375000033 51.507997714000055)",Unfall 243669 (2019) Kat:3, Licht: 0,243669,3,4,0,07,20,4,0,0,0,1,1,0,0,0
"POINT (6.758649731000048 51.503168225000081)",Unfall 243671 (2019) Kat:2, Licht: 0,243671,2,1,0,07,11,4,0,0,1,0,0,0,0,0
"POINT (6.747860830000036 51.417001192000043)",Unfall 243771 (2019) Kat:3, Licht: 0,243771,3,2,5,07,14,3,0,0,0,1,0,0,0,0
"POINT (6.772052637000058 51.466054329000031)",Unfall 243772 (2019) Kat:3, Licht: 0,243772,3,7,3,07,20,3,0,0,0,1,0,0,0,0
"POINT (6.758022768000046 51.504281346000027)",Unfall 243773 (2019) Kat:3, Licht: 0,243773,3,3,5,07,18,3,0,0,1,1,0,0,0,0
"POINT (6.766847707000068 51.415648788000055)",Unfall 243895 (2019) Kat:3, Licht: 2,243895,3,4,6,07,01,7,0,2,0,1,1,0,0,0
"POINT (6.721066978000067 51.409483799000043)",Unfall 243975 (2019) Kat:2, Licht: 0,243975,2,3,5,07,20,6,0,0,1,1,0,0,0,0
"POINT (6.711157479000065 51.404406503000075)",Unfall 243976 (2019) Kat:3, Licht: 0,243976,3,6,3,07,07,6,0,0,0,1,0,0,0,0
"POINT (6.740790697000023 51.476614218000066)",Unfall 243977 (2019) Kat:3, Licht: 0,243977,3,3,5,07,14,6,0,0,0,1,0,0,0,0
"POINT (6.753218472000071 51.438466761000029)",Unfall 244091 (2019) Kat:3, Licht: 0,244091,3,5,1,07,07,5,0,0,1,1,0,0,0,0
"POINT (6.771214450000059 51.429002713000045)",Unfall 244120 (2019) Kat:3, Licht: 0,244120,3,6,1,07,17,4,1,0,0,1,0,0,0,0
"POINT (6.773148442000036 51.523229120000053)",Unfall 244121 (2019) Kat:3, Licht: 0,244121,3,3,5,07,14,4,0,0,1,1,0,0,0,0
"POINT (6.701922869000043 51.382661808000080)",Unfall 244122 (2019) Kat:3, Licht: 0,244122,3,4,6,07,13,4,0,0,0,1,1,0,0,0
"POINT (6.820496410000033 51.494900629000028)",Unfall 244294 (2019) Kat:3, Licht: 0,244294,3,6,8,07,14,2,0,0,0,1,0,0,0,0
"POINT (6.805672738000055 51.471758900000054)",Unfall 244359 (2019) Kat:3, Licht: 0,244359,3,6,4,07,20,1,0,0,1,0,0,0,0,0
"POINT (6.747142495000048 51.419781139000065)",Unfall 244402 (2019) Kat:3, Licht: 0,244402,3,3,5,07,14,7,0,0,0,1,0,0,0,0
"POINT (6.769224479000059 51.465107960000068)",Unfall 244403 (2019) Kat:3, Licht: 0,244403,3,3,5,07,13,7,0,0,1,1,0,0,0,0
"POINT (6.725000603000069 51.543449221000060)",Unfall 244479 (2019) Kat:3, Licht: 0,244479,3,2,4,07,11,6,1,0,0,1,0,1,0,0
"POINT (6.733391000000040 51.478686169000071)",Unfall 244498 (2019) Kat:3, Licht: 0,244498,3,3,5,07,12,1,0,0,1,1,0,0,0,0
"POINT (6.782724932000065 51.500303877000079)",Unfall 244559 (2019) Kat:3, Licht: 0,244559,3,4,6,07,13,5,0,0,0,1,1,0,0,0
"POINT (6.777489369000023 51.447167915000080)",Unfall 244624 (2019) Kat:3, Licht: 0,244624,3,1,8,07,16,1,0,0,0,1,0,0,0,0
"POINT (6.772782702000029 51.431435736000026)",Unfall 244678 (2019) Kat:3, Licht: 1,244678,3,3,0,07,05,5,0,1,1,1,0,0,0,0
"POINT (6.745027747000052 51.525046964000069)",Unfall 244810 (2019) Kat:3, Licht: 0,244810,3,7,1,07,14,3,0,0,0,0,0,1,0,1
"POINT (6.726237940000033 51.468450971000038)",Unfall 244870 (2019) Kat:3, Licht: 0,244870,3,4,6,07,19,2,0,0,0,1,1,0,0,0
"POINT (6.805288541000039 51.492873302000078)",Unfall 244871 (2019) Kat:3, Licht: 1,244871,3,7,5,07,20,2,0,1,1,0,0,0,0,0
"POINT (6.760759249000046 51.403035306000049)",Unfall 244965 (2019) Kat:3, Licht: 0,244965,3,3,5,07,15,2,0,0,0,1,0,0,0,0
"POINT (6.745426441000063 51.379480630000046)",Unfall 245019 (2019) Kat:3, Licht: 0,245019,3,6,4,07,16,3,0,0,0,1,0,0,0,0
"POINT (6.784604048000062 51.436105793000081)",Unfall 245035 (2019) Kat:3, Licht: 0,245035,3,3,5,07,14,3,0,0,0,1,0,0,0,0
"POINT (6.760421799000028 51.415947044000063)",Unfall 245076 (2019) Kat:3, Licht: 0,245076,3,7,6,07,09,7,0,0,0,1,1,0,0,0
"POINT (6.745489199000076 51.525120924000078)",Unfall 245077 (2019) Kat:3, Licht: 0,245077,3,5,0,07,18,7,0,0,0,1,0,1,0,0
"POINT (6.761918741000045 51.464887294000050)",Unfall 245078 (2019) Kat:3, Licht: 0,245078,3,3,5,07,17,7,0,0,1,1,0,0,0,0
"POINT (6.796836341000073 51.425999282000078)",Unfall 245195 (2019) Kat:3, Licht: 0,245195,3,3,5,07,13,6,0,0,1,1,0,0,0,0
"POINT (6.688758201000042 51.386547648000032)",Unfall 245196 (2019) Kat:3, Licht: 0,245196,3,3,5,07,10,6,0,0,1,1,0,0,0,0
"POINT (6.673199987000032 51.394840744000078)",Unfall 245312 (2019) Kat:3, Licht: 0,245312,3,7,1,07,18,7,1,0,0,1,1,0,0,0
"POINT (6.782437462000075 51.500440454000056)",Unfall 245317 (2019) Kat:3, Licht: 0,245317,3,5,1,07,19,7,1,0,1,1,0,0,0,0
"POINT (6.741184406000059 51.432264172000032)",Unfall 245363 (2019) Kat:3, Licht: 0,245363,3,5,1,07,12,4,0,0,0,1,0,0,0,0
"POINT (6.710171962000061 51.457447131000038)",Unfall 245364 (2019) Kat:3, Licht: 0,245364,3,2,5,07,20,4,0,0,0,1,0,1,0,0
"POINT (6.713477241000021 51.406028361000040)",Unfall 245478 (2019) Kat:3, Licht: 0,245478,3,3,7,07,16,4,0,0,0,1,0,1,0,0
"POINT (6.758603992000076 51.472186380000039)",Unfall 245479 (2019) Kat:3, Licht: 0,245479,3,2,0,07,09,4,0,0,1,0,0,1,0,0
"POINT (6.762060418000033 51.433884808000073)",Unfall 245536 (2019) Kat:3, Licht: 0,245536,3,3,5,07,16,3,0,0,1,0,0,0,0,1
"POINT (6.715479889000051 51.415190205000044)",Unfall 245537 (2019) Kat:3, Licht: 0,245537,3,7,3,07,14,3,0,0,1,1,0,0,0,0
"POINT (6.728651610000043 51.435375980000060)",Unfall 245604 (2019) Kat:3, Licht: 0,245604,3,7,5,07,11,2,0,0,0,1,0,0,0,0
"POINT (6.772136403000047 51.438908497000057)",Unfall 245605 (2019) Kat:3, Licht: 0,245605,3,5,0,07,10,2,0,0,1,1,0,0,0,0
"POINT (6.768467744000077 51.429247213000053)",Unfall 245826 (2019) Kat:3, Licht: 0,245826,3,7,0,08,11,6,0,0,1,1,0,0,0,0
"POINT (6.778756096000052 51.432072043000062)",Unfall 245827 (2019) Kat:2, Licht: 0,245827,2,6,3,08,13,6,0,0,1,0,0,0,1,0
"POINT (6.785547571000052 51.430951374000074)",Unfall 245924 (2019) Kat:3, Licht: 0,245924,3,7,0,08,11,5,0,0,1,1,0,0,0,0
"POINT (6.696083170000065 51.457027782000068)",Unfall 245925 (2019) Kat:3, Licht: 0,245925,3,7,1,08,16,5,0,0,0,1,0,1,0,0
"POINT (6.695792099000073 51.363802956000029)",Unfall 245932 (2019) Kat:3, Licht: 2,245932,3,1,8,08,23,6,1,2,0,1,0,0,0,0
"POINT (6.681437837000033 51.449697041000036)",Unfall 245933 (2019) Kat:3, Licht: 0,245933,3,2,3,08,12,6,1,0,1,1,0,0,0,0
"POINT (6.782551197000032 51.500337305000073)",Unfall 245934 (2019) Kat:3, Licht: 1,245934,3,1,0,08,20,6,1,1,0,0,0,1,0,0
"POINT (6.749185377000060 51.507340246000069)",Unfall 245935 (2019) Kat:3, Licht: 0,245935,3,7,3,08,12,6,0,0,0,1,0,0,0,0
"POINT (6.765460967000024 51.431216509000080)",Unfall 245996 (2019) Kat:3, Licht: 0,245996,3,6,2,08,15,5,0,0,0,1,0,0,0,0
"POINT (6.679235508000033 51.455411176000041)",Unfall 246121 (2019) Kat:3, Licht: 0,246121,3,3,0,08,14,3,0,0,1,1,0,0,0,0
"POINT (6.791583809000031 51.392248095000070)",Unfall 246180 (2019) Kat:3, Licht: 0,246180,3,1,4,08,11,2,0,0,0,1,0,0,0,0
"POINT (6.750802170000043 51.423568415000034)",Unfall 246181 (2019) Kat:3, Licht: 1,246181,3,3,5,08,21,2,0,1,1,1,0,0,0,0
"POINT (6.770055544000059 51.470506343000068)",Unfall 246182 (2019) Kat:3, Licht: 0,246182,3,7,0,08,16,2,0,0,1,1,0,0,0,0
"POINT (6.790388595000025 51.416991794000069)",Unfall 246215 (2019) Kat:3, Licht: 0,246215,3,6,1,08,18,3,1,0,0,1,0,0,0,0
"POINT (6.801779743000054 51.503928656000028)",Unfall 246216 (2019) Kat:3, Licht: 0,246216,3,1,8,08,13,3,1,0,0,1,0,0,0,0
"POINT (6.747862547000068 51.441136838000034)",Unfall 246285 (2019) Kat:3, Licht: 0,246285,3,3,0,08,16,2,0,0,1,1,0,0,0,0
"POINT (6.775394268000071 51.473925336000036)",Unfall 246286 (2019) Kat:3, Licht: 0,246286,3,3,5,08,17,2,1,0,1,1,0,0,0,0
"POINT (6.763336237000033 51.423405006000053)",Unfall 246374 (2019) Kat:3, Licht: 0,246374,3,3,5,08,16,7,0,0,0,1,0,0,0,0
"POINT (6.735272664000036 51.455473777000066)",Unfall 246375 (2019) Kat:3, Licht: 2,246375,3,1,0,08,22,7,0,2,1,0,0,0,0,0
"POINT (6.759418953000022 51.415654990000064)",Unfall 246450 (2019) Kat:3, Licht: 0,246450,3,2,5,08,19,1,0,0,1,1,0,0,0,0
"POINT (6.714416006000022 51.455223200000034)",Unfall 246494 (2019) Kat:3, Licht: 2,246494,3,1,1,08,00,7,1,2,1,1,0,0,0,0
"POINT (6.710833363000063 51.536670738000055)",Unfall 246495 (2019) Kat:3, Licht: 0,246495,3,1,0,08,13,7,1,0,1,0,0,0,0,0
"POINT (6.762172988000032 51.406360920000054)",Unfall 246539 (2019) Kat:3, Licht: 0,246539,3,7,9,08,19,6,0,0,1,0,0,0,0,0
"POINT (6.785114153000052 51.435861990000035)",Unfall 246540 (2019) Kat:3, Licht: 0,246540,3,7,0,08,07,6,0,0,0,0,0,0,0,1
"POINT (6.754676342000039 51.469390849000035)",Unfall 246541 (2019) Kat:3, Licht: 0,246541,3,5,5,08,14,6,0,0,0,1,0,1,0,0
"POINT (6.705909625000061 51.405697610000061)",Unfall 246614 (2019) Kat:3, Licht: 0,246614,3,3,0,08,16,5,0,0,1,1,0,0,0,0
"POINT (6.773607655000035 51.500216177000027)",Unfall 246615 (2019) Kat:3, Licht: 2,246615,3,1,7,08,01,5,1,2,0,1,0,0,0,1
"POINT (6.744212074000075 51.501639207000039)",Unfall 246617 (2019) Kat:3, Licht: 0,246617,3,2,4,08,18,5,0,0,0,1,0,0,0,0
"POINT (6.737581172000034 51.359497161000036)",Unfall 246682 (2019) Kat:3, Licht: 0,246682,3,6,1,08,13,4,0,0,0,1,0,0,0,0
"POINT (6.777430864000053 51.431924235000054)",Unfall 246683 (2019) Kat:3, Licht: 0,246683,3,7,0,08,11,4,0,0,0,0,1,0,0,1
"POINT (6.692529910000076 51.406230960000073)",Unfall 246684 (2019) Kat:3, Licht: 2,246684,3,1,1,08,02,4,0,2,0,1,0,0,0,0
"POINT (6.772599252000020 51.491957096000078)",Unfall 246718 (2019) Kat:3, Licht: 0,246718,3,3,5,08,13,6,0,0,0,1,0,1,0,0
"POINT (6.751485303000038 51.500232279000045)",Unfall 246727 (2019) Kat:3, Licht: 0,246727,3,5,3,08,14,6,0,0,1,1,0,0,0,0
"POINT (6.760899933000076 51.410609218000047)",Unfall 246775 (2019) Kat:2, Licht: 0,246775,2,5,1,08,07,5,0,0,0,1,0,0,1,0
"POINT (6.794082108000055 51.419237699000064)",Unfall 246776 (2019) Kat:3, Licht: 0,246776,3,3,5,08,16,5,0,0,1,1,0,0,0,0
"POINT (6.746968526000046 51.443465407000076)",Unfall 246777 (2019) Kat:3, Licht: 0,246777,3,4,6,08,08,5,0,0,0,1,1,0,0,0
"POINT (6.707896285000061 51.434997380000027)",Unfall 246778 (2019) Kat:3, Licht: 0,246778,3,3,5,08,11,5,0,0,1,1,0,0,0,0
"POINT (6.757580404000066 51.501801129000057)",Unfall 246813 (2019) Kat:3, Licht: 0,246813,3,7,4,08,15,6,0,0,1,0,0,0,0,0
"POINT (6.759060600000055 51.397461363000048)",Unfall 246845 (2019) Kat:3, Licht: 1,246845,3,7,0,08,21,4,0,1,1,0,0,0,0,0
"POINT (6.761979846000031 51.415299446000063)",Unfall 246846 (2019) Kat:3, Licht: 0,246846,3,3,5,08,15,4,0,0,1,1,0,0,0,0
"POINT (6.773725522000063 51.489712930000053)",Unfall 246848 (2019) Kat:3, Licht: 0,246848,3,2,4,08,20,4,0,0,0,1,0,0,0,0
"POINT (6.667680354000027 51.419641211000055)",Unfall 246922 (2019) Kat:3, Licht: 0,246922,3,1,9,08,17,6,0,0,0,1,0,0,0,0
"POINT (6.752194611000050 51.386801132000073)",Unfall 247015 (2019) Kat:3, Licht: 0,247015,3,2,2,08,14,2,0,0,0,1,0,1,0,0
"POINT (6.765460967000024 51.431216509000080)",Unfall 247149 (2019) Kat:3, Licht: 2,247149,3,7,0,08,22,7,0,2,0,0,0,0,0,1
"POINT (6.778805301000034 51.432121539000036)",Unfall 247150 (2019) Kat:3, Licht: 2,247150,3,7,9,08,03,7,0,2,1,0,0,0,0,0
"POINT (6.783032792000029 51.411042511000062)",Unfall 247151 (2019) Kat:3, Licht: 0,247151,3,2,3,08,09,7,0,0,1,0,0,0,0,1
"POINT (6.717979434000029 51.406491162000066)",Unfall 247152 (2019) Kat:3, Licht: 0,247152,3,2,2,08,19,7,0,0,1,1,0,0,0,0