WKT,Name,OBJECTID,UKATEGORIE,UTYP1,UART,UMONAT,USTUNDE,UWOCHENTAG,STRZUSTAND,ULICHTVERH,ISTRAD,ISTPKW,ISTFUSS,ISTKRAD,ISTGKFZ,ISTSONSTIG
"POINT (6.749222391000046 51.424389037000026)",Unfall 247236 (2019) Kat:3, Licht: 0,247236,3,2,4,08,18,6,0,0,1,1,0,0,0,0
"POINT (6.719905572000073 51.411130796000066)",Unfall 247237 (2019) Kat:3, Licht: 0,247237,3,4,6,08,14,6,0,0,0,1,1,0,0,0
"POINT (6.758916991000035 51.427005818000055)",Unfall 247405 (2019) Kat:3, Licht: 0,247405,3,6,3,08,08,4,0,0,1,1,0,0,0,0
"POINT (6.769103925000024 51.440009292000070)",Unfall 247406 (2019) Kat:3, Licht: 0,247406,3,7,0,08,13,4,0,0,1,0,0,0,0,0
"POINT (6.718838598000048 51.456576856000027)",Unfall 247407 (2019) Kat:3, Licht: 0,247407,3,7,8,08,16,4,0,0,1,0,0,0,0,0
"POINT (6.757396505000031 51.464494981000030)",Unfall 247408 (2019) Kat:2, Licht: 0,247408,2,6,1,08,17,4,0,0,0,1,0,1,0,0
"POINT (6.795780944000057 51.463829690000068)",Unfall 247488 (2019) Kat:3, Licht: 2,247488,3,1,3,08,20,3,0,2,1,0,0,0,0,0
"POINT (6.783262167000032 51.499927001000060)",Unfall 247489 (2019) Kat:3, Licht: 0,247489,3,3,5,08,11,3,0,0,0,1,0,0,0,0
"POINT (6.688564532000044 51.396522097000059)",Unfall 247546 (2019) Kat:3, Licht: 0,247546,3,5,1,09,18,2,0,0,0,1,0,0,0,0
"POINT (6.756992253000021 51.504987196000059)",Unfall 247606 (2019) Kat:3, Licht: 0,247606,3,3,5,09,18,1,0,0,1,1,0,0,0,0
"POINT (6.742982059000042 51.373133714000062)",Unfall 247690 (2019) Kat:2, Licht: 2,247690,2,7,0,08,23,7,0,2,1,0,0,0,0,0
"POINT (6.707953258000032 51.523662333000061)",Unfall 247691 (2019) Kat:2, Licht: 0,247691,2,1,8,08,19,7,0,0,0,0,0,1,0,0
"POINT (6.741672348000066 51.475213087000043)",Unfall 247692 (2019) Kat:3, Licht: 0,247692,3,7,2,08,11,7,0,0,0,1,0,1,0,0
"POINT (6.754792271000042 51.424045404000026)",Unfall 247773 (2019) Kat:3, Licht: 0,247773,3,4,6,09,13,6,0,0,1,0,1,0,0,0
"POINT (6.729180700000029 51.408179360000076)",Unfall 247774 (2019) Kat:3, Licht: 0,247774,3,6,2,09,13,6,0,0,0,1,0,0,0,0
"POINT (6.760509109000054 51.423669128000029)",Unfall 247775 (2019) Kat:3, Licht: 0,247775,3,2,5,09,15,6,0,0,0,1,0,1,0,0
"POINT (6.688291881000055 51.448870353000075)",Unfall 247776 (2019) Kat:3, Licht: 0,247776,3,5,0,09,18,6,0,0,0,1,0,0,0,1
"POINT (6.748108953000042 51.423387808000030)",Unfall 247853 (2019) Kat:3, Licht: 0,247853,3,4,6,09,13,5,0,0,0,1,1,0,0,0
"POINT (6.778993811000021 51.368218818000059)",Unfall 247920 (2019) Kat:3, Licht: 0,247920,3,4,6,09,07,4,0,0,0,1,1,0,0,0
"POINT (6.683933851000063 51.450902514000063)",Unfall 247921 (2019) Kat:3, Licht: 0,247921,3,2,5,09,11,4,0,0,0,1,1,0,0,0
"POINT (6.782685296000068 51.500323516000037)",Unfall 247922 (2019) Kat:3, Licht: 0,247922,3,6,0,09,16,4,0,0,0,1,0,0,0,1
"POINT (6.745043634000069 51.528978888000040)",Unfall 247977 (2019) Kat:3, Licht: 0,247977,3,5,1,09,08,3,0,0,1,1,0,0,0,0
"POINT (6.749607804000050 51.503713834000052)",Unfall 247984 (2019) Kat:3, Licht: 0,247984,3,7,3,09,15,3,0,0,0,1,0,1,0,0
"POINT (6.774226268000064 51.490696539000055)",Unfall 248052 (2019) Kat:3, Licht: 0,248052,3,7,0,09,10,3,0,0,0,0,1,0,0,1
"POINT (6.708398467000052 51.450718367000036)",Unfall 248115 (2019) Kat:3, Licht: 0,248115,3,7,4,09,10,2,0,0,1,1,0,0,0,0
"POINT (6.791233347000059 51.413549411000076)",Unfall 248159 (2019) Kat:3, Licht: 0,248159,3,3,5,09,17,1,0,0,1,1,0,0,0,0
"POINT (6.722283659000027 51.412345154000036)",Unfall 248214 (2019) Kat:3, Licht: 0,248214,3,3,5,09,11,7,0,0,1,1,0,0,0,0
"POINT (6.738496124000051 51.454585531000077)",Unfall 248215 (2019) Kat:3, Licht: 1,248215,3,1,0,09,10,7,1,1,0,0,0,1,0,0
"POINT (6.750860641000031 51.503052512000068)",Unfall 248382 (2019) Kat:3, Licht: 0,248382,3,4,6,09,18,5,0,0,0,1,1,0,0,0
"POINT (6.755690009000034 51.426859434000050)",Unfall 248470 (2019) Kat:3, Licht: 0,248470,3,7,0,09,10,4,0,0,0,0,0,0,0,1
"POINT (6.762269881000066 51.434308681000061)",Unfall 248471 (2019) Kat:3, Licht: 0,248471,3,2,4,09,16,4,1,0,0,1,0,0,0,0
"POINT (6.755860530000064 51.431394094000041)",Unfall 248472 (2019) Kat:3, Licht: 0,248472,3,6,3,09,15,4,1,0,0,1,0,0,0,0
"POINT (6.695167649000041 51.453992824000068)",Unfall 248473 (2019) Kat:3, Licht: 0,248473,3,7,7,09,07,4,0,0,0,1,0,0,0,0
"POINT (6.722106554000050 51.353532657000073)",Unfall 248571 (2019) Kat:3, Licht: 0,248571,3,1,0,09,16,3,0,0,1,0,0,0,0,0
"POINT (6.753267064000056 51.431359119000035)",Unfall 248623 (2019) Kat:3, Licht: 0,248623,3,4,6,09,15,2,1,0,0,1,1,0,0,0
"POINT (6.772946577000027 51.465972357000055)",Unfall 248624 (2019) Kat:2, Licht: 1,248624,2,4,6,09,13,2,1,1,0,1,1,0,0,0
"POINT (6.742262452000034 51.383338459000072)",Unfall 248689 (2019) Kat:3, Licht: 0,248689,3,2,3,09,10,1,0,0,1,1,0,0,0,0
"POINT (6.702773185000069 51.392443276000051)",Unfall 248690 (2019) Kat:3, Licht: 0,248690,3,7,0,09,16,1,0,0,1,0,0,0,0,0
"POINT (6.683266548000063 51.358271149000075)",Unfall 248754 (2019) Kat:3, Licht: 1,248754,3,7,1,09,19,7,0,1,0,1,0,1,0,0
"POINT (6.751153211000030 51.500540307000051)",Unfall 248755 (2019) Kat:3, Licht: 0,248755,3,3,5,09,14,7,0,0,0,1,0,0,0,0
"POINT (6.753642953000053 51.432733100000064)",Unfall 248833 (2019) Kat:3, Licht: 0,248833,3,3,5,09,14,6,0,0,0,1,0,1,0,0
"POINT (6.760802032000072 51.432429745000036)",Unfall 248834 (2019) Kat:3, Licht: 0,248834,3,2,5,09,14,6,0,0,0,1,0,0,0,0
"POINT (6.728306479000025 51.400611154000046)",Unfall 248835 (2019) Kat:3, Licht: 1,248835,3,6,4,09,06,6,0,1,1,0,0,0,0,0
"POINT (6.714031998000053 51.413426789000027)",Unfall 248836 (2019) Kat:3, Licht: 0,248836,3,3,4,09,11,6,0,0,1,1,0,0,0,0
"POINT (6.775203669000064 51.390153479000048)",Unfall 248944 (2019) Kat:3, Licht: 0,248944,3,6,2,09,14,5,0,0,1,1,0,0,0,0
"POINT (6.693163710000022 51.411359955000080)",Unfall 248945 (2019) Kat:3, Licht: 1,248945,3,7,5,09,19,5,0,1,1,1,0,0,0,0
"POINT (6.719712924000021 51.406629496000050)",Unfall 249030 (2019) Kat:3, Licht: 0,249030,3,2,5,09,16,4,0,0,1,1,0,0,0,0
"POINT (6.780568506000066 51.499744603000067)",Unfall 249031 (2019) Kat:3, Licht: 0,249031,3,5,1,09,13,4,0,0,1,1,0,0,0,0
"POINT (6.752319344000057 51.505080321000037)",Unfall 249032 (2019) Kat:3, Licht: 0,249032,3,6,0,09,16,4,0,0,1,0,0,0,0,0
"POINT (6.755557228000043 51.402416676000030)",Unfall 249047 (2019) Kat:3, Licht: 0,249047,3,5,1,09,16,3,0,0,1,1,0,0,0,0
"POINT (6.753810143000067 51.431707246000030)",Unfall 249048 (2019) Kat:3, Licht: 0,249048,3,7,6,09,08,3,0,0,0,0,1,0,0,1
"POINT (6.721248423000077 51.539862488000040)",Unfall 249049 (2019) Kat:3, Licht: 0,249049,3,5,0,09,10,3,0,0,0,1,0,1,0,0
"POINT (6.742997508000030 51.372673044000067)",Unfall 249138 (2019) Kat:2, Licht: 0,249138,2,3,5,09,12,2,0,0,0,1,0,0,0,0
"POINT (6.696083170000065 51.457027782000068)",Unfall 249139 (2019) Kat:3, Licht: 0,249139,3,3,5,09,09,2,1,0,0,1,0,1,0,0
"POINT (6.779717056000038 51.499553377000041)",Unfall 249206 (2019) Kat:3, Licht: 0,249206,3,3,0,09,09,1,0,0,0,1,0,0,0,1
"POINT (6.760871915000053 51.500253185000076)",Unfall 249280 (2019) Kat:3, Licht: 0,249280,3,3,1,09,14,7,0,0,0,1,0,0,0,0
"POINT (6.704579245000048 51.428218057000038)",Unfall 249346 (2019) Kat:2, Licht: 0,249346,2,3,5,09,13,6,0,0,0,1,0,0,0,0
"POINT (6.751129911000021 51.400962369000069)",Unfall 249447 (2019) Kat:3, Licht: 0,249447,3,4,6,09,13,5,1,0,0,1,1,0,0,0
"POINT (6.764350476000061 51.493927001000031)",Unfall 249448 (2019) Kat:3, Licht: 0,249448,3,2,2,09,18,5,1,0,0,1,0,0,0,0
"POINT (6.755151535000039 51.404648857000041)",Unfall 249529 (2019) Kat:3, Licht: 1,249529,3,7,6,09,19,4,0,1,1,0,1,0,0,0
"POINT (6.751808198000049 51.418894428000044)",Unfall 249530 (2019) Kat:3, Licht: 0,249530,3,2,4,09,11,4,0,0,0,1,0,0,0,1
"POINT (6.770265703000064 51.442735187000039)",Unfall 249531 (2019) Kat:3, Licht: 0,249531,3,5,1,09,16,4,0,0,0,1,0,0,0,0
"POINT (6.783750228000031 51.471750403000044)",Unfall 249533 (2019) Kat:2, Licht: 2,249533,2,3,5,09,19,4,0,2,1,1,0,0,0,0
"POINT (6.777081440000075 51.402776776000053)",Unfall 249668 (2019) Kat:3, Licht: 0,249668,3,3,5,10,14,3,1,0,0,1,0,0,0,0
"POINT (6.760054056000058 51.416761604000044)",Unfall 249669 (2019) Kat:3, Licht: 0,249669,3,7,0,10,08,3,1,0,0,0,1,0,0,1
"POINT (6.676883985000075 51.417332030000068)",Unfall 249671 (2019) Kat:3, Licht: 0,249671,3,6,3,10,17,3,1,0,1,1,0,0,0,0
"POINT (6.666102280000075 51.474537519000080)",Unfall 249749 (2019) Kat:3, Licht: 0,249749,3,2,5,09,12,2,1,0,0,1,0,0,0,0
"POINT (6.742888203000064 51.367720655000028)",Unfall 249782 (2019) Kat:2, Licht: 2,249782,2,3,6,09,20,1,1,2,0,0,1,0,0,1
"POINT (6.772507696000048 51.489610844000026)",Unfall 249846 (2019) Kat:3, Licht: 0,249846,3,2,0,10,15,2,0,0,0,1,0,1,0,0
"POINT (6.720434629000067 51.405751987000031)",Unfall 249899 (2019) Kat:2, Licht: 0,249899,2,3,5,10,15,1,1,0,1,1,0,0,0,0
"POINT (6.735281717000021 51.455392843000027)",Unfall 249944 (2019) Kat:2, Licht: 2,249944,2,1,0,10,21,7,0,2,1,0,0,0,0,0
"POINT (6.737656895000043 51.433997094000063)",Unfall 250021 (2019) Kat:3, Licht: 2,250021,3,3,5,10,23,6,1,2,0,1,0,0,0,0
"POINT (6.795921094000050 51.491113017000032)",Unfall 250023 (2019) Kat:3, Licht: 0,250023,3,2,5,10,13,6,1,0,0,1,0,0,0,0
"POINT (6.777664974000061 51.501748564000081)",Unfall 250024 (2019) Kat:2, Licht: 0,250024,2,1,6,10,17,6,1,0,0,1,1,0,0,0
"POINT (6.730897580000033 51.463147177000053)",Unfall 250058 (2019) Kat:3, Licht: 0,250058,3,4,0,10,13,5,0,0,1,1,0,0,0,1
"POINT (6.683949214000052 51.450948441000037)",Unfall 250097 (2019) Kat:3, Licht: 0,250097,3,3,5,10,08,3,1,0,0,1,0,1,0,0
"POINT (6.731926773000055 51.407336703000055)",Unfall 250129 (2019) Kat:3, Licht: 0,250129,3,5,0,10,14,6,0,0,1,1,0,0,0,0
"POINT (6.788159458000052 51.436985844000048)",Unfall 250342 (2019) Kat:3, Licht: 0,250342,3,5,3,10,12,3,1,0,1,1,0,0,0,0
"POINT (6.746827773000064 51.380524797000078)",Unfall 250408 (2019) Kat:2, Licht: 2,250408,2,4,6,10,19,3,1,2,0,1,1,0,0,0
"POINT (6.698495651000030 51.399717218000035)",Unfall 250409 (2019) Kat:3, Licht: 2,250409,3,6,4,10,19,3,1,2,1,1,0,0,0,0
"POINT (6.735274518000040 51.455457196000054)",Unfall 250410 (2019) Kat:2, Licht: 2,250410,2,1,0,10,18,3,1,2,1,0,0,0,0,0
"POINT (6.747866350000038 51.416997784000046)",Unfall 250482 (2019) Kat:3, Licht: 0,250482,3,3,5,10,17,2,0,0,0,1,0,1,0,0
"POINT (6.679970838000031 51.394086035000043)",Unfall 250483 (2019) Kat:3, Licht: 2,250483,3,1,1,10,01,2,1,2,1,1,0,0,0,0
"POINT (6.798873629000070 51.394701005000059)",Unfall 250567 (2019) Kat:3, Licht: 0,250567,3,7,6,10,11,7,0,0,0,1,1,0,0,0
"POINT (6.783914335000077 51.435390399000028)",Unfall 250568 (2019) Kat:3, Licht: 0,250568,3,5,3,10,14,7,0,0,1,1,0,0,0,0
"POINT (6.732565861000069 51.535891476000074)",Unfall 250646 (2019) Kat:3, Licht: 0,250646,3,6,2,10,14,7,1,0,0,1,0,0,0,0
"POINT (6.801286838000067 51.497300390000078)",Unfall 250647 (2019) Kat:3, Licht: 0,250647,3,5,0,10,11,7,1,0,1,1,0,0,0,0
"POINT (6.782549973000073 51.432408204000069)",Unfall 250706 (2019) Kat:3, Licht: 0,250706,3,7,1,10,13,6,1,0,0,0,1,0,0,1
"POINT (6.777498038000033 51.434454168000059)",Unfall 250707 (2019) Kat:3, Licht: 0,250707,3,6,2,10,12,6,1,0,0,1,0,1,0,0
"POINT (6.775781446000053 51.458771303000049)",Unfall 250708 (2019) Kat:3, Licht: 0,250708,3,2,5,10,15,6,0,0,0,1,0,0,0,0
"POINT (6.788244610000049 51.436894720000055)",Unfall 250843 (2019) Kat:3, Licht: 2,250843,3,3,5,10,18,4,1,2,0,1,0,0,0,0
"POINT (6.807881559000066 51.497265717000062)",Unfall 250844 (2019) Kat:3, Licht: 0,250844,3,3,3,10,11,4,0,0,1,1,0,0,0,0
"POINT (6.784553293000045 51.351839295000048)",Unfall 250866 (2019) Kat:3, Licht: 0,250866,3,4,6,10,12,6,0,0,0,1,1,0,0,0
"POINT (6.677630655000030 51.398730632000081)",Unfall 250867 (2019) Kat:3, Licht: 0,250867,3,7,5,10,16,6,0,0,1,1,0,0,0,0
"POINT (6.751681041000040 51.418260321000048)",Unfall 250921 (2019) Kat:3, Licht: 1,250921,3,6,2,10,18,5,0,1,1,1,0,0,0,0
"POINT (6.659040356000048 51.401193105000061)",Unfall 250922 (2019) Kat:3, Licht: 0,250922,3,6,1,10,13,5,0,0,0,1,0,0,0,0
"POINT (6.787413392000076 51.500431241000058)",Unfall 250923 (2019) Kat:3, Licht: 0,250923,3,6,4,10,15,5,0,0,0,1,0,0,0,0
"POINT (6.746330325000031 51.443473386000051)",Unfall 250980 (2019) Kat:2, Licht: 0,250980,2,6,2,10,13,4,0,0,0,1,0,0,0,0
"POINT (6.679874596000047 51.446713922000072)",Unfall 250981 (2019) Kat:2, Licht: 0,250981,2,2,6,10,11,4,0,0,0,1,1,0,0,0
"POINT (6.769675966000023 51.497026940000069)",Unfall 251040 (2019) Kat:3, Licht: 0,251040,3,7,0,10,17,3,0,0,1,0,0,0,0,0
"POINT (6.768122363000032 51.417577939000068)",Unfall 251089 (2019) Kat:2, Licht: 2,251089,2,3,5,10,06,2,1,2,1,1,0,0,0,0
"POINT (6.648986418000050 51.396659030000080)",Unfall 251090 (2019) Kat:3, Licht: 2,251090,3,1,1,10,19,2,0,2,0,1,0,0,0,0
"POINT (6.653757252000048 51.391665637000074)",Unfall 251091 (2019) Kat:3, Licht: 2,251091,3,3,8,10,06,2,1,2,0,0,0,1,0,0
"POINT (6.762428256000021 51.500010926000073)",Unfall 251092 (2019) Kat:2, Licht: 0,251092,2,7,0,10,13,2,1,0,1,0,0,0,0,0
"POINT (6.703349926000044 51.391521885000031)",Unfall 251134 (2019) Kat:3, Licht: 0,251134,3,3,5,10,10,4,0,0,1,1,0,0,0,0
"POINT (6.796354710000060 51.426444457000059)",Unfall 251161 (2019) Kat:3, Licht: 0,251161,3,7,1,10,10,3,0,0,0,1,0,0,0,0
"POINT (6.701964361000023 51.393455500000073)",Unfall 251163 (2019) Kat:3, Licht: 2,251163,3,6,2,10,18,3,0,2,0,1,0,0,0,0
"POINT (6.789785317000053 51.423375233000058)",Unfall 251246 (2019) Kat:3, Licht: 0,251246,3,3,5,10,07,2,0,0,0,1,0,1,0,0
"POINT (6.719614782000065 51.542055791000053)",Unfall 251247 (2019) Kat:3, Licht: 0,251247,3,4,6,10,11,2,0,0,1,0,1,0,0,0
"POINT (6.762124723000056 51.433939169000041)",Unfall 251330 (2019) Kat:2, Licht: 0,251330,2,4,6,10,15,7,0,0,1,0,1,0,0,0
"POINT (6.790299896000022 51.496573039000054)",Unfall 251331 (2019) Kat:3, Licht: 0,251331,3,3,5,10,15,7,0,0,0,1,0,1,0,0
"POINT (6.758250017000023 51.514151650000031)",Unfall 251388 (2019) Kat:3, Licht: 0,251388,3,6,4,11,13,1,1,0,0,1,0,0,0,0
"POINT (6.732331697000063 51.405060061000029)",Unfall 251411 (2019) Kat:3, Licht: 0,251411,3,7,0,11,16,2,0,0,0,1,0,1,0,0
"POINT (6.690323388000024 51.410661631000039)",Unfall 251428 (2019) Kat:3, Licht: 0,251428,3,5,1,11,13,7,0,0,0,1,0,0,0,0
"POINT (6.747026034000044 51.419666283000026)",Unfall 251453 (2019) Kat:3, Licht: 2,251453,3,6,2,11,17,2,1,2,0,1,0,0,1,0
"POINT (6.665269033000072 51.402080177000073)",Unfall 251469 (2019) Kat:3, Licht: 2,251469,3,1,1,11,18,6,1,2,0,1,0,1,0,0
"POINT (6.696876799000052 51.401341346000038)",Unfall 251470 (2019) Kat:2, Licht: 2,251470,2,3,5,11,18,6,1,2,0,1,0,0,0,1
"POINT (6.754176898000026 51.488405743000044)",Unfall 251471 (2019) Kat:3, Licht: 0,251471,3,6,2,11,09,6,0,0,0,1,0,0,0,1
"POINT (6.775844864000021 51.433231361000026)",Unfall 251506 (2019) Kat:3, Licht: 2,251506,3,2,4,11,21,2,1,2,0,1,0,0,0,0
"POINT (6.760431801000038 51.374733978000052)",Unfall 251549 (2019) Kat:3, Licht: 0,251549,3,3,5,10,10,5,0,0,1,1,0,0,0,0
"POINT (6.785793244000047 51.428339125000036)",Unfall 251550 (2019) Kat:3, Licht: 2,251550,3,7,0,10,17,5,0,2,0,1,0,1,0,0
"POINT (6.649996205000036 51.392708342000049)",Unfall 251552 (2019) Kat:3, Licht: 2,251552,3,2,6,10,17,5,0,2,0,1,1,0,0,0
"POINT (6.678613716000029 51.421609507000028)",Unfall 251553 (2019) Kat:3, Licht: 0,251553,3,3,5,10,14,5,0,0,1,1,0,0,0,0
"POINT (6.755270965000022 51.384915500000034)",Unfall 251561 (2019) Kat:3, Licht: 2,251561,3,5,3,11,17,2,1,2,0,1,0,1,0,0
"POINT (6.756197536000059 51.441379821000055)",Unfall 251615 (2019) Kat:3, Licht: 2,251615,3,3,5,11,17,2,1,2,1,1,0,0,0,0
"POINT (6.772577562000038 51.490541163000046)",Unfall 251701 (2019) Kat:3, Licht: 0,251701,3,4,6,11,15,4,0,0,0,1,1,0,0,0
"POINT (6.720513850000032 51.434657616000038)",Unfall 251710 (2019) Kat:3, Licht: 0,251710,3,7,0,11,12,5,1,0,0,0,0,0,0,1
"POINT (6.730642368000076 51.442116044000045)",Unfall 251799 (2019) Kat:3, Licht: 0,251799,3,7,1,11,16,3,0,0,0,1,0,0,1,0
"POINT (6.772582322000062 51.470615161000069)",Unfall 251800 (2019) Kat:2, Licht: 0,251800,2,4,6,11,11,3,1,0,0,1,1,0,0,0
"POINT (6.752848763000031 51.504606829000068)",Unfall 251801 (2019) Kat:3, Licht: 0,251801,3,7,0,11,08,3,1,0,0,0,1,1,0,0
"POINT (6.748274427000069 51.416747111000063)",Unfall 251894 (2019) Kat:3, Licht: 2,251894,3,2,4,11,16,2,1,2,0,1,0,0,0,0
"POINT (6.709412964000023 51.449993239000037)",Unfall 251895 (2019) Kat:3, Licht: 1,251895,3,3,5,11,17,2,1,1,0,1,0,0,0,1
"POINT (6.742801948000022 51.525072663000060)",Unfall 251896 (2019) Kat:3, Licht: 0,251896,3,3,5,11,10,2,0,0,0,1,0,0,0,0
"POINT (6.772483579000038 51.490362803000039)",Unfall 251897 (2019) Kat:3, Licht: 0,251897,3,4,6,11,16,2,0,0,0,1,1,0,0,0
"POINT (6.779172535000043 51.403800149000062)",Unfall 252086 (2019) Kat:3, Licht: 0,252086,3,1,0,11,15,6,1,0,1,0,0,0,0,0
"POINT (6.708982778000063 51.414625199000056)",Unfall 252088 (2019) Kat:3, Licht: 1,252088,3,3,5,11,16,6,0,1,1,1,0,0,0,0
"POINT (6.711486088000072 51.416710470000055)",Unfall 252089 (2019) Kat:3, Licht: 2,252089,3,2,3,11,17,6,0,2,1,1,0,0,0,0
"POINT (6.767692112000020 51.415584400000057)",Unfall 252209 (2019) Kat:3, Licht: 2,252209,3,6,2,11,20,5,1,2,0,1,0,0,0,0
"POINT (6.762125226000023 51.406363524000028)",Unfall 252281 (2019) Kat:3, Licht: 0,252281,3,1,0,11,11,4,1,0,0,0,0,1,0,0
"POINT (6.755359667000050 51.432361383000057)",Unfall 252283 (2019) Kat:3, Licht: 1,252283,3,2,4,11,16,4,1,1,0,1,0,0,0,0
"POINT (6.728142807000040 51.409153824000043)",Unfall 252284 (2019) Kat:3, Licht: 2,252284,3,4,6,11,17,4,1,2,0,1,1,0,0,0
"POINT (6.769990987000028 51.467006750000053)",Unfall 252285 (2019) Kat:3, Licht: 0,252285,3,7,9,11,10,4,1,0,0,1,0,0,0,0
"POINT (6.754473907000033 51.506781483000054)",Unfall 252286 (2019) Kat:3, Licht: 0,252286,3,3,5,11,13,4,1,0,0,1,0,0,0,0
"POINT (6.783864085000062 51.497664158000077)",Unfall 252305 (2019) Kat:3, Licht: 2,252305,3,3,5,11,23,6,0,2,0,1,0,1,0,0
"POINT (6.763777781000044 51.505656957000042)",Unfall 252311 (2019) Kat:2, Licht: 0,252311,2,7,0,11,14,6,0,0,0,0,1,0,0,1
"POINT (6.747172572000068 51.419722043000036)",Unfall 252374 (2019) Kat:3, Licht: 1,252374,3,6,2,11,16,3,0,1,0,1,0,0,1,1
"POINT (6.776917361000074 51.473424995000073)",Unfall 252375 (2019) Kat:3, Licht: 0,252375,3,7,0,11,15,3,0,0,0,1,0,0,0,1
"POINT (6.734851529000025 51.473936802000026)",Unfall 252468 (2019) Kat:3, Licht: 1,252468,3,2,6,11,07,3,1,1,0,1,1,0,0,0
"POINT (6.777677892000042 51.424390095000035)",Unfall 252548 (2019) Kat:3, Licht: 1,252548,3,2,3,11,07,2,1,1,1,1,0,0,0,0
"POINT (6.692709833000038 51.459374932000060)",Unfall 252549 (2019) Kat:3, Licht: 2,252549,3,3,5,11,05,2,1,2,1,1,0,0,0,0
"POINT (6.709228137000025 51.402946392000047)",Unfall 252550 (2019) Kat:3, Licht: 2,252550,3,4,6,11,18,2,1,2,0,1,1,0,0,0
"POINT (6.778334567000059 51.429457085000081)",Unfall 252599 (2019) Kat:2, Licht: 2,252599,2,2,6,11,19,1,1,2,0,1,1,0,0,0
"POINT (6.743620337000039 51.419533395000030)",Unfall 252636 (2019) Kat:3, Licht: 2,252636,3,6,6,11,20,7,0,2,0,1,1,0,0,0
"POINT (6.694466028000022 51.447665179000069)",Unfall 252752 (2019) Kat:3, Licht: 2,252752,3,4,6,11,17,6,1,2,0,1,1,0,0,0
"POINT (6.747425349000025 51.442038035000053)",Unfall 252824 (2019) Kat:3, Licht: 0,252824,3,5,0,11,11,5,0,0,0,1,0,0,0,0
"POINT (6.769071985000039 51.430831349000073)",Unfall 252908 (2019) Kat:2, Licht: 0,252908,2,4,6,11,10,4,0,0,0,1,1,0,0,0
"POINT (6.785967742000025 51.437986552000041)",Unfall 252909 (2019) Kat:3, Licht: 0,252909,3,4,6,11,10,4,0,0,0,1,1,0,0,0
"POINT (6.692704165000066 51.459390305000056)",Unfall 252910 (2019) Kat:2, Licht: 0,252910,2,2,0,11,09,4,2,0,1,0,0,0,0,0
"POINT (6.680677171000070 51.418029017000038)",Unfall 252911 (2019) Kat:3, Licht: 0,252911,3,2,4,11,10,4,1,0,1,1,0,0,0,0
"POINT (6.750065509000024 51.504586792000055)",Unfall 252912 (2019) Kat:3, Licht: 2,252912,3,4,6,11,19,4,0,2,0,1,1,0,0,0
"POINT (6.798157483000068 51.510560128000066)",Unfall 252913 (2019) Kat:3, Licht: 0,252913,3,5,1,11,13,4,0,0,0,1,0,0,0,0
"POINT (6.728477042000066 51.459773148000068)",Unfall 253006 (2019) Kat:3, Licht: 2,253006,3,7,3,11,21,4,1,2,0,1,0,0,0,0
"POINT (6.743145503000051 51.369723478000026)",Unfall 253071 (2019) Kat:3, Licht: 0,253071,3,4,6,11,13,3,0,0,0,1,1,0,0,0
"POINT (6.712135081000042 51.542419824000035)",Unfall 253143 (2019) Kat:3, Licht: 0,253143,3,3,5,11,13,2,1,0,1,1,0,0,0,0
"POINT (6.777021432000026 51.486117110000066)",Unfall 253145 (2019) Kat:3, Licht: 0,253145,3,3,5,11,09,2,0,0,0,1,0,0,0,0
"POINT (6.686249572000065 51.449677990000055)",Unfall 253217 (2019) Kat:2, Licht: 2,253217,2,7,6,12,21,1,0,2,0,1,1,0,0,0
"POINT (6.746637744000054 51.381500725000080)",Unfall 253347 (2019) Kat:2, Licht: 2,253347,2,4,6,11,17,6,0,2,0,1,1,0,0,0
"POINT (6.772201877000043 51.427174148000063)",Unfall 253348 (2019) Kat:3, Licht: 0,253348,3,6,2,11,12,6,0,0,0,1,0,0,0,0
"POINT (6.765341002000071 51.490872418000038)",Unfall 253349 (2019) Kat:3, Licht: 0,253349,3,1,8,11,12,6,1,0,0,1,0,0,0,0
"POINT (6.737293104000059 51.521861604000037)",Unfall 253441 (2019) Kat:3, Licht: 2,253441,3,7,1,11,18,5,1,2,0,1,0,0,0,0
"POINT (6.731693298000039 51.536944359000074)",Unfall 253517 (2019) Kat:3, Licht: 0,253517,3,2,3,12,13,5,0,0,1,1,0,0,0,0
"POINT (6.784582224000076 51.371301313000060)",Unfall 253538 (2019) Kat:3, Licht: 1,253538,3,3,0,12,08,4,2,1,1,1,0,0,0,0
"POINT (6.778868630000034 51.432213973000046)",Unfall 253539 (2019) Kat:3, Licht: 0,253539,3,1,8,12,08,4,2,0,1,0,0,0,0,0
"POINT (6.712394058000029 51.420896758000026)",Unfall 253540 (2019) Kat:2, Licht: 0,253540,2,1,8,12,09,4,2,0,0,0,0,1,0,0
"POINT (6.794076933000042 51.419233958000063)",Unfall 253623 (2019) Kat:3, Licht: 0,253623,3,2,5,12,13,5,0,0,1,1,0,0,0,0
"POINT (6.776889019000066 51.489694398000040)",Unfall 253636 (2019) Kat:3, Licht: 0,253636,3,3,5,12,10,3,0,0,0,1,0,0,0,0