WKT,Name,OBJECTID,UKATEGORIE,UTYP1,UART,UMONAT,USTUNDE,UWOCHENTAG,STRZUSTAND,ULICHTVERH,ISTRAD,ISTPKW,ISTFUSS,ISTKRAD,ISTGKFZ,ISTSONSTIG
"POINT (6.794749331000048 51.481956192000041)",Unfall 253690 (2019) Kat:2, Licht: 0,253690,2,3,5,12,12,5,0,0,0,1,0,0,0,0
"POINT (6.749222391000046 51.424389037000026)",Unfall 253705 (2019) Kat:3, Licht: 1,253705,3,2,6,12,16,2,1,1,0,1,1,0,0,0
"POINT (6.696083170000065 51.457027782000068)",Unfall 253706 (2019) Kat:3, Licht: 2,253706,3,3,5,12,20,2,1,2,0,1,0,0,0,0
"POINT (6.703324255000041 51.391560459000061)",Unfall 253707 (2019) Kat:3, Licht: 2,253707,3,3,5,12,07,2,1,2,1,1,0,0,0,0
"POINT (6.822394963000022 51.500530591000029)",Unfall 253708 (2019) Kat:3, Licht: 2,253708,3,3,4,12,07,2,1,2,1,1,0,0,0,0
"POINT (6.753278220000027 51.386826205000034)",Unfall 253784 (2019) Kat:3, Licht: 2,253784,3,2,6,12,17,7,0,2,0,1,1,0,0,0
"POINT (6.782235472000025 51.472108114000036)",Unfall 253879 (2019) Kat:3, Licht: 2,253879,3,3,5,12,23,6,1,2,0,1,0,0,0,0
"POINT (6.773852083000065 51.472738413000059)",Unfall 253880 (2019) Kat:2, Licht: 2,253880,2,1,0,12,17,6,1,2,0,1,0,0,0,0
"POINT (6.719352801000071 51.543137747000060)",Unfall 254020 (2019) Kat:3, Licht: 2,254020,3,4,5,12,07,4,1,2,0,1,1,0,0,0
"POINT (6.756882214000029 51.500306880000039)",Unfall 254021 (2019) Kat:3, Licht: 0,254021,3,4,6,12,11,4,1,0,0,1,1,0,0,0
"POINT (6.686512615000027 51.396577529000069)",Unfall 254146 (2019) Kat:3, Licht: 0,254146,3,7,0,12,08,3,2,0,1,0,0,0,0,0
"POINT (6.722930431000066 51.402825717000042)",Unfall 254148 (2019) Kat:3, Licht: 0,254148,3,3,6,12,12,3,1,0,0,1,1,0,0,0
"POINT (6.750121973000034 51.498130134000064)",Unfall 254149 (2019) Kat:2, Licht: 2,254149,2,5,1,12,06,3,1,2,0,1,0,0,1,0
"POINT (6.777548804000048 51.429481066000051)",Unfall 254256 (2019) Kat:3, Licht: 0,254256,3,3,5,12,10,2,0,0,1,1,0,0,0,0
"POINT (6.791508589000046 51.427084837000052)",Unfall 254343 (2019) Kat:3, Licht: 0,254343,3,4,6,12,14,7,1,0,0,1,1,0,0,0
"POINT (6.754058215000043 51.433345038000027)",Unfall 254344 (2019) Kat:3, Licht: 2,254344,3,2,5,12,05,7,1,2,1,1,0,0,0,0
"POINT (6.750160964000031 51.521863906000078)",Unfall 254345 (2019) Kat:3, Licht: 0,254345,3,7,0,12,10,7,1,0,1,0,1,0,0,0
"POINT (6.758135982000056 51.504343925000057)",Unfall 254346 (2019) Kat:2, Licht: 0,254346,2,4,0,12,15,7,1,0,0,1,1,0,0,0
"POINT (6.698105500000054 51.451997173000052)",Unfall 254419 (2019) Kat:3, Licht: 2,254419,3,2,5,12,16,6,1,2,1,1,0,0,0,0
"POINT (6.656462439000052 51.405103036000071)",Unfall 254420 (2019) Kat:3, Licht: 0,254420,3,3,5,12,14,6,1,0,0,1,0,0,0,0
"POINT (6.705440218000035 51.420783842000048)",Unfall 254421 (2019) Kat:3, Licht: 2,254421,3,3,5,12,21,6,1,2,0,1,0,0,0,0
"POINT (6.716596891000052 51.545341081000061)",Unfall 254423 (2019) Kat:3, Licht: 0,254423,3,6,2,12,13,6,1,0,1,0,0,0,0,1
"POINT (6.812847921000071 51.444113879000042)",Unfall 254488 (2019) Kat:3, Licht: 2,254488,3,3,5,12,06,5,1,2,1,1,0,0,0,0
"POINT (6.674963150000053 51.392521081000041)",Unfall 254490 (2019) Kat:3, Licht: 1,254490,3,3,5,12,07,5,0,1,0,1,0,0,0,0
"POINT (6.745668703000035 51.533582775000070)",Unfall 254491 (2019) Kat:3, Licht: 2,254491,3,3,5,12,07,5,1,2,1,1,0,0,0,0
"POINT (6.778708030000075 51.363529111000048)",Unfall 254573 (2019) Kat:3, Licht: 0,254573,3,3,5,12,14,5,0,0,0,1,0,1,0,0
"POINT (6.688360621000072 51.453243440000051)",Unfall 254574 (2019) Kat:3, Licht: 0,254574,3,4,6,12,13,5,0,0,0,1,1,0,0,0
"POINT (6.724325384000053 51.401630019000038)",Unfall 254575 (2019) Kat:3, Licht: 2,254575,3,3,5,12,05,5,0,2,1,0,0,0,1,0
"POINT (6.785993318000067 51.479154610000080)",Unfall 254576 (2019) Kat:3, Licht: 0,254576,3,5,1,12,09,5,0,0,0,1,0,0,0,0
"POINT (6.666391376000036 51.424693403000049)",Unfall 254640 (2019) Kat:3, Licht: 0,254640,3,5,1,12,10,4,1,0,0,1,0,0,1,0
"POINT (6.786426847000030 51.436639694000064)",Unfall 254659 (2019) Kat:3, Licht: 0,254659,3,4,6,12,13,4,0,0,1,0,1,0,0,0
"POINT (6.700058801000068 51.439392625000039)",Unfall 254660 (2019) Kat:3, Licht: 2,254660,3,3,5,12,06,4,1,2,1,1,0,0,0,0
"POINT (6.759982355000034 51.470154244000071)",Unfall 254717 (2019) Kat:2, Licht: 1,254717,2,7,6,12,16,6,0,1,0,1,1,0,0,0
"POINT (6.766902339000069 51.465761978000046)",Unfall 254747 (2019) Kat:3, Licht: 0,254747,3,2,0,12,08,3,0,0,0,1,1,0,0,0
"POINT (6.804709736000064 51.499997163000046)",Unfall 254749 (2019) Kat:3, Licht: 0,254749,3,7,6,12,08,3,0,0,0,1,1,0,0,0
"POINT (6.753969218000066 51.425001724000026)",Unfall 254792 (2019) Kat:2, Licht: 0,254792,2,4,6,12,13,6,0,0,0,1,1,0,0,0
"POINT (6.762269881000066 51.434308681000061)",Unfall 254793 (2019) Kat:3, Licht: 2,254793,3,2,6,12,17,6,0,2,0,1,1,0,0,0
"POINT (6.706043290000025 51.406287747000079)",Unfall 254818 (2019) Kat:3, Licht: 0,254818,3,2,5,12,12,5,0,0,1,1,0,0,0,0
"POINT (6.688042187000065 51.396197856000072)",Unfall 254911 (2019) Kat:3, Licht: 0,254911,3,2,1,12,13,2,1,0,0,1,0,0,0,0
"POINT (6.722950674000060 51.402833581000039)",Unfall 254912 (2019) Kat:3, Licht: 2,254912,3,3,6,12,19,2,1,2,0,1,1,0,0,0
"POINT (6.640816880000045 51.393262470000082)",Unfall 254994 (2019) Kat:3, Licht: 0,254994,3,3,5,12,15,7,0,0,1,1,0,0,0,0
"POINT (6.669081632000030 51.414162801000032)",Unfall 255186 (2019) Kat:3, Licht: 0,255186,3,6,1,12,11,2,0,0,0,1,0,0,0,1
"POINT (6.760913206000055 51.503355978000059)",Unfall 255187 (2019) Kat:3, Licht: 2,255187,3,2,6,12,18,2,0,2,0,1,1,0,0,0
"POINT (6.770848091000062 51.431737778000070)",Unfall 255213 (2019) Kat:3, Licht: 0,255213,3,7,6,12,13,1,0,0,1,0,1,0,0,0
"POINT (6.805754776000072 51.397553524000045)",Unfall 255247 (2019) Kat:2, Licht: 0,255247,2,2,5,12,13,7,0,0,0,1,0,0,0,0
"POINT (6.799892677000059 51.454531097000029)",Unfall 73628 (2020) Kat:3, Licht: 2,73628,3,6,2,01,03,4,0,2,0,1,0,0,0,1
"POINT (6.799907042000029 51.454554866000080)",Unfall 73629 (2020) Kat:3, Licht: 2,73629,3,6,2,01,03,4,0,2,0,1,0,0,0,0
"POINT (6.799795400000050 51.454366215000050)",Unfall 73630 (2020) Kat:3, Licht: 2,73630,3,6,2,01,03,4,0,2,0,1,0,0,0,0
"POINT (6.799768453000070 51.454319347000080)",Unfall 73631 (2020) Kat:2, Licht: 2,73631,2,6,2,01,03,4,0,2,0,1,0,0,0,0
"POINT (6.764532520000046 51.472375249000038)",Unfall 73777 (2020) Kat:3, Licht: 0,73777,3,2,7,01,11,7,1,0,0,1,0,0,0,1
"POINT (6.816789317000030 51.489650668000081)",Unfall 73808 (2020) Kat:1, Licht: 2,73808,1,6,3,01,06,4,0,2,0,1,0,0,1,0
"POINT (6.710615187000030 51.417390621000038)",Unfall 73820 (2020) Kat:3, Licht: 0,73820,3,7,4,01,16,2,0,0,0,1,0,0,0,1
"POINT (6.798558231000072 51.450078628000028)",Unfall 73841 (2020) Kat:3, Licht: 2,73841,3,6,2,01,18,7,1,2,0,1,0,0,0,0
"POINT (6.758558688000051 51.353424559000075)",Unfall 73878 (2020) Kat:2, Licht: 0,73878,2,7,0,01,07,4,1,0,0,1,0,0,0,0
"POINT (6.742206855000063 51.383345621000046)",Unfall 73934 (2020) Kat:2, Licht: 0,73934,2,2,6,01,09,2,0,0,0,1,1,0,0,0
"POINT (6.753075205000073 51.395569061000060)",Unfall 73992 (2020) Kat:3, Licht: 0,73992,3,3,5,01,12,7,0,0,1,1,0,0,0,0
"POINT (6.795758827000043 51.438457557000049)",Unfall 74001 (2020) Kat:3, Licht: 2,74001,3,3,5,01,17,7,1,2,0,1,0,1,0,0
"POINT (6.751177000000041 51.401468118000082)",Unfall 74012 (2020) Kat:3, Licht: 2,74012,3,7,3,01,19,6,1,2,0,1,0,0,0,0
"POINT (6.774409649000063 51.463605067000060)",Unfall 74042 (2020) Kat:2, Licht: 2,74042,2,7,0,01,17,7,1,2,0,1,0,0,0,0
"POINT (6.775224359000049 51.437613414000054)",Unfall 74044 (2020) Kat:3, Licht: 2,74044,3,6,2,01,07,4,1,2,0,1,0,0,0,0
"POINT (6.765891766000038 51.424280490000058)",Unfall 74056 (2020) Kat:3, Licht: 0,74056,3,3,5,01,13,6,1,0,1,1,0,0,0,0
"POINT (6.791130077000048 51.448259447000055)",Unfall 74089 (2020) Kat:3, Licht: 1,74089,3,2,5,01,06,6,1,1,1,1,0,0,0,0
"POINT (6.739161940000031 51.483827219000034)",Unfall 74156 (2020) Kat:2, Licht: 0,74156,2,6,2,01,13,6,1,0,0,1,0,0,1,0
"POINT (6.742859967000072 51.528429276000054)",Unfall 74161 (2020) Kat:2, Licht: 0,74161,2,6,2,01,09,5,1,0,0,1,0,1,0,0
"POINT (6.759088704000021 51.428251656000043)",Unfall 74162 (2020) Kat:3, Licht: 2,74162,3,2,6,01,17,4,1,2,0,1,1,0,0,0
"POINT (6.742206855000063 51.383345621000046)",Unfall 74293 (2020) Kat:3, Licht: 2,74293,3,4,6,01,17,5,1,2,0,0,1,0,0,1
"POINT (6.803615197000056 51.400080805000073)",Unfall 74360 (2020) Kat:3, Licht: 1,74360,3,3,5,01,16,6,1,1,1,1,0,0,0,0
"POINT (6.736485906000041 51.414206498000055)",Unfall 74364 (2020) Kat:3, Licht: 2,74364,3,6,3,01,19,6,0,2,0,1,0,0,0,0
"POINT (6.754000066000060 51.418612648000078)",Unfall 74377 (2020) Kat:3, Licht: 0,74377,3,7,0,01,11,3,1,0,0,0,0,0,0,1
"POINT (6.803316778000067 51.442863542000055)",Unfall 74381 (2020) Kat:2, Licht: 0,74381,2,6,2,01,14,4,0,0,0,1,0,0,1,0
"POINT (6.765110924000055 51.426104350000060)",Unfall 74385 (2020) Kat:3, Licht: 2,74385,3,6,1,01,19,1,1,2,0,1,0,0,0,0
"POINT (6.765506872000060 51.461548630000038)",Unfall 74397 (2020) Kat:3, Licht: 2,74397,3,3,5,01,03,1,1,2,0,1,0,0,0,0
"POINT (6.732555543000046 51.480780135000032)",Unfall 74400 (2020) Kat:3, Licht: 2,74400,3,3,5,01,21,1,1,2,0,1,0,0,0,0
"POINT (6.761386301000073 51.373673866000047)",Unfall 74418 (2020) Kat:2, Licht: 2,74418,2,1,8,01,07,2,1,2,0,1,0,0,0,0
"POINT (6.779534296000065 51.484788511000033)",Unfall 74432 (2020) Kat:3, Licht: 0,74432,3,6,2,01,17,3,0,0,0,1,0,0,0,0
"POINT (6.792634073000045 51.471523667000042)",Unfall 74444 (2020) Kat:2, Licht: 0,74444,2,3,5,01,13,3,1,0,0,1,0,1,0,0
"POINT (6.720896743000026 51.478969747000065)",Unfall 74520 (2020) Kat:3, Licht: 0,74520,3,3,0,01,11,4,0,0,0,0,0,0,1,1
"POINT (6.778429559000074 51.419954983000082)",Unfall 74584 (2020) Kat:3, Licht: 0,74584,3,5,0,01,12,3,1,0,1,1,0,0,0,0
"POINT (6.780763077000074 51.485206522000055)",Unfall 74591 (2020) Kat:2, Licht: 2,74591,2,1,9,01,05,4,0,2,0,1,0,0,0,0
"POINT (6.772487001000059 51.494464361000041)",Unfall 74625 (2020) Kat:3, Licht: 0,74625,3,7,0,01,15,2,0,0,0,0,1,0,0,1
"POINT (6.784258747000024 51.486135885000067)",Unfall 74651 (2020) Kat:3, Licht: 2,74651,3,6,2,01,18,3,0,2,0,1,0,0,0,0
"POINT (6.765915552000024 51.473839022000050)",Unfall 74658 (2020) Kat:3, Licht: 2,74658,3,6,2,01,17,3,0,2,0,1,0,0,0,0
"POINT (6.744912405000036 51.445173939000028)",Unfall 74659 (2020) Kat:3, Licht: 0,74659,3,5,1,01,13,4,0,0,0,1,0,0,0,0
"POINT (6.707187143000056 51.444601570000032)",Unfall 74801 (2020) Kat:3, Licht: 2,74801,3,7,4,01,18,7,0,2,0,1,0,0,0,0
"POINT (6.798788552000076 51.446458917000029)",Unfall 74814 (2020) Kat:3, Licht: 0,74814,3,6,2,01,14,6,1,0,0,1,0,0,0,0
"POINT (6.655582820000063 51.488774465000063)",Unfall 74903 (2020) Kat:1, Licht: 0,74903,1,6,2,01,12,7,1,0,0,1,0,0,1,0
"POINT (6.743164596000042 51.370129477000035)",Unfall 75005 (2020) Kat:3, Licht: 0,75005,3,1,0,01,16,5,1,0,0,0,0,1,0,0
"POINT (6.772285583000041 51.437611046000029)",Unfall 75006 (2020) Kat:3, Licht: 0,75006,3,4,6,01,15,5,1,0,0,1,1,0,0,0
"POINT (6.778772349000064 51.432073443000036)",Unfall 75009 (2020) Kat:3, Licht: 0,75009,3,4,6,01,14,5,0,0,0,1,1,0,0,0
"POINT (6.785394755000027 51.508983676000071)",Unfall 75011 (2020) Kat:2, Licht: 2,75011,2,7,5,01,05,5,1,2,1,1,0,0,0,0
"POINT (6.772491484000057 51.370533481000052)",Unfall 75014 (2020) Kat:3, Licht: 2,75014,3,6,2,01,06,5,0,2,0,1,0,0,0,0
"POINT (6.771354605000056 51.487312444000054)",Unfall 75016 (2020) Kat:3, Licht: 0,75016,3,2,5,01,13,7,0,0,0,1,0,0,0,0
"POINT (6.790469025000050 51.417040373000077)",Unfall 75035 (2020) Kat:3, Licht: 0,75035,3,1,0,01,09,1,1,0,1,0,0,0,0,0
"POINT (6.802839144000075 51.443599598000048)",Unfall 75065 (2020) Kat:3, Licht: 2,75065,3,1,8,01,23,1,1,2,0,1,0,0,0,0
"POINT (6.680654290000064 51.380513996000047)",Unfall 75142 (2020) Kat:3, Licht: 0,75142,3,1,4,01,15,5,1,0,0,1,0,0,0,0
"POINT (6.816877103000024 51.394239334000076)",Unfall 75152 (2020) Kat:3, Licht: 2,75152,3,6,2,01,06,5,0,2,0,1,0,0,0,1
"POINT (6.703529471000024 51.478408751000075)",Unfall 75162 (2020) Kat:3, Licht: 2,75162,3,7,5,01,17,3,1,2,0,1,0,0,0,0
"POINT (6.775157855000032 51.432908435000058)",Unfall 75188 (2020) Kat:3, Licht: 0,75188,3,6,2,01,08,3,0,0,0,1,0,0,0,0
"POINT (6.733410985000035 51.478599362000068)",Unfall 75208 (2020) Kat:3, Licht: 0,75208,3,6,1,01,15,4,1,0,0,1,0,0,0,0
"POINT (6.817892016000030 51.493261882000070)",Unfall 75250 (2020) Kat:2, Licht: 0,75250,2,6,1,01,13,3,0,0,0,0,0,0,1,0
"POINT (6.756837817000076 51.430621937000069)",Unfall 75282 (2020) Kat:3, Licht: 2,75282,3,2,6,01,06,5,1,2,0,1,1,0,0,0
"POINT (6.767367292000074 51.488840639000045)",Unfall 75314 (2020) Kat:3, Licht: 1,75314,3,6,2,01,07,5,1,1,0,1,0,0,0,0
"POINT (6.759299604000034 51.376045925000028)",Unfall 75326 (2020) Kat:3, Licht: 2,75326,3,2,5,01,19,2,0,2,0,1,0,0,0,0
"POINT (6.654489736000073 51.489453434000040)",Unfall 75352 (2020) Kat:3, Licht: 2,75352,3,6,2,01,18,3,0,2,0,1,0,0,0,0
"POINT (6.778840918000071 51.449134573000038)",Unfall 75393 (2020) Kat:3, Licht: 0,75393,3,6,3,01,14,5,0,0,0,1,0,0,0,0
"POINT (6.735561365000024 51.482285900000079)",Unfall 75463 (2020) Kat:3, Licht: 0,75463,3,6,2,01,16,3,0,0,0,1,0,0,1,0
"POINT (6.742808801000024 51.527300512000068)",Unfall 75517 (2020) Kat:3, Licht: 0,75517,3,7,0,01,15,2,0,0,0,1,0,0,0,0
"POINT (6.757887546000063 51.436214881000069)",Unfall 75518 (2020) Kat:3, Licht: 2,75518,3,6,6,01,06,3,1,2,1,0,1,0,0,0
"POINT (6.806185378000066 51.486874871000055)",Unfall 75522 (2020) Kat:3, Licht: 0,75522,3,6,5,01,14,2,1,0,0,1,0,0,1,0
"POINT (6.768283679000035 51.496513319000030)",Unfall 75542 (2020) Kat:2, Licht: 0,75542,2,6,6,01,15,1,0,0,0,1,1,0,0,0
"POINT (6.776030328000047 51.407217547000073)",Unfall 75582 (2020) Kat:3, Licht: 0,75582,3,3,5,01,16,4,1,0,1,1,0,0,0,0
"POINT (6.780363024000053 51.432076755000026)",Unfall 75597 (2020) Kat:3, Licht: 2,75597,3,4,6,01,19,7,1,2,0,1,1,0,0,0
"POINT (6.771932111000069 51.524750632000064)",Unfall 75621 (2020) Kat:3, Licht: 2,75621,3,1,8,01,22,7,2,2,0,1,0,0,0,0
"POINT (6.773343052000030 51.491831355000045)",Unfall 75632 (2020) Kat:3, Licht: 2,75632,3,3,5,01,23,7,1,2,0,1,0,0,0,0
"POINT (6.761532606000060 51.444012019000070)",Unfall 75658 (2020) Kat:3, Licht: 0,75658,3,2,2,01,14,2,1,0,0,1,0,0,0,0
"POINT (6.791106091000074 51.448260457000060)",Unfall 75659 (2020) Kat:3, Licht: 1,75659,3,2,1,01,17,3,1,1,0,1,0,0,0,0
"POINT (6.776500592000048 51.441168892000064)",Unfall 75691 (2020) Kat:3, Licht: 1,75691,3,6,2,01,16,4,1,1,0,1,0,0,0,0
"POINT (6.758917215000054 51.392768864000061)",Unfall 75710 (2020) Kat:3, Licht: 2,75710,3,6,2,01,20,1,0,2,0,1,0,0,0,0
"POINT (6.763993831000050 51.496779232000051)",Unfall 75762 (2020) Kat:3, Licht: 0,75762,3,1,9,01,12,2,1,0,0,1,0,0,0,0
"POINT (6.726003994000052 51.534769315000062)",Unfall 75763 (2020) Kat:3, Licht: 1,75763,3,4,6,01,07,3,1,1,0,1,1,0,0,0
"POINT (6.748079737000069 51.527267123000058)",Unfall 75827 (2020) Kat:3, Licht: 0,75827,3,6,2,01,11,4,0,0,0,1,0,0,0,0
"POINT (6.778171227000030 51.447826096000028)",Unfall 75841 (2020) Kat:3, Licht: 0,75841,3,6,2,01,13,6,0,0,0,1,0,0,0,0
"POINT (6.756974848000027 51.436958804000028)",Unfall 75897 (2020) Kat:3, Licht: 2,75897,3,2,5,02,22,2,1,2,1,1,0,0,0,0
"POINT (6.693912661000070 51.449558841000055)",Unfall 75920 (2020) Kat:3, Licht: 0,75920,3,6,1,02,09,7,1,0,0,1,0,0,0,0
"POINT (6.773227406000046 51.430776784000045)",Unfall 75970 (2020) Kat:3, Licht: 0,75970,3,1,8,02,13,1,1,0,0,1,0,0,0,0
"POINT (6.715396455000075 51.543702264000046)",Unfall 75999 (2020) Kat:3, Licht: 0,75999,3,4,6,01,14,6,0,0,0,1,1,0,0,0
"POINT (6.762780528000064 51.511051908000070)",Unfall 76001 (2020) Kat:3, Licht: 2,76001,3,1,1,01,06,6,1,2,0,1,0,1,0,0
"POINT (6.764960063000046 51.502666090000048)",Unfall 76017 (2020) Kat:3, Licht: 0,76017,3,3,1,02,13,2,0,0,0,1,0,0,0,0
"POINT (6.907309712000028 51.134714042000041)",Unfall 76022 (2020) Kat:2, Licht: 2,76022,2,1,8,02,00,2,1,2,0,1,0,0,0,0
"POINT (6.807334717000060 51.431110025000066)",Unfall 76041 (2020) Kat:3, Licht: 1,76041,3,6,3,01,07,5,0,1,0,1,0,0,1,0
"POINT (6.791092737000042 51.448261019000029)",Unfall 76089 (2020) Kat:3, Licht: 0,76089,3,6,2,02,11,2,1,0,0,1,0,0,0,0
"POINT (6.669821633000026 51.437222552000037)",Unfall 76116 (2020) Kat:2, Licht: 0,76116,2,6,2,01,07,6,0,0,0,1,0,0,0,0
"POINT (6.784172728000044 51.420953492000081)",Unfall 76126 (2020) Kat:3, Licht: 2,76126,3,2,6,02,20,3,1,2,0,1,1,0,0,0
"POINT (6.741759151000053 51.491529575000072)",Unfall 76182 (2020) Kat:3, Licht: 0,76182,3,3,5,02,14,2,0,0,0,1,0,0,0,0
"POINT (6.733129601000030 51.543760425000073)",Unfall 76206 (2020) Kat:3, Licht: 1,76206,3,2,0,02,18,7,1,1,0,1,1,0,0,0
"POINT (6.800794410000037 51.485407211000052)",Unfall 76250 (2020) Kat:3, Licht: 0,76250,3,6,2,02,16,3,1,0,0,1,0,0,0,1
"POINT (6.738638588000072 51.381566394000060)",Unfall 76280 (2020) Kat:2, Licht: 2,76280,2,6,4,02,23,2,1,2,0,1,0,0,0,0
"POINT (6.733817635000037 51.455968795000047)",Unfall 76307 (2020) Kat:2, Licht: 2,76307,2,7,0,01,17,5,1,2,0,1,0,0,0,0
"POINT (6.733190144000048 51.479352997000035)",Unfall 76311 (2020) Kat:3, Licht: 2,76311,3,4,6,01,07,5,0,2,0,1,1,0,0,0
"POINT (6.750937170000043 51.399542944000075)",Unfall 76385 (2020) Kat:3, Licht: 0,76385,3,6,2,02,14,7,0,0,0,1,0,0,0,1
"POINT (6.760512020000022 51.376499711000065)",Unfall 76404 (2020) Kat:2, Licht: 2,76404,2,4,6,02,18,6,0,2,0,1,1,0,0,0
"POINT (6.791258086000028 51.485290392000081)",Unfall 76409 (2020) Kat:3, Licht: 0,76409,3,6,2,02,15,6,0,0,0,1,0,0,0,0
"POINT (6.692501003000075 51.480627407000043)",Unfall 76432 (2020) Kat:2, Licht: 2,76432,2,1,0,02,20,5,0,2,0,1,0,0,0,0
"POINT (6.746134417000064 51.527240861000053)",Unfall 76500 (2020) Kat:3, Licht: 0,76500,3,7,5,02,16,4,0,0,1,1,0,0,0,0
"POINT (6.742876193000029 51.523479908000070)",Unfall 76505 (2020) Kat:3, Licht: 0,76505,3,2,6,02,12,4,0,0,0,1,1,0,0,0
"POINT (6.711116712000035 51.404441224000038)",Unfall 76507 (2020) Kat:3, Licht: 0,76507,3,2,3,02,08,4,2,0,0,1,0,0,0,1
"POINT (6.798161004000065 51.496527220000075)",Unfall 76543 (2020) Kat:2, Licht: 2,76543,2,3,5,02,18,6,0,2,0,1,0,1,0,0
"POINT (6.756949454000051 51.351696823000054)",Unfall 76548 (2020) Kat:3, Licht: 0,76548,3,1,8,02,08,6,0,0,0,1,0,0,0,0
"POINT (6.785634825000045 51.447569613000041)",Unfall 76661 (2020) Kat:3, Licht: 0,76661,3,6,3,02,10,6,0,0,0,1,0,0,1,1
"POINT (6.768340330000058 51.465219823000041)",Unfall 76684 (2020) Kat:3, Licht: 0,76684,3,6,2,02,14,4,0,0,0,1,0,0,0,0
"POINT (6.794642663000047 51.466619626000067)",Unfall 76720 (2020) Kat:3, Licht: 0,76720,3,7,5,02,15,7,0,0,0,0,0,0,0,1
"POINT (6.766034942000033 51.497403953000060)",Unfall 76740 (2020) Kat:3, Licht: 0,76740,3,3,5,02,11,6,0,0,1,1,0,0,0,0
"POINT (6.804384513000059 51.410728800000072)",Unfall 76775 (2020) Kat:3, Licht: 2,76775,3,7,0,02,22,1,1,2,0,1,0,0,0,0
"POINT (6.778634864000026 51.484108526000057)",Unfall 76776 (2020) Kat:3, Licht: 2,76776,3,3,3,02,06,6,0,2,0,1,0,0,1,0
"POINT (6.735643183000036 51.377383884000039)",Unfall 76899 (2020) Kat:2, Licht: 0,76899,2,7,0,02,10,3,1,0,0,0,0,0,0,1
"POINT (6.744935598000041 51.357425687000045)",Unfall 76940 (2020) Kat:3, Licht: 0,76940,3,6,2,02,07,5,0,0,0,1,0,0,0,0
"POINT (6.752005318000045 51.441061550000029)",Unfall 77024 (2020) Kat:3, Licht: 1,77024,3,6,3,02,07,4,1,1,0,1,0,1,0,0
"POINT (6.803476431000036 51.441852303000076)",Unfall 77026 (2020) Kat:3, Licht: 0,77026,3,6,0,02,09,4,1,0,0,1,0,0,0,1
"POINT (6.770129709000059 51.351800812000079)",Unfall 77060 (2020) Kat:3, Licht: 0,77060,3,6,3,02,14,4,0,0,0,1,0,0,0,1
"POINT (6.778815867000049 51.445811733000028)",Unfall 77065 (2020) Kat:3, Licht: 0,77065,3,6,2,02,15,4,0,0,0,1,0,0,0,0
"POINT (6.764453589000027 51.497641772000065)",Unfall 77099 (2020) Kat:3, Licht: 0,77099,3,6,3,02,13,5,1,0,0,1,0,0,0,0
"POINT (6.791106091000074 51.448260457000060)",Unfall 77148 (2020) Kat:3, Licht: 0,77148,3,6,2,02,13,3,0,0,0,1,0,0,0,1
"POINT (6.672509623000053 51.437153039000066)",Unfall 77343 (2020) Kat:2, Licht: 1,77343,2,6,2,02,18,7,1,1,0,1,0,0,0,0
"POINT (6.774954721000029 51.493114916000081)",Unfall 77347 (2020) Kat:3, Licht: 0,77347,3,6,2,02,13,2,0,0,0,1,0,0,0,0
"POINT (6.684502599000041 51.437264444000050)",Unfall 77362 (2020) Kat:3, Licht: 2,77362,3,6,2,02,18,7,0,2,0,1,0,0,0,0
"POINT (6.776590373000033 51.437600090000046)",Unfall 77364 (2020) Kat:3, Licht: 2,77364,3,3,5,02,06,6,1,2,0,1,0,0,0,0
"POINT (6.793981296000027 51.485188666000056)",Unfall 77370 (2020) Kat:2, Licht: 1,77370,2,4,6,02,17,6,0,1,0,1,1,0,0,0
"POINT (6.774248709000062 51.409936207000044)",Unfall 77384 (2020) Kat:3, Licht: 0,77384,3,3,5,02,17,7,0,0,1,1,0,0,0,0
"POINT (6.884952320000025 51.175947489000066)",Unfall 77396 (2020) Kat:3, Licht: 0,77396,3,6,2,02,16,2,1,0,0,1,0,0,0,0
"POINT (6.770061590000069 51.370522244000028)",Unfall 77522 (2020) Kat:3, Licht: 2,77522,3,2,6,02,19,5,1,2,0,1,1,0,0,0
"POINT (6.771298567000031 51.507557870000028)",Unfall 77583 (2020) Kat:3, Licht: 2,77583,3,7,1,02,19,5,1,2,0,1,1,0,0,0
"POINT (6.785713148000070 51.440094386000055)",Unfall 77670 (2020) Kat:3, Licht: 0,77670,3,6,2,02,13,4,0,0,0,1,0,0,0,0
"POINT (6.718114573000037 51.471782283000039)",Unfall 77674 (2020) Kat:3, Licht: 0,77674,3,1,8,02,10,4,1,0,0,0,0,1,0,0
"POINT (6.793984860000023 51.447670018000053)",Unfall 77689 (2020) Kat:3, Licht: 0,77689,3,6,3,02,16,5,0,0,0,1,0,0,1,0
"POINT (6.782912964000047 51.421808063000071)",Unfall 77718 (2020) Kat:3, Licht: 2,77718,3,2,3,02,20,5,1,2,1,1,0,0,0,0
"POINT (6.791627170000027 51.427185877000056)",Unfall 77741 (2020) Kat:3, Licht: 2,77741,3,6,4,02,20,7,1,2,1,1,0,0,0,0
"POINT (6.761532606000060 51.444012019000070)",Unfall 77866 (2020) Kat:3, Licht: 0,77866,3,2,5,02,13,2,0,0,0,1,0,0,0,0