WKT,Name,OBJECTID,UKATEGORIE,UTYP1,UART,UMONAT,USTUNDE,UWOCHENTAG,STRZUSTAND,ULICHTVERH,ISTRAD,ISTPKW,ISTFUSS,ISTKRAD,ISTGKFZ,ISTSONSTIG
"POINT (6.794257204000076 51.483543355000052)",Unfall 77868 (2020) Kat:2, Licht: 0,77868,2,3,4,02,15,2,1,0,0,1,0,0,1,0
"POINT (6.747804103000021 51.457874988000071)",Unfall 77910 (2020) Kat:2, Licht: 0,77910,2,3,0,02,14,4,1,0,1,0,0,0,1,0
"POINT (6.676742612000055 51.481117430000040)",Unfall 77930 (2020) Kat:2, Licht: 2,77930,2,6,9,02,05,4,1,2,0,1,0,0,0,0
"POINT (6.774255267000058 51.463670384000068)",Unfall 77936 (2020) Kat:3, Licht: 2,77936,3,2,6,02,19,3,1,2,0,1,1,0,0,0
"POINT (6.733069824000040 51.373417976000042)",Unfall 78053 (2020) Kat:3, Licht: 2,78053,3,2,6,02,05,4,1,2,0,1,1,0,0,0
"POINT (6.734266435000052 51.476606773000071)",Unfall 78146 (2020) Kat:2, Licht: 0,78146,2,6,1,02,07,6,0,0,0,1,0,0,0,1
"POINT (6.773948279000024 51.387917176000030)",Unfall 78183 (2020) Kat:3, Licht: 0,78183,3,6,2,03,08,2,0,0,0,1,0,0,0,0
"POINT (6.738650388000053 51.488873838000075)",Unfall 78206 (2020) Kat:3, Licht: 1,78206,3,7,5,03,17,2,1,1,0,1,0,0,0,0
"POINT (6.754326325000022 51.419754744000045)",Unfall 78226 (2020) Kat:3, Licht: 0,78226,3,1,5,02,16,7,1,0,0,1,0,0,0,0
"POINT (6.746700981000060 51.385550107000029)",Unfall 78265 (2020) Kat:3, Licht: 0,78265,3,2,6,03,17,2,1,0,0,1,1,0,0,0
"POINT (6.789586758000041 51.441957478000063)",Unfall 78372 (2020) Kat:3, Licht: 0,78372,3,3,5,03,11,2,0,0,0,1,0,0,0,0
"POINT (6.784660620000068 51.352434074000030)",Unfall 78392 (2020) Kat:3, Licht: 0,78392,3,6,2,02,08,7,1,0,0,1,0,0,0,0
"POINT (6.762797754000076 51.401252461000070)",Unfall 78424 (2020) Kat:3, Licht: 0,78424,3,4,6,02,13,5,1,0,0,0,1,0,1,0
"POINT (6.756238428000074 51.465289925000036)",Unfall 78429 (2020) Kat:3, Licht: 0,78429,3,3,5,02,10,5,1,0,0,1,0,1,0,0
"POINT (6.780137789000037 51.490789457000062)",Unfall 78435 (2020) Kat:3, Licht: 2,78435,3,6,2,02,19,5,1,2,0,1,0,0,0,0
"POINT (6.754311034000068 51.421705340000074)",Unfall 78493 (2020) Kat:2, Licht: 0,78493,2,4,6,02,16,7,1,0,0,1,1,0,0,0
"POINT (6.762308699000073 51.426758439000082)",Unfall 78510 (2020) Kat:3, Licht: 1,78510,3,4,6,03,18,2,1,1,0,1,1,0,0,0
"POINT (6.787279874000035 51.440822098000069)",Unfall 78633 (2020) Kat:3, Licht: 0,78633,3,7,0,03,08,4,1,0,1,1,0,0,0,0
"POINT (6.820432946000040 51.498399766000034)",Unfall 78637 (2020) Kat:3, Licht: 0,78637,3,6,2,03,09,7,0,0,0,1,0,0,0,0
"POINT (6.744226801000025 51.527276994000033)",Unfall 78644 (2020) Kat:2, Licht: 2,78644,2,7,0,03,20,5,1,2,0,1,0,0,0,0
"POINT (6.747148162000030 51.370444596000027)",Unfall 78674 (2020) Kat:2, Licht: 0,78674,2,2,2,03,08,3,1,0,0,1,0,0,0,0
"POINT (6.759149115000071 51.376049748000071)",Unfall 78679 (2020) Kat:2, Licht: 0,78679,2,2,4,03,08,3,0,0,0,1,0,0,0,0
"POINT (6.766510306000043 51.484557239000026)",Unfall 78688 (2020) Kat:3, Licht: 0,78688,3,6,3,03,12,3,0,0,0,1,0,0,0,0
"POINT (6.733417617000043 51.478583099000048)",Unfall 78745 (2020) Kat:3, Licht: 0,78745,3,4,6,03,08,4,1,0,0,1,1,0,0,0
"POINT (6.786993672000051 51.440680455000063)",Unfall 78796 (2020) Kat:3, Licht: 2,78796,3,1,8,03,19,5,1,2,0,1,0,0,0,1
"POINT (6.742876197000044 51.523479829000053)",Unfall 78896 (2020) Kat:3, Licht: 0,78896,3,3,5,03,14,4,0,0,0,0,0,0,0,1
"POINT (6.732428847000051 51.480963362000068)",Unfall 78906 (2020) Kat:3, Licht: 2,78906,3,6,2,03,22,5,1,2,0,1,0,0,0,0
"POINT (6.759067634000076 51.380010532000028)",Unfall 79012 (2020) Kat:3, Licht: 0,79012,3,2,5,03,16,2,0,0,1,1,0,0,0,0
"POINT (6.761532606000060 51.444012019000070)",Unfall 79021 (2020) Kat:2, Licht: 0,79021,2,3,0,03,17,2,1,0,0,1,0,1,0,0
"POINT (6.770966461000057 51.497394517000032)",Unfall 79027 (2020) Kat:3, Licht: 0,79027,3,3,5,03,11,2,0,0,0,1,0,0,0,0
"POINT (6.802548543000057 51.441654102000030)",Unfall 79033 (2020) Kat:2, Licht: 2,79033,2,1,8,03,00,2,1,2,0,1,0,0,0,0
"POINT (6.686241800000062 51.449650284000029)",Unfall 79092 (2020) Kat:3, Licht: 0,79092,3,6,2,03,07,6,0,0,0,1,0,0,0,0
"POINT (6.765024644000050 51.472883830000058)",Unfall 79181 (2020) Kat:3, Licht: 2,79181,3,6,2,03,19,6,1,2,0,1,0,0,0,0
"POINT (6.679574242000058 51.475311337000051)",Unfall 79207 (2020) Kat:3, Licht: 0,79207,3,3,5,03,08,5,1,0,0,1,0,0,0,0
"POINT (6.793344332000061 51.465479894000055)",Unfall 79285 (2020) Kat:3, Licht: 0,79285,3,6,1,03,16,4,1,0,0,1,0,0,0,0
"POINT (6.767306309000048 51.467414307000070)",Unfall 79344 (2020) Kat:3, Licht: 2,79344,3,7,0,03,01,4,1,2,0,1,0,0,0,0
"POINT (6.711890629000038 51.414874345000044)",Unfall 79368 (2020) Kat:3, Licht: 2,79368,3,2,5,03,23,6,0,2,0,1,0,0,0,0
"POINT (6.718150769000033 51.438024318000032)",Unfall 79412 (2020) Kat:3, Licht: 1,79412,3,1,8,03,18,5,1,1,0,1,0,0,0,0
"POINT (6.751949262000039 51.366038723000031)",Unfall 79476 (2020) Kat:2, Licht: 2,79476,2,1,1,03,02,7,0,2,0,1,0,0,0,1
"POINT (6.786195346000056 51.419666891000077)",Unfall 79488 (2020) Kat:3, Licht: 0,79488,3,1,0,03,13,7,0,0,0,0,0,1,0,0
"POINT (6.798503079000057 51.422934481000027)",Unfall 79500 (2020) Kat:3, Licht: 2,79500,3,7,3,03,18,2,0,2,0,1,0,0,0,0
"POINT (6.732698425000024 51.544130491000033)",Unfall 79605 (2020) Kat:3, Licht: 0,79605,3,6,2,03,14,4,0,0,0,1,0,0,0,0
"POINT (6.771474294000029 51.410302186000081)",Unfall 79609 (2020) Kat:3, Licht: 0,79609,3,3,5,03,16,6,0,0,0,1,0,0,0,0
"POINT (6.763551225000072 51.503565048000041)",Unfall 79648 (2020) Kat:2, Licht: 0,79648,2,6,2,03,15,7,0,0,0,1,0,0,0,0
"POINT (6.770346764000067 51.479740122000067)",Unfall 79658 (2020) Kat:2, Licht: 0,79658,2,1,2,03,15,3,0,0,0,1,0,0,1,0
"POINT (6.713334561000067 51.354787759000033)",Unfall 79805 (2020) Kat:2, Licht: 0,79805,2,6,3,03,13,4,0,0,0,1,0,0,0,0
"POINT (6.768071776000056 51.437696276000054)",Unfall 79974 (2020) Kat:3, Licht: 1,79974,3,6,1,03,20,1,0,1,0,1,0,1,0,0
"POINT (6.778389793000031 51.425137776000042)",Unfall 80008 (2020) Kat:3, Licht: 0,80008,3,3,5,03,17,2,0,0,0,1,0,0,0,0
"POINT (6.769708588000071 51.524251890000073)",Unfall 80053 (2020) Kat:3, Licht: 0,80053,3,7,0,03,17,7,0,0,1,0,0,0,0,0
"POINT (6.751925726000025 51.469631391000064)",Unfall 80114 (2020) Kat:3, Licht: 0,80114,3,7,0,03,16,4,0,0,1,1,0,0,0,0
"POINT (6.792412122000030 51.392682862000072)",Unfall 80198 (2020) Kat:3, Licht: 0,80198,3,5,1,04,12,5,0,0,0,1,0,0,0,0
"POINT (6.776795948000029 51.435365099000080)",Unfall 80313 (2020) Kat:2, Licht: 0,80313,2,1,0,03,13,1,1,0,0,0,0,1,0,0
"POINT (6.689922231000026 51.447228660000064)",Unfall 80360 (2020) Kat:3, Licht: 0,80360,3,2,6,04,06,4,0,0,0,1,1,0,0,0
"POINT (6.764955380000060 51.489629819000072)",Unfall 80365 (2020) Kat:3, Licht: 0,80365,3,6,3,03,13,7,0,0,1,1,0,0,0,0
"POINT (6.790832416000058 51.486954250000053)",Unfall 80461 (2020) Kat:3, Licht: 0,80461,3,6,2,04,15,2,0,0,0,1,0,0,0,0
"POINT (6.793238926000072 51.466695847000040)",Unfall 80570 (2020) Kat:3, Licht: 0,80570,3,3,5,04,16,2,0,0,1,1,0,0,0,0
"POINT (6.719720156000051 51.406671890000041)",Unfall 80592 (2020) Kat:3, Licht: 0,80592,3,3,5,04,18,6,0,0,0,1,0,0,0,0
"POINT (6.810990489000062 51.433128415000056)",Unfall 80660 (2020) Kat:2, Licht: 0,80660,2,3,5,04,10,2,0,0,1,1,0,0,0,0
"POINT (6.751259183000059 51.402156869000066)",Unfall 80724 (2020) Kat:3, Licht: 0,80724,3,6,3,04,16,6,0,0,0,1,0,1,0,0
"POINT (6.772296733000076 51.401940017000072)",Unfall 80729 (2020) Kat:2, Licht: 0,80729,2,1,9,04,06,4,0,0,0,1,0,0,0,0
"POINT (6.810918729000036 51.433093093000082)",Unfall 80772 (2020) Kat:3, Licht: 0,80772,3,3,5,04,15,4,0,0,1,1,0,0,0,0
"POINT (6.814295955000034 51.486658282000064)",Unfall 80773 (2020) Kat:3, Licht: 2,80773,3,1,2,04,05,3,0,2,0,1,0,1,0,0
"POINT (6.705322844000023 51.532830073000071)",Unfall 80846 (2020) Kat:3, Licht: 0,80846,3,2,0,04,18,4,0,0,0,1,0,1,0,0
"POINT (6.781006440000056 51.508674950000056)",Unfall 80847 (2020) Kat:3, Licht: 0,80847,3,3,5,04,18,5,0,0,0,1,0,1,0,0
"POINT (6.768204926000067 51.464931337000053)",Unfall 80898 (2020) Kat:3, Licht: 2,80898,3,7,0,04,23,4,0,2,0,1,0,0,0,0
"POINT (6.669232472000033 51.482229177000079)",Unfall 80905 (2020) Kat:2, Licht: 0,80905,2,6,3,04,13,4,0,0,0,1,0,0,1,0
"POINT (6.762335632000031 51.434372932000031)",Unfall 80962 (2020) Kat:3, Licht: 0,80962,3,2,5,04,15,4,0,0,0,1,0,0,0,0
"POINT (6.742321554000057 51.513265038000043)",Unfall 80995 (2020) Kat:2, Licht: 0,80995,2,2,5,04,16,3,0,0,0,1,0,0,0,0
"POINT (6.770690174000038 51.527916310000080)",Unfall 81006 (2020) Kat:2, Licht: 0,81006,2,2,2,04,17,1,0,0,0,1,0,1,0,0
"POINT (6.800479168000038 51.406180294000080)",Unfall 81154 (2020) Kat:3, Licht: 0,81154,3,6,1,04,15,7,0,0,0,1,0,0,0,0
"POINT (6.780953343000022 51.469034685000054)",Unfall 81156 (2020) Kat:3, Licht: 0,81156,3,6,3,04,16,7,0,0,1,1,0,0,0,0
"POINT (6.782302987000037 51.382655455000076)",Unfall 81283 (2020) Kat:3, Licht: 0,81283,3,7,6,04,14,3,0,0,0,0,1,0,0,1
"POINT (6.773500331000037 51.437672336000048)",Unfall 81286 (2020) Kat:3, Licht: 0,81286,3,6,3,04,16,3,0,0,1,0,0,0,0,1
"POINT (6.748103349000076 51.436378371000046)",Unfall 81293 (2020) Kat:3, Licht: 0,81293,3,1,2,04,13,1,0,0,0,1,0,0,0,0
"POINT (6.784746041000062 51.466822416000070)",Unfall 81308 (2020) Kat:3, Licht: 0,81308,3,2,3,04,10,2,0,0,1,1,0,0,0,0
"POINT (6.663825419000034 51.352607518000070)",Unfall 81343 (2020) Kat:2, Licht: 0,81343,2,7,0,04,16,1,0,0,1,0,0,0,0,0
"POINT (6.791064684000048 51.490237078000064)",Unfall 81376 (2020) Kat:2, Licht: 0,81376,2,2,4,04,16,7,1,0,1,1,0,0,0,0
"POINT (6.752866674000075 51.414773260000061)",Unfall 81403 (2020) Kat:3, Licht: 0,81403,3,6,2,04,14,1,0,0,0,1,0,0,0,0
"POINT (6.700930462000031 51.508848200000045)",Unfall 81437 (2020) Kat:2, Licht: 0,81437,2,1,8,04,20,2,0,0,0,1,0,0,0,0
"POINT (6.791014049000069 51.392177849000063)",Unfall 81510 (2020) Kat:3, Licht: 0,81510,3,1,0,04,11,7,0,0,0,0,0,1,0,0
"POINT (6.754025907000028 51.418609504000074)",Unfall 81537 (2020) Kat:3, Licht: 0,81537,3,2,3,04,14,1,0,0,1,1,0,0,0,0
"POINT (6.744886919000066 51.445205047000059)",Unfall 81540 (2020) Kat:3, Licht: 0,81540,3,2,5,04,07,6,0,0,1,0,0,0,1,0
"POINT (6.816571365000073 51.468969601000026)",Unfall 81559 (2020) Kat:3, Licht: 0,81559,3,6,2,04,15,5,0,0,0,1,0,0,0,1
"POINT (6.771858429000076 51.460442030000081)",Unfall 81562 (2020) Kat:3, Licht: 0,81562,3,6,0,04,14,5,0,0,0,0,0,1,0,0
"POINT (6.687047951000068 51.437164137000082)",Unfall 81565 (2020) Kat:3, Licht: 0,81565,3,1,8,04,19,5,0,0,0,1,0,0,0,0
"POINT (6.778083016000039 51.453465158000029)",Unfall 81573 (2020) Kat:3, Licht: 0,81573,3,6,1,04,15,5,0,0,0,1,0,0,0,0
"POINT (6.766104289000055 51.423776134000036)",Unfall 81624 (2020) Kat:3, Licht: 0,81624,3,2,5,04,17,3,0,0,1,1,0,0,0,0
"POINT (6.755068301000051 51.527464368000039)",Unfall 81627 (2020) Kat:2, Licht: 0,81627,2,2,5,04,07,3,0,0,0,1,0,0,1,0
"POINT (6.814021724000043 51.485657159000027)",Unfall 81651 (2020) Kat:2, Licht: 0,81651,2,6,2,04,14,5,0,0,0,0,0,0,1,1
"POINT (6.710797699000068 51.398165178000056)",Unfall 81660 (2020) Kat:3, Licht: 0,81660,3,2,1,04,10,5,0,0,0,1,0,0,0,0
"POINT (6.698061977000066 51.415653951000081)",Unfall 81715 (2020) Kat:3, Licht: 0,81715,3,2,4,04,13,6,0,0,0,1,0,1,0,0
"POINT (6.763708033000057 51.505621789000031)",Unfall 81727 (2020) Kat:3, Licht: 0,81727,3,2,4,04,16,5,0,0,1,1,0,0,0,0
"POINT (6.757670784000027 51.375338287000034)",Unfall 81732 (2020) Kat:3, Licht: 0,81732,3,2,5,04,15,4,0,0,1,1,0,0,0,0
"POINT (6.664626045000034 51.353071864000071)",Unfall 81736 (2020) Kat:2, Licht: 0,81736,2,2,2,04,14,4,0,0,0,1,0,0,1,0
"POINT (6.764966954000045 51.426125711000054)",Unfall 81738 (2020) Kat:3, Licht: 0,81738,3,6,1,04,12,4,0,0,0,1,0,0,0,0
"POINT (6.754522922000035 51.459933658000068)",Unfall 81742 (2020) Kat:3, Licht: 0,81742,3,6,1,04,09,4,0,0,0,0,0,0,1,0
"POINT (6.747742887000072 51.457832714000062)",Unfall 81873 (2020) Kat:3, Licht: 0,81873,3,6,1,04,14,5,0,0,0,1,0,0,0,0
"POINT (6.760944385000073 51.432332755000061)",Unfall 81970 (2020) Kat:3, Licht: 0,81970,3,2,5,04,17,7,0,0,1,1,0,0,0,0
"POINT (6.784014169000045 51.511955401000080)",Unfall 81988 (2020) Kat:3, Licht: 0,81988,3,3,5,04,14,3,0,0,0,1,0,1,0,0
"POINT (6.765633293000064 51.406218163000062)",Unfall 82017 (2020) Kat:3, Licht: 0,82017,3,6,2,04,11,4,1,0,0,1,0,0,1,0
"POINT (6.754854252000030 51.424457237000070)",Unfall 82105 (2020) Kat:3, Licht: 0,82105,3,6,2,04,16,2,0,0,0,1,0,0,0,0
"POINT (6.701399319000075 51.479263622000076)",Unfall 82235 (2020) Kat:3, Licht: 0,82235,3,6,3,04,12,3,0,0,0,1,0,0,1,0
"POINT (6.740842119000035 51.516103922000070)",Unfall 82254 (2020) Kat:2, Licht: 2,82254,2,6,4,04,23,4,1,2,0,1,0,0,0,0
"POINT (6.756974848000027 51.436958804000028)",Unfall 82355 (2020) Kat:3, Licht: 0,82355,3,2,5,04,18,7,0,0,1,1,0,0,0,0
"POINT (6.818848106000075 51.467112381000049)",Unfall 82390 (2020) Kat:3, Licht: 0,82390,3,6,2,05,15,1,0,0,1,1,0,0,0,0
"POINT (6.768945989000031 51.426506744000051)",Unfall 82406 (2020) Kat:3, Licht: 2,82406,3,6,2,05,01,1,0,2,0,1,0,0,0,0
"POINT (6.730755481000074 51.369932381000069)",Unfall 82425 (2020) Kat:3, Licht: 2,82425,3,7,0,05,04,4,0,2,1,1,0,0,0,0
"POINT (6.736028673000021 51.527111239000078)",Unfall 82441 (2020) Kat:3, Licht: 0,82441,3,2,5,05,19,2,0,0,1,0,0,0,0,0
"POINT (6.770225850000031 51.507352115000060)",Unfall 82455 (2020) Kat:3, Licht: 2,82455,3,3,5,04,04,5,1,2,1,1,0,0,0,0
"POINT (6.774855398000057 51.493163115000073)",Unfall 82507 (2020) Kat:3, Licht: 0,82507,3,7,0,05,16,4,0,0,0,0,1,0,0,1
"POINT (6.767187830000069 51.371226604000071)",Unfall 82516 (2020) Kat:3, Licht: 0,82516,3,1,0,05,13,7,1,0,1,0,0,0,0,0
"POINT (6.769881460000022 51.485695932000056)",Unfall 82520 (2020) Kat:2, Licht: 2,82520,2,1,4,05,04,7,1,2,0,1,0,1,0,0
"POINT (6.743873567000037 51.511803670000063)",Unfall 82523 (2020) Kat:3, Licht: 0,82523,3,6,3,05,19,7,0,0,0,1,0,0,0,0
"POINT (6.752511326000047 51.411314061000041)",Unfall 82581 (2020) Kat:2, Licht: 2,82581,2,4,6,05,01,3,0,2,0,1,1,0,0,0
"POINT (6.701414772000021 51.449537309000050)",Unfall 82591 (2020) Kat:3, Licht: 2,82591,3,7,6,05,23,2,1,2,0,1,1,0,0,0
"POINT (6.799079469000048 51.446215744000028)",Unfall 82649 (2020) Kat:3, Licht: 0,82649,3,6,3,04,11,5,0,0,0,1,0,0,1,0
"POINT (6.751968319000071 51.435482996000076)",Unfall 82659 (2020) Kat:3, Licht: 0,82659,3,1,9,04,18,5,1,0,0,1,0,0,0,0
"POINT (6.766093110000043 51.423802665000039)",Unfall 82686 (2020) Kat:3, Licht: 0,82686,3,3,5,05,11,4,0,0,0,1,0,0,0,0
"POINT (6.756821875000071 51.430623933000049)",Unfall 82768 (2020) Kat:3, Licht: 0,82768,3,6,3,05,15,2,0,0,0,1,0,0,0,0
"POINT (6.778667698000049 51.450856041000065)",Unfall 82786 (2020) Kat:3, Licht: 0,82786,3,6,3,05,14,2,0,0,0,1,0,0,1,0
"POINT (6.732997968000063 51.543873404000067)",Unfall 82817 (2020) Kat:3, Licht: 0,82817,3,2,5,05,16,5,0,0,1,1,0,0,0,0
"POINT (6.754189718000021 51.419193260000043)",Unfall 82853 (2020) Kat:3, Licht: 0,82853,3,2,5,05,13,7,0,0,1,1,0,0,0,0
"POINT (6.739265324000030 51.450727416000063)",Unfall 82874 (2020) Kat:3, Licht: 0,82874,3,5,2,05,13,2,0,0,1,1,0,0,0,0
"POINT (6.673359936000054 51.490529309000067)",Unfall 82926 (2020) Kat:3, Licht: 2,82926,3,3,5,05,20,1,1,2,0,1,0,0,0,0
"POINT (6.765233738000063 51.471268491000046)",Unfall 82938 (2020) Kat:3, Licht: 0,82938,3,6,0,05,15,2,0,0,0,1,0,0,0,0
"POINT (6.761030452000057 51.427228429000081)",Unfall 82974 (2020) Kat:3, Licht: 0,82974,3,3,5,05,19,6,0,0,0,1,0,1,0,0
"POINT (6.698130658000025 51.451979825000080)",Unfall 83006 (2020) Kat:3, Licht: 0,83006,3,3,5,05,12,4,0,0,1,1,0,0,0,0
"POINT (6.789113630000031 51.475633253000069)",Unfall 83018 (2020) Kat:2, Licht: 0,83018,2,3,5,05,11,3,0,0,0,1,0,1,0,0
"POINT (6.810520139000062 51.440816694000034)",Unfall 83075 (2020) Kat:3, Licht: 0,83075,3,6,2,05,14,2,0,0,0,1,0,0,0,0
"POINT (6.727534189000039 51.368341115000078)",Unfall 83148 (2020) Kat:3, Licht: 0,83148,3,3,5,05,15,6,0,0,0,1,0,0,0,0
"POINT (6.793405188000065 51.479673949000073)",Unfall 83171 (2020) Kat:2, Licht: 0,83171,2,6,1,05,15,2,0,0,0,1,0,1,0,0
"POINT (6.765754340000058 51.469525373000067)",Unfall 83193 (2020) Kat:3, Licht: 0,83193,3,6,2,05,16,5,0,0,0,1,0,0,0,0
"POINT (6.778859452000063 51.432050735000075)",Unfall 83354 (2020) Kat:3, Licht: 0,83354,3,3,5,05,19,2,0,0,1,1,0,0,0,0
"POINT (6.712049323000031 51.412624637000079)",Unfall 83517 (2020) Kat:3, Licht: 0,83517,3,2,4,05,13,6,0,0,0,1,0,0,0,0
"POINT (6.798560163000047 51.414098951000028)",Unfall 83522 (2020) Kat:3, Licht: 2,83522,3,6,3,05,03,6,0,2,0,1,0,0,0,0
"POINT (6.786080919000028 51.505258625000067)",Unfall 83688 (2020) Kat:2, Licht: 2,83688,2,1,0,05,00,1,0,2,0,1,0,1,0,0
"POINT (6.773441656000045 51.446690045000082)",Unfall 83693 (2020) Kat:3, Licht: 0,83693,3,6,2,05,12,7,0,0,0,1,0,1,0,0
"POINT (6.785421158000077 51.471350169000061)",Unfall 83713 (2020) Kat:3, Licht: 0,83713,3,2,2,05,11,2,0,0,0,1,0,1,0,0
"POINT (6.781704338000054 51.490171728000064)",Unfall 83795 (2020) Kat:3, Licht: 0,83795,3,6,2,05,14,3,0,0,0,1,0,0,0,0
"POINT (6.763951223000049 51.502681581000047)",Unfall 83802 (2020) Kat:3, Licht: 0,83802,3,1,9,05,16,1,0,0,0,1,0,0,0,0
"POINT (6.668661368000073 51.482856344000027)",Unfall 83816 (2020) Kat:3, Licht: 0,83816,3,2,5,05,05,7,0,0,0,1,0,0,0,1
"POINT (6.800492859000030 51.406143863000068)",Unfall 83817 (2020) Kat:3, Licht: 0,83817,3,3,5,05,18,5,0,0,0,1,0,0,0,0
"POINT (6.794257204000076 51.483543355000052)",Unfall 83818 (2020) Kat:3, Licht: 0,83818,3,2,5,05,14,5,0,0,1,0,0,0,1,0
"POINT (6.709973277000074 51.417906833000075)",Unfall 83849 (2020) Kat:3, Licht: 1,83849,3,6,3,05,21,5,0,1,0,1,0,0,0,0
"POINT (6.731835064000052 51.544850375000067)",Unfall 83935 (2020) Kat:3, Licht: 0,83935,3,6,2,05,12,4,0,0,0,1,0,0,0,1
"POINT (6.762314707000030 51.431660931000067)",Unfall 83959 (2020) Kat:3, Licht: 0,83959,3,7,6,05,10,6,0,0,0,0,1,0,0,1
"POINT (6.745096993000061 51.527260217000048)",Unfall 84010 (2020) Kat:3, Licht: 0,84010,3,2,3,05,16,5,0,0,0,1,0,1,0,0
"POINT (6.791456244000074 51.392227307000041)",Unfall 84127 (2020) Kat:3, Licht: 0,84127,3,3,5,05,11,3,0,0,1,1,0,0,0,0
"POINT (6.803031312000030 51.467802349000067)",Unfall 84202 (2020) Kat:3, Licht: 0,84202,3,3,0,05,18,3,0,0,1,1,0,0,0,0
"POINT (6.727666480000039 51.479272470000069)",Unfall 84205 (2020) Kat:3, Licht: 0,84205,3,1,2,05,14,3,0,0,0,1,0,0,0,1
"POINT (6.765482031000033 51.469317818000036)",Unfall 84285 (2020) Kat:3, Licht: 0,84285,3,1,8,05,07,2,0,0,0,1,0,0,0,0
"POINT (6.673359936000054 51.490529309000067)",Unfall 84319 (2020) Kat:3, Licht: 0,84319,3,1,0,05,17,3,0,0,1,0,0,0,0,0
"POINT (6.754522893000058 51.423070054000050)",Unfall 84328 (2020) Kat:3, Licht: 0,84328,3,1,1,05,16,1,0,0,0,1,0,0,0,0
"POINT (6.776464919000034 51.513447150000047)",Unfall 84371 (2020) Kat:2, Licht: 0,84371,2,3,4,05,07,3,0,0,0,1,0,1,0,0
"POINT (6.718148007000025 51.471770839000044)",Unfall 84385 (2020) Kat:2, Licht: 1,84385,2,6,8,05,22,5,0,1,0,1,0,0,0,0
"POINT (6.751354508000077 51.418916377000073)",Unfall 84435 (2020) Kat:3, Licht: 2,84435,3,7,0,05,00,6,0,2,0,1,0,0,0,0
"POINT (6.786167876000036 51.391150104000076)",Unfall 84440 (2020) Kat:3, Licht: 2,84440,3,1,9,05,01,4,0,2,0,1,0,0,0,0
"POINT (6.785746419000077 51.507028351000031)",Unfall 84484 (2020) Kat:3, Licht: 0,84484,3,3,5,05,09,4,0,0,0,1,0,1,0,0
"POINT (6.787667955000075 51.488111370000070)",Unfall 84496 (2020) Kat:2, Licht: 0,84496,2,2,5,05,19,6,0,0,0,1,0,1,0,0
"POINT (6.678133341000034 51.437385626000037)",Unfall 84499 (2020) Kat:2, Licht: 0,84499,2,6,2,05,17,4,0,0,0,1,0,0,0,1
"POINT (6.765460967000024 51.431216509000080)",Unfall 84504 (2020) Kat:2, Licht: 0,84504,2,7,0,05,10,5,0,0,0,0,0,0,0,1
"POINT (6.764657596000063 51.472342058000038)",Unfall 84618 (2020) Kat:3, Licht: 0,84618,3,6,2,05,11,6,0,0,0,1,0,0,0,0
"POINT (6.753220469000041 51.415526782000029)",Unfall 84695 (2020) Kat:3, Licht: 0,84695,3,4,0,06,18,2,0,0,1,0,1,0,0,0
"POINT (6.732555310000066 51.535907820000034)",Unfall 84703 (2020) Kat:3, Licht: 0,84703,3,6,1,05,12,1,0,0,0,1,0,0,0,0
"POINT (6.738996557000064 51.456057276000081)",Unfall 84705 (2020) Kat:3, Licht: 0,84705,3,1,4,05,20,1,0,0,0,1,0,0,0,0
"POINT (6.750919768000074 51.399400861000061)",Unfall 84838 (2020) Kat:2, Licht: 0,84838,2,1,0,06,20,2,0,0,1,0,0,0,0,0
"POINT (6.757165880000059 51.418822382000030)",Unfall 84897 (2020) Kat:3, Licht: 0,84897,3,6,2,05,18,7,0,0,0,1,0,0,0,0
"POINT (6.785411163000049 51.471330033000072)",Unfall 84899 (2020) Kat:3, Licht: 2,84899,3,3,5,05,23,7,0,2,0,1,0,0,0,0
"POINT (6.755434240000056 51.426821693000079)",Unfall 84909 (2020) Kat:3, Licht: 0,84909,3,6,2,06,20,2,0,0,0,1,0,0,0,0
"POINT (6.690983545000051 51.436377906000075)",Unfall 84989 (2020) Kat:3, Licht: 0,84989,3,6,2,05,14,7,0,0,0,1,0,0,0,0
"POINT (6.683282760000054 51.358253729000069)",Unfall 85050 (2020) Kat:2, Licht: 0,85050,2,3,5,06,14,5,0,0,0,1,0,0,1,0
"POINT (6.796828419000065 51.394280219000052)",Unfall 85081 (2020) Kat:3, Licht: 0,85081,3,3,0,06,16,4,0,0,1,1,0,0,0,0
"POINT (6.798836633000065 51.448337027000036)",Unfall 85139 (2020) Kat:3, Licht: 0,85139,3,6,2,06,14,4,0,0,0,1,0,0,0,0
"POINT (6.664908444000048 51.484369416000050)",Unfall 85169 (2020) Kat:3, Licht: 0,85169,3,6,2,06,14,6,1,0,0,1,0,1,0,0
"POINT (6.777154076000045 51.384841554000047)",Unfall 85194 (2020) Kat:3, Licht: 0,85194,3,3,0,06,17,5,1,0,0,1,0,1,0,0
"POINT (6.690507015000037 51.449633008000035)",Unfall 85286 (2020) Kat:3, Licht: 0,85286,3,3,5,06,16,5,1,0,0,1,0,1,0,0
"POINT (6.752799044000028 51.418758761000049)",Unfall 85298 (2020) Kat:2, Licht: 0,85298,2,3,5,06,14,4,0,0,0,1,0,0,0,0
"POINT (6.772330103000058 51.429338336000058)",Unfall 85308 (2020) Kat:3, Licht: 2,85308,3,1,8,06,22,3,0,2,0,1,0,0,0,0