WKT,Name,OBJECTID,UKATEGORIE,UTYP1,UART,UMONAT,USTUNDE,UWOCHENTAG,STRZUSTAND,ULICHTVERH,ISTRAD,ISTPKW,ISTFUSS,ISTKRAD,ISTGKFZ,ISTSONSTIG
"POINT (6.810471791000055 51.440713505000076)",Unfall 85365 (2020) Kat:3, Licht: 0,85365,3,6,2,06,17,6,1,0,0,1,0,0,0,0
"POINT (6.774254953000025 51.463670295000043)",Unfall 85421 (2020) Kat:3, Licht: 0,85421,3,3,5,06,09,3,0,0,0,1,0,0,0,0
"POINT (6.762797754000076 51.401252461000070)",Unfall 85437 (2020) Kat:2, Licht: 0,85437,2,4,6,06,11,2,0,0,0,1,1,0,0,0
"POINT (6.803595344000030 51.400057355000058)",Unfall 85488 (2020) Kat:3, Licht: 0,85488,3,3,5,06,16,4,0,0,0,1,0,0,0,0
"POINT (6.763389006000068 51.503804313000046)",Unfall 85563 (2020) Kat:3, Licht: 0,85563,3,6,0,06,12,3,0,0,0,1,0,1,0,0
"POINT (6.758437271000048 51.527626482000073)",Unfall 85575 (2020) Kat:3, Licht: 0,85575,3,6,1,06,15,3,0,0,0,1,0,0,0,0
"POINT (6.761547119000056 51.500288232000059)",Unfall 85580 (2020) Kat:3, Licht: 0,85580,3,6,1,06,17,1,0,0,0,1,0,0,0,0
"POINT (6.765889207000043 51.424286563000067)",Unfall 85838 (2020) Kat:3, Licht: 0,85838,3,6,5,06,16,2,0,0,0,1,0,0,0,0
"POINT (6.684622642000022 51.409469799000078)",Unfall 85898 (2020) Kat:3, Licht: 0,85898,3,7,0,06,10,6,0,0,1,1,0,0,0,0
"POINT (6.768190034000043 51.496561391000057)",Unfall 85904 (2020) Kat:3, Licht: 2,85904,3,6,2,06,02,1,0,2,0,1,0,0,0,0
"POINT (6.696886516000063 51.401327459000072)",Unfall 85925 (2020) Kat:3, Licht: 0,85925,3,6,2,06,09,2,0,0,0,1,0,0,0,0
"POINT (6.761851393000029 51.373223201000030)",Unfall 85938 (2020) Kat:2, Licht: 2,85938,2,1,0,06,23,7,0,2,1,0,0,0,0,0
"POINT (6.741080595000028 51.517311568000082)",Unfall 86030 (2020) Kat:3, Licht: 0,86030,3,3,5,06,09,7,0,0,1,1,0,0,0,0
"POINT (6.731297991000076 51.545319311000071)",Unfall 86054 (2020) Kat:2, Licht: 0,86054,2,7,0,06,13,5,0,0,0,0,0,1,0,0
"POINT (6.790695696000057 51.477892160000067)",Unfall 86062 (2020) Kat:2, Licht: 2,86062,2,1,0,06,22,5,0,2,1,0,0,0,0,0
"POINT (6.789477037000040 51.425382898000066)",Unfall 86114 (2020) Kat:3, Licht: 0,86114,3,6,2,06,13,2,0,0,0,1,0,0,0,0
"POINT (6.808037790000071 51.436058587000048)",Unfall 86209 (2020) Kat:3, Licht: 0,86209,3,6,2,06,06,2,0,0,0,1,0,0,0,0
"POINT (6.757305549000023 51.418839420000040)",Unfall 86210 (2020) Kat:2, Licht: 0,86210,2,2,0,06,08,7,0,0,0,1,1,0,0,0
"POINT (6.794406735000052 51.444715222000070)",Unfall 86267 (2020) Kat:3, Licht: 0,86267,3,3,5,06,17,5,0,0,1,1,0,0,0,0
"POINT (6.759005015000071 51.376696064000043)",Unfall 86338 (2020) Kat:2, Licht: 0,86338,2,1,0,06,17,7,0,0,1,0,0,0,0,0
"POINT (6.775612543000023 51.375206964000029)",Unfall 86367 (2020) Kat:3, Licht: 2,86367,3,1,3,06,22,5,1,2,0,1,0,0,0,0
"POINT (6.808369223000057 51.434670313000026)",Unfall 86369 (2020) Kat:3, Licht: 0,86369,3,6,2,06,13,6,0,0,0,1,0,0,1,0
"POINT (6.696792059000075 51.419411996000065)",Unfall 86463 (2020) Kat:3, Licht: 0,86463,3,3,0,06,13,6,0,0,0,1,0,0,0,0
"POINT (6.774996183000042 51.457514058000072)",Unfall 86575 (2020) Kat:3, Licht: 0,86575,3,1,2,06,14,6,0,0,0,1,0,0,0,0
"POINT (6.754463760000022 51.422940847000064)",Unfall 86606 (2020) Kat:3, Licht: 0,86606,3,3,5,06,16,7,0,0,0,1,0,0,0,1
"POINT (6.758916427000031 51.392763865000063)",Unfall 86642 (2020) Kat:3, Licht: 0,86642,3,6,3,06,13,6,0,0,1,0,0,0,0,0
"POINT (6.810983340000064 51.433128650000072)",Unfall 86771 (2020) Kat:3, Licht: 0,86771,3,3,5,06,17,5,0,0,1,1,0,0,0,0
"POINT (6.688836320000064 51.386522344000070)",Unfall 86782 (2020) Kat:3, Licht: 0,86782,3,6,1,06,07,4,0,0,0,1,0,0,0,0
"POINT (6.758743913000046 51.419043690000080)",Unfall 86979 (2020) Kat:2, Licht: 0,86979,2,1,0,06,17,5,0,0,1,0,0,0,0,0
"POINT (6.784171703000027 51.420952644000067)",Unfall 86990 (2020) Kat:3, Licht: 0,86990,3,6,2,06,13,4,0,0,0,1,0,0,0,0
"POINT (6.740030280000042 51.415750546000027)",Unfall 87000 (2020) Kat:3, Licht: 0,87000,3,1,2,06,15,3,0,0,0,0,0,0,1,1
"POINT (6.750658522000038 51.397919201000036)",Unfall 87007 (2020) Kat:1, Licht: 0,87007,1,4,6,06,16,2,0,0,0,0,1,0,0,1
"POINT (6.658094547000076 51.487704615000041)",Unfall 87041 (2020) Kat:2, Licht: 0,87041,2,6,2,06,15,4,0,0,0,1,0,0,0,0
"POINT (6.710308275000045 51.400119593000056)",Unfall 87090 (2020) Kat:3, Licht: 0,87090,3,6,3,06,11,4,0,0,1,0,0,0,0,0
"POINT (6.736082088000046 51.482746080000027)",Unfall 87133 (2020) Kat:3, Licht: 0,87133,3,6,2,06,15,3,0,0,0,1,0,0,0,0
"POINT (6.782273578000059 51.382528765000075)",Unfall 87152 (2020) Kat:3, Licht: 0,87152,3,6,2,06,17,5,0,0,0,1,0,0,0,0
"POINT (6.759335788000044 51.419113844000037)",Unfall 87192 (2020) Kat:2, Licht: 0,87192,2,2,4,06,15,2,0,0,0,1,0,1,0,0
"POINT (6.722050711000065 51.353540313000053)",Unfall 87257 (2020) Kat:3, Licht: 0,87257,3,1,0,06,13,1,0,0,0,1,0,0,0,0
"POINT (6.768957916000034 51.463428091000026)",Unfall 87277 (2020) Kat:3, Licht: 0,87277,3,7,8,06,12,1,0,0,0,1,0,0,0,0
"POINT (6.723589720000064 51.367294892000075)",Unfall 87356 (2020) Kat:3, Licht: 0,87356,3,3,5,06,11,6,0,0,1,1,0,0,0,0
"POINT (6.726971680000077 51.352859033000072)",Unfall 87358 (2020) Kat:2, Licht: 0,87358,2,6,3,06,12,6,0,0,0,1,0,0,1,0
"POINT (6.742854978000025 51.524703792000082)",Unfall 87360 (2020) Kat:3, Licht: 0,87360,3,3,5,06,17,6,0,0,0,1,0,0,0,0
"POINT (6.779372054000021 51.359045116000061)",Unfall 87364 (2020) Kat:3, Licht: 0,87364,3,2,2,06,18,7,0,0,0,1,0,0,0,0
"POINT (6.766629179000063 51.461820199000044)",Unfall 87365 (2020) Kat:3, Licht: 0,87365,3,7,5,06,15,6,0,0,0,1,0,1,0,0
"POINT (6.814154202000054 51.486391652000066)",Unfall 87371 (2020) Kat:3, Licht: 0,87371,3,1,9,06,16,6,0,0,0,0,0,1,0,0
"POINT (6.767187830000069 51.371226604000071)",Unfall 87447 (2020) Kat:3, Licht: 0,87447,3,6,2,06,15,2,0,0,0,1,0,1,0,0
"POINT (6.727577587000042 51.368346406000057)",Unfall 87540 (2020) Kat:2, Licht: 0,87540,2,3,5,06,10,3,0,0,0,0,0,1,0,1
"POINT (6.751482908000071 51.403977363000081)",Unfall 87554 (2020) Kat:2, Licht: 0,87554,2,1,4,07,08,4,1,0,0,1,0,0,0,1
"POINT (6.771840174000033 51.460459161000074)",Unfall 87570 (2020) Kat:3, Licht: 0,87570,3,6,2,07,14,4,0,0,0,1,0,0,0,0
"POINT (6.785748834000060 51.507037934000039)",Unfall 87647 (2020) Kat:2, Licht: 0,87647,2,6,0,07,15,5,0,0,1,0,0,0,0,0
"POINT (6.770387944000049 51.423788254000044)",Unfall 87649 (2020) Kat:2, Licht: 0,87649,2,6,0,07,07,4,1,0,0,1,0,0,0,0
"POINT (6.753514147000033 51.435216833000027)",Unfall 87742 (2020) Kat:3, Licht: 0,87742,3,5,3,07,16,5,0,0,0,1,0,0,0,0
"POINT (6.802319538000063 51.441744182000036)",Unfall 87777 (2020) Kat:3, Licht: 1,87777,3,1,8,07,06,1,1,1,0,1,0,0,0,0
"POINT (6.710374499000068 51.417609029000062)",Unfall 87856 (2020) Kat:3, Licht: 0,87856,3,6,2,07,15,7,0,0,0,1,0,0,0,0
"POINT (6.709388235000063 51.418341846000033)",Unfall 87857 (2020) Kat:3, Licht: 0,87857,3,1,0,07,15,7,0,0,0,0,0,1,0,0
"POINT (6.782324983000024 51.422194789000059)",Unfall 87996 (2020) Kat:2, Licht: 0,87996,2,2,6,07,13,3,0,0,0,1,1,0,0,0
"POINT (6.813643612000021 51.462548249000065)",Unfall 88023 (2020) Kat:3, Licht: 0,88023,3,6,2,07,15,6,0,0,0,1,0,0,0,1
"POINT (6.694063784000036 51.410750907000079)",Unfall 88059 (2020) Kat:3, Licht: 0,88059,3,2,2,07,14,7,0,0,1,1,0,0,0,0
"POINT (6.691180884000062 51.447941759000059)",Unfall 88088 (2020) Kat:3, Licht: 0,88088,3,7,4,07,09,6,1,0,0,1,0,0,0,0
"POINT (6.790595240000073 51.426332568000078)",Unfall 88172 (2020) Kat:3, Licht: 0,88172,3,5,0,07,19,7,0,0,1,1,0,0,0,0
"POINT (6.772869357000047 51.370947062000027)",Unfall 88274 (2020) Kat:3, Licht: 0,88274,3,6,2,07,11,4,1,0,0,1,0,0,0,0
"POINT (6.682485967000048 51.442893512000069)",Unfall 88289 (2020) Kat:3, Licht: 0,88289,3,6,2,07,17,6,1,0,0,1,0,0,0,0
"POINT (6.739408330000060 51.452854581000054)",Unfall 88356 (2020) Kat:2, Licht: 0,88356,2,2,5,07,11,5,1,0,0,1,0,0,0,0
"POINT (6.753331757000069 51.415898736000031)",Unfall 88391 (2020) Kat:3, Licht: 0,88391,3,1,8,07,16,3,1,0,0,0,0,1,0,0
"POINT (6.774421660000030 51.492587227000058)",Unfall 88427 (2020) Kat:3, Licht: 0,88427,3,4,2,07,17,3,1,0,0,1,1,0,0,0
"POINT (6.750659184000028 51.397929970000064)",Unfall 88498 (2020) Kat:3, Licht: 0,88498,3,4,6,07,17,1,0,0,0,1,1,0,0,0
"POINT (6.718856242000072 51.456588769000064)",Unfall 88501 (2020) Kat:3, Licht: 1,88501,3,3,5,07,22,1,0,1,1,1,0,0,0,0
"POINT (6.753950614000075 51.418268691000037)",Unfall 88513 (2020) Kat:3, Licht: 0,88513,3,6,1,07,15,2,0,0,0,1,0,0,0,0
"POINT (6.752005318000045 51.441061550000029)",Unfall 88517 (2020) Kat:3, Licht: 0,88517,3,2,4,07,11,2,0,0,1,1,0,0,0,0
"POINT (6.696364283000037 51.450955777000047)",Unfall 88519 (2020) Kat:3, Licht: 0,88519,3,3,5,07,11,2,0,0,0,1,0,0,0,0
"POINT (6.785599355000045 51.447564245000081)",Unfall 88650 (2020) Kat:3, Licht: 0,88650,3,3,3,07,16,2,0,0,0,1,0,1,0,0
"POINT (6.787348682000072 51.395913683000060)",Unfall 88681 (2020) Kat:3, Licht: 0,88681,3,5,5,07,16,4,0,0,0,1,0,1,0,0
"POINT (6.794364177000034 51.442989261000037)",Unfall 88785 (2020) Kat:3, Licht: 0,88785,3,3,5,07,15,2,0,0,0,1,0,0,0,0
"POINT (6.780489904000035 51.490634771000032)",Unfall 88858 (2020) Kat:3, Licht: 0,88858,3,6,2,07,10,6,0,0,0,1,0,0,0,0
"POINT (6.746086592000040 51.486538593000034)",Unfall 88955 (2020) Kat:3, Licht: 0,88955,3,6,2,07,16,6,0,0,0,1,0,0,1,0
"POINT (6.742802491000020 51.417358693000040)",Unfall 88959 (2020) Kat:2, Licht: 0,88959,2,1,0,07,13,2,0,0,1,0,0,0,0,0
"POINT (6.784171703000027 51.420952644000067)",Unfall 89026 (2020) Kat:3, Licht: 0,89026,3,6,2,07,17,1,0,0,0,1,0,0,0,0
"POINT (6.749808055000074 51.442010740000057)",Unfall 89044 (2020) Kat:3, Licht: 0,89044,3,6,3,07,08,2,1,0,0,1,0,1,0,0
"POINT (6.781945570000062 51.419009679000055)",Unfall 89101 (2020) Kat:3, Licht: 0,89101,3,2,2,07,17,5,1,0,0,1,0,0,0,0
"POINT (6.690815223000072 51.383347369000035)",Unfall 89104 (2020) Kat:3, Licht: 2,89104,3,1,8,07,04,5,0,2,0,1,0,0,0,0
"POINT (6.750850122000031 51.397919751000074)",Unfall 89129 (2020) Kat:3, Licht: 0,89129,3,2,5,07,15,2,0,0,1,1,0,0,0,0
"POINT (6.794257204000076 51.483543355000052)",Unfall 89183 (2020) Kat:3, Licht: 0,89183,3,6,2,07,11,7,0,0,0,1,0,0,0,0
"POINT (6.755659009000055 51.438032641000063)",Unfall 89184 (2020) Kat:3, Licht: 0,89184,3,2,4,07,17,6,0,0,0,1,0,1,0,0
"POINT (6.758700817000033 51.385238508000043)",Unfall 89220 (2020) Kat:3, Licht: 0,89220,3,3,0,07,15,5,0,0,1,1,0,0,0,0
"POINT (6.741599637000036 51.527347577000057)",Unfall 89240 (2020) Kat:3, Licht: 0,89240,3,2,5,07,15,5,0,0,1,1,0,0,0,0
"POINT (6.737543032000076 51.487808260000065)",Unfall 89443 (2020) Kat:3, Licht: 0,89443,3,7,0,07,16,7,1,0,0,0,0,1,0,0
"POINT (6.657564803000071 51.396284026000046)",Unfall 89444 (2020) Kat:3, Licht: 0,89444,3,3,5,07,16,6,0,0,0,1,0,0,0,0
"POINT (6.753761316000066 51.417561702000057)",Unfall 89542 (2020) Kat:3, Licht: 0,89542,3,1,0,07,21,3,0,0,1,0,0,0,0,0
"POINT (6.668640790000040 51.482866047000073)",Unfall 89545 (2020) Kat:3, Licht: 0,89545,3,3,5,07,10,3,0,0,1,0,0,0,0,1
"POINT (6.770613925000021 51.461603638000042)",Unfall 89554 (2020) Kat:3, Licht: 0,89554,3,6,2,07,14,6,0,0,0,1,0,0,0,0
"POINT (6.803983716000062 51.405540116000054)",Unfall 89641 (2020) Kat:3, Licht: 0,89641,3,6,2,07,12,6,0,0,0,1,0,1,0,0
"POINT (6.751307283000074 51.402644019000036)",Unfall 89654 (2020) Kat:3, Licht: 0,89654,3,3,5,07,11,2,1,0,0,1,0,0,0,0
"POINT (6.758353936000049 51.435792101000061)",Unfall 89676 (2020) Kat:2, Licht: 0,89676,2,1,8,07,13,2,0,0,1,0,0,0,0,0
"POINT (6.797553525000069 51.460514188000047)",Unfall 89801 (2020) Kat:3, Licht: 0,89801,3,6,4,07,19,3,0,0,0,1,0,0,0,1
"POINT (6.666089979000049 51.474524977000044)",Unfall 89863 (2020) Kat:3, Licht: 0,89863,3,2,4,07,16,6,0,0,0,1,0,1,0,0
"POINT (6.767976222000073 51.408844841000075)",Unfall 89905 (2020) Kat:3, Licht: 0,89905,3,5,9,07,16,1,0,0,1,0,0,0,0,0
"POINT (6.778399181000054 51.425130633000038)",Unfall 89912 (2020) Kat:3, Licht: 0,89912,3,7,6,07,17,4,0,0,1,0,1,0,0,0
"POINT (6.789430500000037 51.476089445000071)",Unfall 89981 (2020) Kat:2, Licht: 0,89981,2,2,2,07,20,3,0,0,1,1,0,0,0,0
"POINT (6.766436882000050 51.423030773000050)",Unfall 89992 (2020) Kat:3, Licht: 0,89992,3,1,0,07,15,5,0,0,1,0,0,0,0,0
"POINT (6.712960689000056 51.478134662000059)",Unfall 90009 (2020) Kat:3, Licht: 0,90009,3,6,8,07,09,4,0,0,0,1,0,0,1,0
"POINT (6.754763690000061 51.424047518000066)",Unfall 90040 (2020) Kat:3, Licht: 0,90040,3,3,5,07,15,6,0,0,1,1,0,0,0,0
"POINT (6.710374499000068 51.417609029000062)",Unfall 90065 (2020) Kat:3, Licht: 0,90065,3,7,4,08,12,3,0,0,1,0,0,0,0,0
"POINT (6.778449394000063 51.446086875000049)",Unfall 90088 (2020) Kat:2, Licht: 0,90088,2,1,9,08,15,2,0,0,0,0,0,0,1,0
"POINT (6.688798528000064 51.386508735000064)",Unfall 90204 (2020) Kat:3, Licht: 0,90204,3,6,2,08,15,4,0,0,0,1,0,0,1,0
"POINT (6.707438195000066 51.436295583000060)",Unfall 90226 (2020) Kat:3, Licht: 0,90226,3,1,9,08,12,3,0,0,0,1,0,0,0,0
"POINT (6.675456732000043 51.437345976000074)",Unfall 90283 (2020) Kat:2, Licht: 0,90283,2,6,2,08,07,4,0,0,0,1,0,0,0,0
"POINT (6.759004003000030 51.388057788000026)",Unfall 90424 (2020) Kat:3, Licht: 0,90424,3,2,3,08,14,4,0,0,1,1,0,0,0,0
"POINT (6.699037719000046 51.452481003000059)",Unfall 90439 (2020) Kat:3, Licht: 2,90439,3,1,0,08,22,7,0,2,1,0,0,0,0,0
"POINT (6.813535750000028 51.487644771000078)",Unfall 90532 (2020) Kat:3, Licht: 0,90532,3,1,9,08,14,7,0,0,0,0,0,1,0,0
"POINT (6.796776406000049 51.501808743000026)",Unfall 90559 (2020) Kat:3, Licht: 0,90559,3,2,5,08,11,4,0,0,0,1,0,1,0,0
"POINT (6.791147078000051 51.448258731000067)",Unfall 90621 (2020) Kat:3, Licht: 0,90621,3,3,5,08,08,6,0,0,1,0,0,0,1,0
"POINT (6.778389793000031 51.425137776000042)",Unfall 90677 (2020) Kat:3, Licht: 0,90677,3,2,4,08,10,5,0,0,1,1,0,0,0,0
"POINT (6.741555537000068 51.416583029000037)",Unfall 90714 (2020) Kat:2, Licht: 0,90714,2,7,0,08,13,6,0,0,0,0,0,0,0,1
"POINT (6.796076643000049 51.457539384000029)",Unfall 90781 (2020) Kat:3, Licht: 0,90781,3,6,2,08,13,6,0,0,0,1,0,0,0,0
"POINT (6.763153651000039 51.419696649000059)",Unfall 90805 (2020) Kat:3, Licht: 2,90805,3,1,0,08,01,7,0,2,1,0,0,0,0,0
"POINT (6.779418680000049 51.370121366000035)",Unfall 90821 (2020) Kat:3, Licht: 0,90821,3,3,5,08,13,6,0,0,1,1,0,0,0,0
"POINT (6.790444767000054 51.486551187000032)",Unfall 90845 (2020) Kat:3, Licht: 2,90845,3,6,3,08,05,6,0,2,1,0,0,0,0,1
"POINT (6.757045348000077 51.436901131000070)",Unfall 90857 (2020) Kat:3, Licht: 0,90857,3,3,5,08,20,2,0,0,1,0,0,1,0,0
"POINT (6.788673209000024 51.509053249000033)",Unfall 90858 (2020) Kat:2, Licht: 0,90858,2,7,5,08,18,2,0,0,0,1,0,0,0,1
"POINT (6.654344013000070 51.489307317000055)",Unfall 90882 (2020) Kat:3, Licht: 0,90882,3,6,3,08,16,3,1,0,0,1,0,0,0,0
"POINT (6.799005417000046 51.446547825000039)",Unfall 90940 (2020) Kat:3, Licht: 0,90940,3,6,3,08,19,2,0,0,0,1,0,0,1,0
"POINT (6.809035450000067 51.459918762000029)",Unfall 91068 (2020) Kat:3, Licht: 2,91068,3,1,9,08,23,3,1,2,0,0,0,0,0,1
"POINT (6.737072119000061 51.482929100000035)",Unfall 91133 (2020) Kat:2, Licht: 0,91133,2,6,3,08,15,3,0,0,0,1,0,0,1,0
"POINT (6.784695176000071 51.489288622000061)",Unfall 91180 (2020) Kat:3, Licht: 2,91180,3,2,4,08,04,5,0,2,0,1,0,0,0,0
"POINT (6.763118146000068 51.431513365000058)",Unfall 91203 (2020) Kat:3, Licht: 0,91203,3,2,5,08,16,6,0,0,0,1,0,0,0,0
"POINT (6.756032427000037 51.533327351000082)",Unfall 91293 (2020) Kat:3, Licht: 2,91293,3,6,3,08,00,4,1,2,0,1,0,0,0,0
"POINT (6.754311034000068 51.421705340000074)",Unfall 91310 (2020) Kat:3, Licht: 0,91310,3,5,0,08,18,5,0,0,1,1,0,0,0,0
"POINT (6.719171457000073 51.365709920000029)",Unfall 91331 (2020) Kat:2, Licht: 0,91331,2,3,5,08,13,6,0,0,1,1,0,0,0,0
"POINT (6.752219521000029 51.410347456000068)",Unfall 91378 (2020) Kat:3, Licht: 0,91378,3,6,2,08,14,4,0,0,0,1,0,0,0,0
"POINT (6.803381353000020 51.427350359000059)",Unfall 91425 (2020) Kat:3, Licht: 0,91425,3,6,2,08,13,6,0,0,0,1,0,0,1,0
"POINT (6.750850122000031 51.397919751000074)",Unfall 91434 (2020) Kat:3, Licht: 0,91434,3,6,1,08,14,5,0,0,0,1,0,0,0,0
"POINT (6.758915008000031 51.510527642000056)",Unfall 91469 (2020) Kat:3, Licht: 0,91469,3,1,8,08,15,7,1,0,0,1,0,0,0,0
"POINT (6.710165764000067 51.457427257000063)",Unfall 91493 (2020) Kat:3, Licht: 0,91493,3,6,3,08,12,2,1,0,1,1,0,0,0,0
"POINT (6.752219521000029 51.410347456000068)",Unfall 91632 (2020) Kat:3, Licht: 0,91632,3,1,2,08,13,2,0,0,0,1,0,0,0,1
"POINT (6.748146142000053 51.370566439000072)",Unfall 91835 (2020) Kat:3, Licht: 0,91835,3,2,0,08,15,4,0,0,1,1,0,0,0,0
"POINT (6.757369357000073 51.527601231000062)",Unfall 91903 (2020) Kat:3, Licht: 0,91903,3,6,1,08,14,4,0,0,0,1,0,0,0,0
"POINT (6.820486564000021 51.499111313000071)",Unfall 91906 (2020) Kat:3, Licht: 0,91906,3,6,2,08,06,6,0,0,0,0,0,0,1,0
"POINT (6.740501792000032 51.369842802000051)",Unfall 91944 (2020) Kat:3, Licht: 0,91944,3,2,4,08,15,3,0,0,1,1,0,0,0,0
"POINT (6.767893945000026 51.405227317000026)",Unfall 91947 (2020) Kat:3, Licht: 0,91947,3,6,2,08,08,3,0,0,0,1,0,0,0,0
"POINT (6.734644205000052 51.455980363000037)",Unfall 91971 (2020) Kat:3, Licht: 0,91971,3,2,1,08,08,5,0,0,0,1,0,0,0,0
"POINT (6.643265023000026 51.492404166000028)",Unfall 91992 (2020) Kat:3, Licht: 0,91992,3,6,9,08,10,5,0,0,0,1,0,0,0,0
"POINT (6.769272891000071 51.411703591000048)",Unfall 92048 (2020) Kat:3, Licht: 0,92048,3,2,4,08,16,4,0,0,0,1,0,0,0,0
"POINT (6.753418509000028 51.416249782000079)",Unfall 92292 (2020) Kat:2, Licht: 1,92292,2,6,4,08,20,1,0,1,1,1,0,0,0,0
"POINT (6.771283644000050 51.381783920000032)",Unfall 92310 (2020) Kat:3, Licht: 2,92310,3,5,0,08,00,7,0,2,0,1,0,1,0,0
"POINT (6.768411724000032 51.470648988000050)",Unfall 92340 (2020) Kat:3, Licht: 0,92340,3,1,0,08,11,1,0,0,1,0,0,0,0,0
"POINT (6.759070756000028 51.380145762000041)",Unfall 92393 (2020) Kat:3, Licht: 0,92393,3,3,5,08,09,6,0,0,0,1,0,0,0,0
"POINT (6.775687005000066 51.433124891000034)",Unfall 92394 (2020) Kat:3, Licht: 0,92394,3,2,4,08,16,3,0,0,1,0,0,1,0,0
"POINT (6.737148649000062 51.379933581000046)",Unfall 92403 (2020) Kat:2, Licht: 0,92403,2,3,5,08,10,6,0,0,0,1,0,0,0,0
"POINT (6.676691319000042 51.491895097000054)",Unfall 92406 (2020) Kat:3, Licht: 0,92406,3,5,1,08,17,6,0,0,0,1,0,0,0,0
"POINT (6.738147713000046 51.527425045000030)",Unfall 92415 (2020) Kat:3, Licht: 0,92415,3,4,6,08,11,6,0,0,0,1,1,0,0,0
"POINT (6.767786999000066 51.419938723000030)",Unfall 92538 (2020) Kat:3, Licht: 0,92538,3,7,4,08,15,7,0,0,1,0,0,0,0,0
"POINT (6.765499322000039 51.406254321000063)",Unfall 92596 (2020) Kat:3, Licht: 0,92596,3,6,3,08,12,4,0,0,0,1,0,0,1,0
"POINT (6.780215661000057 51.490755247000038)",Unfall 92684 (2020) Kat:3, Licht: 0,92684,3,6,1,08,16,5,0,0,0,1,0,0,0,0
"POINT (6.751617613000065 51.404584816000067)",Unfall 92685 (2020) Kat:2, Licht: 1,92685,2,7,0,08,06,6,1,1,1,0,0,0,0,0
"POINT (6.778583899000068 51.445395645000076)",Unfall 92703 (2020) Kat:3, Licht: 0,92703,3,3,5,08,14,4,0,0,0,1,0,0,1,0
"POINT (6.754057765000027 51.418650366000065)",Unfall 92709 (2020) Kat:3, Licht: 0,92709,3,3,5,08,18,7,0,0,1,1,0,0,0,0
"POINT (6.720057598000039 51.534069936000037)",Unfall 92858 (2020) Kat:3, Licht: 0,92858,3,6,2,08,19,5,0,0,0,1,0,0,0,0
"POINT (6.810510125000064 51.487432130000059)",Unfall 92863 (2020) Kat:2, Licht: 0,92863,2,6,3,08,11,6,0,0,0,1,0,0,1,1
"POINT (6.729794456000036 51.479572226000073)",Unfall 92876 (2020) Kat:3, Licht: 0,92876,3,4,6,08,12,4,1,0,0,1,1,0,0,0
"POINT (6.780960743000037 51.469042742000056)",Unfall 92982 (2020) Kat:3, Licht: 0,92982,3,3,5,09,14,4,0,0,1,1,0,0,0,0
"POINT (6.815699035000023 51.497634723000033)",Unfall 93070 (2020) Kat:3, Licht: 0,93070,3,6,2,09,17,4,0,0,0,1,0,0,0,0
"POINT (6.751309655000057 51.390181038000037)",Unfall 93142 (2020) Kat:3, Licht: 2,93142,3,5,1,08,20,1,1,2,0,1,0,0,1,0
"POINT (6.793974224000067 51.445831535000082)",Unfall 93145 (2020) Kat:3, Licht: 0,93145,3,5,1,08,14,1,0,0,0,1,0,0,0,0
"POINT (6.735213712000075 51.457552838000026)",Unfall 93149 (2020) Kat:3, Licht: 1,93149,3,1,8,08,20,1,1,1,0,1,0,0,0,0
"POINT (6.779973020000057 51.372518638000031)",Unfall 93164 (2020) Kat:3, Licht: 2,93164,3,7,0,09,21,4,0,2,1,0,0,0,0,0
"POINT (6.769199062000041 51.416208215000040)",Unfall 93225 (2020) Kat:3, Licht: 0,93225,3,2,4,09,19,3,0,0,0,1,0,0,0,0
"POINT (6.754620936000038 51.423454934000063)",Unfall 93234 (2020) Kat:3, Licht: 0,93234,3,6,2,08,12,2,0,0,0,1,0,0,0,0
"POINT (6.760836602000040 51.500036526000031)",Unfall 93238 (2020) Kat:3, Licht: 0,93238,3,6,1,08,17,2,0,0,0,1,0,0,0,0
"POINT (6.792092336000053 51.468449380000038)",Unfall 93255 (2020) Kat:3, Licht: 0,93255,3,2,2,09,14,4,0,0,1,1,0,0,0,0
"POINT (6.712139779000040 51.408581797000068)",Unfall 93296 (2020) Kat:3, Licht: 0,93296,3,2,5,09,14,3,0,0,1,0,0,0,0,1
"POINT (6.712161401000060 51.409849207000036)",Unfall 93301 (2020) Kat:3, Licht: 0,93301,3,2,5,09,16,3,0,0,1,1,0,0,0,0
"POINT (6.741333234000024 51.534355183000059)",Unfall 93466 (2020) Kat:3, Licht: 0,93466,3,2,3,09,12,2,0,0,0,1,0,0,0,1
"POINT (6.792218040000023 51.509101977000057)",Unfall 93511 (2020) Kat:3, Licht: 0,93511,3,7,0,09,10,7,1,0,1,0,1,0,0,0
"POINT (6.768587194000077 51.464314261000027)",Unfall 93544 (2020) Kat:3, Licht: 0,93544,3,6,2,09,15,6,0,0,0,1,0,0,0,0
"POINT (6.781986731000075 51.467776127000036)",Unfall 93559 (2020) Kat:3, Licht: 0,93559,3,7,2,09,14,2,0,0,0,1,0,1,0,0
"POINT (6.752470155000026 51.534737759000052)",Unfall 93638 (2020) Kat:2, Licht: 1,93638,2,1,9,09,07,7,1,1,0,1,0,0,0,0
"POINT (6.730775742000049 51.545814887000063)",Unfall 93762 (2020) Kat:3, Licht: 0,93762,3,7,0,09,17,2,0,0,1,0,0,0,0,0
"POINT (6.708476982000036 51.474015490000056)",Unfall 93776 (2020) Kat:3, Licht: 0,93776,3,1,0,09,17,5,1,0,0,0,0,1,0,0
"POINT (6.773851954000065 51.431490717000031)",Unfall 93869 (2020) Kat:3, Licht: 0,93869,3,6,2,09,13,6,0,0,0,1,0,0,0,0