WKT,Name,OBJECTID,UKATEGORIE,UTYP1,UART,UMONAT,USTUNDE,UWOCHENTAG,STRZUSTAND,ULICHTVERH,ISTRAD,ISTPKW,ISTFUSS,ISTKRAD,ISTGKFZ,ISTSONSTIG
"POINT (6.708173795000050 51.419203434000053)",Unfall 93917 (2020) Kat:3, Licht: 2,93917,3,2,5,09,21,4,1,2,0,1,0,0,0,0
"POINT (6.777564880000057 51.420008578000079)",Unfall 94026 (2020) Kat:3, Licht: 0,94026,3,3,5,09,12,4,0,0,0,1,0,1,0,0
"POINT (6.771870448000072 51.460430750000057)",Unfall 94061 (2020) Kat:3, Licht: 0,94061,3,6,2,09,14,5,0,0,0,1,0,0,0,0
"POINT (6.757316053000068 51.471224762000077)",Unfall 94077 (2020) Kat:3, Licht: 0,94077,3,5,0,09,12,4,0,0,1,1,0,0,0,0
"POINT (6.754324208000071 51.419890957000064)",Unfall 94105 (2020) Kat:3, Licht: 0,94105,3,7,0,09,11,3,0,0,1,0,0,0,0,0
"POINT (6.773872301000040 51.414079510000079)",Unfall 94107 (2020) Kat:3, Licht: 0,94107,3,6,2,09,17,3,0,0,0,1,0,0,0,0
"POINT (6.807936352000070 51.441435128000080)",Unfall 94261 (2020) Kat:3, Licht: 2,94261,3,1,9,09,00,7,0,2,0,1,0,0,0,0
"POINT (6.767187830000069 51.371226604000071)",Unfall 94335 (2020) Kat:2, Licht: 0,94335,2,2,5,09,10,6,0,0,0,1,0,1,0,0
"POINT (6.752302915000030 51.409955145000026)",Unfall 94336 (2020) Kat:3, Licht: 0,94336,3,2,0,09,14,6,0,0,1,1,0,0,0,0
"POINT (6.775083602000052 51.493220866000058)",Unfall 94460 (2020) Kat:3, Licht: 0,94460,3,2,5,09,08,3,0,0,1,1,0,0,0,0
"POINT (6.766105817000039 51.497369429000059)",Unfall 94461 (2020) Kat:3, Licht: 0,94461,3,3,5,09,11,3,0,0,1,1,0,0,0,0
"POINT (6.775492099000076 51.439183731000071)",Unfall 94521 (2020) Kat:3, Licht: 0,94521,3,6,2,09,17,3,0,0,0,1,0,0,0,0
"POINT (6.783992218000037 51.353144940000050)",Unfall 94612 (2020) Kat:3, Licht: 0,94612,3,2,5,09,08,2,0,0,1,1,0,0,0,0
"POINT (6.747990178000066 51.419574182000076)",Unfall 94613 (2020) Kat:3, Licht: 0,94613,3,2,4,09,14,2,0,0,0,1,0,0,0,0
"POINT (6.802695158000063 51.409442275000060)",Unfall 94614 (2020) Kat:3, Licht: 2,94614,3,1,5,09,20,2,0,2,0,1,0,1,0,0
"POINT (6.769496037000067 51.495906271000081)",Unfall 94615 (2020) Kat:3, Licht: 0,94615,3,2,3,09,17,2,0,0,1,1,0,0,0,0
"POINT (6.683285851000051 51.358253967000053)",Unfall 94737 (2020) Kat:3, Licht: 2,94737,3,1,8,09,21,1,0,2,0,1,0,0,0,0
"POINT (6.732555310000066 51.535907820000034)",Unfall 94738 (2020) Kat:3, Licht: 0,94738,3,3,5,09,17,1,0,0,0,1,0,0,0,0
"POINT (6.699435842000071 51.400361251000049)",Unfall 94763 (2020) Kat:3, Licht: 0,94763,3,3,5,09,13,6,0,0,0,1,0,0,0,0
"POINT (6.755658737000033 51.527571099000056)",Unfall 94764 (2020) Kat:3, Licht: 0,94764,3,6,2,09,07,6,0,0,0,1,0,0,0,0
"POINT (6.800321098000040 51.455161554000028)",Unfall 94766 (2020) Kat:3, Licht: 0,94766,3,6,2,09,14,6,0,0,0,1,0,0,0,0
"POINT (6.768348397000068 51.465187953000054)",Unfall 94810 (2020) Kat:3, Licht: 0,94810,3,6,2,09,17,6,0,0,0,1,0,1,0,0
"POINT (6.759044620000054 51.382173681000040)",Unfall 94876 (2020) Kat:2, Licht: 0,94876,2,5,0,09,13,5,0,0,1,1,0,0,0,0
"POINT (6.766357819000064 51.423208188000046)",Unfall 94878 (2020) Kat:3, Licht: 0,94878,3,5,1,09,14,5,0,0,0,1,0,0,0,1
"POINT (6.776276365000058 51.436090505000038)",Unfall 94943 (2020) Kat:3, Licht: 0,94943,3,6,2,09,16,5,0,0,0,1,0,0,0,0
"POINT (6.758288439000069 51.527621549000060)",Unfall 95021 (2020) Kat:3, Licht: 1,95021,3,6,1,09,19,4,0,1,0,1,0,0,0,0
"POINT (6.782324983000024 51.422194789000059)",Unfall 95077 (2020) Kat:3, Licht: 0,95077,3,2,3,09,13,6,0,0,1,1,0,0,0,0
"POINT (6.759202907000031 51.392738192000081)",Unfall 95090 (2020) Kat:3, Licht: 2,95090,3,7,0,09,05,6,0,2,0,0,0,1,0,0
"POINT (6.736558090000074 51.351929040000073)",Unfall 95101 (2020) Kat:3, Licht: 0,95101,3,6,1,09,16,6,0,0,0,1,0,0,0,1
"POINT (6.800495080000076 51.406205997000029)",Unfall 95103 (2020) Kat:3, Licht: 0,95103,3,3,5,09,13,6,0,0,0,1,0,0,0,0
"POINT (6.698022548000040 51.363219869000034)",Unfall 95195 (2020) Kat:3, Licht: 2,95195,3,5,1,09,01,1,0,2,0,1,0,0,0,0
"POINT (6.761244604000069 51.356086887000060)",Unfall 95196 (2020) Kat:3, Licht: 0,95196,3,3,3,09,14,1,0,0,0,1,0,0,0,0
"POINT (6.704705398000044 51.435861895000073)",Unfall 95255 (2020) Kat:3, Licht: 0,95255,3,7,0,09,10,1,0,0,0,1,1,0,0,0
"POINT (6.775092053000037 51.408268459000055)",Unfall 95259 (2020) Kat:3, Licht: 0,95259,3,3,5,09,13,2,0,0,1,1,0,0,0,0
"POINT (6.752156325000044 51.408672540000055)",Unfall 95262 (2020) Kat:3, Licht: 2,95262,3,3,5,09,20,2,0,2,1,1,0,0,0,0
"POINT (6.806087266000077 51.433175893000055)",Unfall 95266 (2020) Kat:3, Licht: 0,95266,3,2,3,09,16,2,0,0,0,1,0,0,0,0
"POINT (6.774291480000045 51.446894625000027)",Unfall 95274 (2020) Kat:3, Licht: 0,95274,3,6,2,09,17,2,0,0,0,1,0,1,0,0
"POINT (6.747260909000033 51.359989774000042)",Unfall 95346 (2020) Kat:3, Licht: 0,95346,3,1,0,09,09,7,0,0,0,0,0,1,0,0
"POINT (6.748446565000052 51.370609631000036)",Unfall 95347 (2020) Kat:2, Licht: 0,95347,2,7,8,09,08,7,0,0,0,1,0,0,0,0
"POINT (6.773815813000056 51.414076674000057)",Unfall 95348 (2020) Kat:3, Licht: 0,95348,3,2,4,09,17,7,0,0,1,1,0,0,0,0
"POINT (6.803347614000074 51.405809149000049)",Unfall 95411 (2020) Kat:3, Licht: 0,95411,3,1,9,09,14,7,0,0,0,1,0,0,0,0
"POINT (6.711852702000044 51.414492738000035)",Unfall 95552 (2020) Kat:3, Licht: 0,95552,3,2,5,09,16,4,0,0,1,1,0,0,0,0
"POINT (6.742837055000052 51.527924923000057)",Unfall 95553 (2020) Kat:3, Licht: 0,95553,3,4,6,09,15,4,0,0,0,1,1,0,0,0
"POINT (6.803770317000044 51.467069694000031)",Unfall 95554 (2020) Kat:3, Licht: 2,95554,3,1,1,09,22,4,0,2,0,1,0,0,1,0
"POINT (6.768935601000067 51.380570855000030)",Unfall 95596 (2020) Kat:3, Licht: 0,95596,3,6,2,09,15,5,0,0,0,1,0,0,0,0
"POINT (6.734957723000036 51.456019550000065)",Unfall 95604 (2020) Kat:3, Licht: 1,95604,3,2,8,09,19,5,0,1,0,1,0,0,0,0
"POINT (6.798890712000059 51.447316542000067)",Unfall 95613 (2020) Kat:3, Licht: 0,95613,3,6,3,09,06,5,0,0,0,1,0,0,1,1
"POINT (6.751369486000044 51.403067749000058)",Unfall 95718 (2020) Kat:3, Licht: 0,95718,3,5,1,09,16,3,0,0,1,1,0,0,0,0
"POINT (6.765102442000057 51.426122823000071)",Unfall 95720 (2020) Kat:3, Licht: 0,95720,3,2,5,09,11,3,0,0,1,0,0,0,1,0
"POINT (6.707922090000068 51.397619117000033)",Unfall 95721 (2020) Kat:3, Licht: 0,95721,3,3,0,09,07,3,0,0,1,1,0,0,0,0
"POINT (6.773312172000033 51.494071064000082)",Unfall 95722 (2020) Kat:3, Licht: 0,95722,3,7,3,09,14,3,0,0,1,0,0,0,0,0
"POINT (6.785237979000044 51.486366547000046)",Unfall 95723 (2020) Kat:3, Licht: 0,95723,3,6,2,09,13,3,0,0,0,1,0,0,0,1
"POINT (6.754047223000043 51.418606910000051)",Unfall 96013 (2020) Kat:3, Licht: 1,96013,3,7,0,09,16,7,1,1,1,0,0,0,0,0
"POINT (6.656409733000032 51.392561668000042)",Unfall 96015 (2020) Kat:3, Licht: 1,96015,3,6,1,09,08,7,1,1,0,1,0,0,0,0
"POINT (6.732561963000023 51.480770870000072)",Unfall 96016 (2020) Kat:2, Licht: 0,96016,2,6,5,09,16,7,0,0,0,1,0,0,0,0
"POINT (6.748864464000064 51.419290111000066)",Unfall 96019 (2020) Kat:3, Licht: 0,96019,3,2,5,09,18,2,1,0,1,1,0,0,0,0
"POINT (6.730353195000021 51.466609271000038)",Unfall 96033 (2020) Kat:3, Licht: 0,96033,3,2,5,09,07,2,0,0,1,1,0,0,0,0
"POINT (6.792505348000020 51.433256313000072)",Unfall 96163 (2020) Kat:3, Licht: 0,96163,3,2,5,09,16,6,0,0,1,1,0,0,0,0
"POINT (6.796958772000039 51.420435198000064)",Unfall 96198 (2020) Kat:3, Licht: 2,96198,3,6,2,09,04,6,1,2,0,1,0,0,1,0
"POINT (6.783298834000050 51.468088747000081)",Unfall 96284 (2020) Kat:3, Licht: 2,96284,3,6,3,09,05,4,1,2,0,1,0,1,0,0
"POINT (6.755020556000034 51.425221851000060)",Unfall 96357 (2020) Kat:3, Licht: 0,96357,3,6,4,09,13,4,0,0,1,0,0,0,0,0
"POINT (6.697431141000038 51.401136424000072)",Unfall 96479 (2020) Kat:3, Licht: 0,96479,3,2,5,09,17,4,1,0,1,1,0,0,0,0
"POINT (6.734259252000072 51.476615716000026)",Unfall 96487 (2020) Kat:3, Licht: 0,96487,3,1,0,10,08,6,0,0,0,0,0,0,0,1
"POINT (6.658900614000061 51.487362871000073)",Unfall 96502 (2020) Kat:3, Licht: 0,96502,3,6,3,10,15,7,1,0,0,1,0,0,0,0
"POINT (6.778323185000033 51.444594886000061)",Unfall 96516 (2020) Kat:3, Licht: 0,96516,3,3,3,10,15,6,0,0,0,1,0,0,1,0
"POINT (6.733533984000076 51.369109802000025)",Unfall 96595 (2020) Kat:3, Licht: 0,96595,3,3,5,09,12,3,1,0,0,1,0,0,0,0
"POINT (6.742766202000041 51.417335994000041)",Unfall 96600 (2020) Kat:3, Licht: 0,96600,3,6,2,09,18,3,1,0,1,0,0,0,0,0
"POINT (6.753094866000026 51.460327555000049)",Unfall 96605 (2020) Kat:3, Licht: 0,96605,3,2,5,09,11,3,1,0,0,1,0,0,0,1
"POINT (6.748231615000066 51.442616861000033)",Unfall 96649 (2020) Kat:3, Licht: 0,96649,3,3,5,09,16,4,0,0,0,1,0,0,0,0
"POINT (6.663430616000028 51.485379836000050)",Unfall 96699 (2020) Kat:3, Licht: 0,96699,3,1,9,10,15,7,1,0,0,1,0,0,0,0
"POINT (6.760048663000021 51.507457591000048)",Unfall 96709 (2020) Kat:2, Licht: 2,96709,2,6,3,10,22,7,1,2,0,1,0,0,0,0
"POINT (6.704710087000024 51.435862620000080)",Unfall 96762 (2020) Kat:3, Licht: 0,96762,3,6,2,10,13,4,0,0,0,1,0,0,0,0
"POINT (6.765154339000048 51.425987939000038)",Unfall 96814 (2020) Kat:3, Licht: 0,96814,3,6,1,10,15,2,1,0,0,1,0,0,0,0
"POINT (6.759005981000030 51.377803144000040)",Unfall 96825 (2020) Kat:3, Licht: 1,96825,3,2,2,10,17,5,1,1,0,1,0,0,0,0
"POINT (6.773872301000040 51.414079510000079)",Unfall 97027 (2020) Kat:2, Licht: 0,97027,2,7,6,10,18,2,1,0,0,0,1,0,0,1
"POINT (6.723448673000064 51.412550780000061)",Unfall 97070 (2020) Kat:3, Licht: 0,97070,3,2,3,10,14,4,0,0,1,1,0,0,0,0
"POINT (6.665573335000033 51.353626079000037)",Unfall 97073 (2020) Kat:3, Licht: 0,97073,3,5,1,10,16,1,0,0,1,1,0,0,0,0
"POINT (6.769324618000042 51.536564981000026)",Unfall 97075 (2020) Kat:3, Licht: 1,97075,3,3,5,10,07,4,1,1,1,1,0,0,0,0
"POINT (6.672540515000037 51.437155335000057)",Unfall 97077 (2020) Kat:3, Licht: 0,97077,3,1,9,10,17,1,1,0,0,0,0,1,0,0
"POINT (6.790699966000034 51.486787960000072)",Unfall 97172 (2020) Kat:3, Licht: 0,97172,3,7,6,10,07,5,1,0,0,0,1,0,0,1
"POINT (6.753143432000059 51.460325317000070)",Unfall 97288 (2020) Kat:3, Licht: 0,97288,3,3,5,10,16,2,0,0,0,1,0,1,0,0
"POINT (6.751356063000060 51.402977268000029)",Unfall 97296 (2020) Kat:3, Licht: 0,97296,3,6,2,10,13,1,0,0,0,1,0,0,0,0
"POINT (6.803410547000055 51.486267959000031)",Unfall 97328 (2020) Kat:3, Licht: 0,97328,3,1,8,10,15,1,0,0,0,1,0,0,0,0
"POINT (6.752771185000029 51.440424292000046)",Unfall 97338 (2020) Kat:3, Licht: 0,97338,3,7,4,10,10,7,0,0,0,1,0,1,0,0
"POINT (6.798755756000048 51.394973579000066)",Unfall 97392 (2020) Kat:3, Licht: 0,97392,3,3,5,10,16,2,0,0,1,1,0,0,0,0
"POINT (6.766213679000032 51.461704155000064)",Unfall 97567 (2020) Kat:3, Licht: 1,97567,3,6,3,10,18,4,0,1,0,1,0,0,0,1
"POINT (6.776548277000074 51.437601035000057)",Unfall 97639 (2020) Kat:2, Licht: 0,97639,2,2,5,10,12,6,0,0,0,1,0,0,0,1
"POINT (6.780775201000040 51.490509435000035)",Unfall 97739 (2020) Kat:3, Licht: 0,97739,3,6,2,10,10,4,0,0,0,1,0,0,0,0
"POINT (6.793860712000026 51.454741316000081)",Unfall 97751 (2020) Kat:3, Licht: 0,97751,3,1,0,10,10,3,0,0,1,0,0,0,0,0
"POINT (6.785415537000063 51.471340069000064)",Unfall 97807 (2020) Kat:3, Licht: 2,97807,3,2,6,10,21,7,0,2,0,1,1,0,0,0
"POINT (6.754307793000066 51.420800133000057)",Unfall 97862 (2020) Kat:3, Licht: 0,97862,3,6,2,10,17,2,0,0,0,1,0,0,0,0
"POINT (6.766863908000062 51.435146284000041)",Unfall 97864 (2020) Kat:3, Licht: 0,97864,3,6,2,10,13,2,0,0,0,1,0,0,0,0
"POINT (6.683997044000023 51.410404716000073)",Unfall 97865 (2020) Kat:3, Licht: 0,97865,3,7,0,10,16,2,0,0,0,0,0,0,0,1
"POINT (6.815805855000065 51.488513533000059)",Unfall 98052 (2020) Kat:3, Licht: 0,98052,3,6,2,10,09,4,1,0,0,1,0,0,0,1
"POINT (6.799599448000038 51.409315324000033)",Unfall 98137 (2020) Kat:3, Licht: 0,98137,3,3,5,10,17,6,1,0,0,1,0,0,0,0
"POINT (6.733397214000036 51.478633129000059)",Unfall 98141 (2020) Kat:3, Licht: 0,98141,3,6,2,10,15,6,1,0,0,1,0,0,0,0
"POINT (6.770287917000076 51.507362586000056)",Unfall 98144 (2020) Kat:3, Licht: 0,98144,3,2,4,10,12,7,0,0,0,1,0,0,0,0
"POINT (6.754176898000026 51.488405743000044)",Unfall 98150 (2020) Kat:2, Licht: 0,98150,2,1,8,10,15,6,1,0,0,1,1,0,0,0
"POINT (6.718839919000061 51.456589660000077)",Unfall 98159 (2020) Kat:3, Licht: 0,98159,3,6,3,10,10,5,0,0,0,1,0,0,0,1
"POINT (6.662938726000050 51.485422844000027)",Unfall 98218 (2020) Kat:3, Licht: 0,98218,3,6,3,10,18,7,0,0,0,1,0,0,0,0
"POINT (6.682460778000063 51.442878839000059)",Unfall 98282 (2020) Kat:3, Licht: 0,98282,3,2,2,10,08,7,0,0,0,1,0,0,0,0
"POINT (6.768014811000057 51.466207411000028)",Unfall 98315 (2020) Kat:2, Licht: 0,98315,2,6,2,10,15,5,1,0,0,1,0,0,0,1
"POINT (6.760784332000071 51.506939755000076)",Unfall 98317 (2020) Kat:3, Licht: 0,98317,3,6,3,10,17,6,0,0,0,1,0,0,0,0
"POINT (6.751804876000051 51.418884698000056)",Unfall 98379 (2020) Kat:3, Licht: 0,98379,3,2,0,10,15,4,0,0,1,1,0,0,0,0
"POINT (6.716336216000059 51.394654762000073)",Unfall 98383 (2020) Kat:3, Licht: 2,98383,3,2,0,10,07,4,1,2,0,1,1,0,0,0
"POINT (6.702687612000034 51.398900923000042)",Unfall 98388 (2020) Kat:3, Licht: 0,98388,3,7,3,10,13,4,0,0,0,1,0,1,0,0
"POINT (6.746026682000036 51.491497755000069)",Unfall 98390 (2020) Kat:2, Licht: 0,98390,2,3,5,10,13,4,1,0,0,1,0,1,0,0
"POINT (6.798759625000059 51.414230223000061)",Unfall 98393 (2020) Kat:3, Licht: 0,98393,3,6,2,10,15,4,0,0,0,1,0,0,0,1
"POINT (6.746979634000070 51.443503524000050)",Unfall 98421 (2020) Kat:3, Licht: 0,98421,3,3,5,10,10,7,0,0,1,0,0,0,0,1
"POINT (6.701250329000061 51.415343203000077)",Unfall 98489 (2020) Kat:3, Licht: 0,98489,3,3,0,10,13,4,0,0,1,1,0,0,0,0
"POINT (6.816696583000066 51.499265109000078)",Unfall 98507 (2020) Kat:3, Licht: 1,98507,3,3,5,10,17,3,0,1,1,0,0,0,0,0
"POINT (6.804384513000059 51.410728800000072)",Unfall 98545 (2020) Kat:3, Licht: 0,98545,3,6,2,10,10,4,0,0,0,1,0,0,0,0
"POINT (6.766631007000058 51.503556670000080)",Unfall 98563 (2020) Kat:3, Licht: 2,98563,3,6,2,10,17,4,0,2,0,1,0,0,0,0
"POINT (6.818773837000038 51.495586886000069)",Unfall 98589 (2020) Kat:3, Licht: 2,98589,3,6,2,10,17,4,0,2,0,1,0,0,1,0
"POINT (6.707491556000036 51.455877666000049)",Unfall 98603 (2020) Kat:3, Licht: 0,98603,3,6,2,10,14,5,1,0,0,1,0,0,0,0
"POINT (6.688665250000042 51.386458056000038)",Unfall 98616 (2020) Kat:3, Licht: 2,98616,3,3,5,10,06,4,1,2,0,1,0,0,1,0
"POINT (6.765708057000040 51.424716457000045)",Unfall 98658 (2020) Kat:2, Licht: 0,98658,2,3,5,10,11,3,1,0,1,1,0,0,0,0
"POINT (6.791367846000071 51.447776149000049)",Unfall 98679 (2020) Kat:3, Licht: 0,98679,3,6,2,10,14,5,1,0,0,1,0,0,0,1
"POINT (6.759085561000063 51.380947859000059)",Unfall 98709 (2020) Kat:3, Licht: 0,98709,3,1,0,10,16,2,1,0,1,0,0,0,0,0
"POINT (6.810416617000044 51.463180500000078)",Unfall 98713 (2020) Kat:3, Licht: 2,98713,3,3,5,10,17,4,0,2,0,1,0,0,0,0
"POINT (6.669708481000043 51.438081078000039)",Unfall 98734 (2020) Kat:3, Licht: 0,98734,3,1,9,10,15,1,1,0,0,1,0,0,0,0
"POINT (6.692535050000060 51.402960865000068)",Unfall 98741 (2020) Kat:3, Licht: 0,98741,3,6,2,10,15,2,0,0,0,1,0,0,0,0
"POINT (6.799352547000069 51.445420955000031)",Unfall 98752 (2020) Kat:3, Licht: 0,98752,3,6,3,10,15,3,0,0,0,1,0,0,1,0
"POINT (6.758739357000025 51.435787511000058)",Unfall 98766 (2020) Kat:3, Licht: 2,98766,3,4,6,10,19,4,1,2,1,0,1,0,0,0
"POINT (6.750463063000041 51.388713504000066)",Unfall 98805 (2020) Kat:2, Licht: 0,98805,2,4,6,10,07,3,0,0,0,0,1,0,0,1
"POINT (6.668640790000040 51.482866047000073)",Unfall 98864 (2020) Kat:3, Licht: 0,98864,3,3,5,11,10,2,0,0,0,1,0,0,0,0
"POINT (6.783745376000070 51.447273792000033)",Unfall 98883 (2020) Kat:3, Licht: 1,98883,3,6,2,11,16,2,1,1,0,1,0,0,0,1
"POINT (6.759173560000022 51.392614619000028)",Unfall 98884 (2020) Kat:3, Licht: 0,98884,3,6,1,11,15,1,1,0,0,1,0,0,0,0
"POINT (6.767767186000071 51.481310295000071)",Unfall 98946 (2020) Kat:2, Licht: 0,98946,2,7,8,11,14,2,0,0,0,1,0,0,0,0
"POINT (6.785498599000050 51.508755348000079)",Unfall 99042 (2020) Kat:3, Licht: 0,99042,3,3,0,10,09,7,0,0,0,1,0,1,0,0
"POINT (6.792880802000070 51.442755714000043)",Unfall 99098 (2020) Kat:3, Licht: 0,99098,3,6,0,10,15,6,0,0,0,1,0,0,0,0
"POINT (6.767313802000047 51.523907158000043)",Unfall 99104 (2020) Kat:3, Licht: 0,99104,3,2,5,10,09,6,1,0,1,1,0,0,0,0
"POINT (6.742887925000048 51.529300754000076)",Unfall 99107 (2020) Kat:3, Licht: 2,99107,3,6,1,10,17,6,1,2,0,1,0,0,0,0
"POINT (6.733190219000051 51.479386080000040)",Unfall 99108 (2020) Kat:3, Licht: 0,99108,3,6,3,10,10,6,1,0,1,1,0,0,0,0
"POINT (6.741363902000046 51.517893797000056)",Unfall 99110 (2020) Kat:3, Licht: 0,99110,3,2,3,11,13,2,0,0,1,1,0,0,0,0
"POINT (6.754153316000043 51.480579027000033)",Unfall 99112 (2020) Kat:3, Licht: 0,99112,3,3,2,10,08,6,1,0,0,1,0,0,1,0
"POINT (6.729648567000027 51.535264654000059)",Unfall 99127 (2020) Kat:3, Licht: 0,99127,3,7,0,11,15,1,1,0,0,1,0,0,0,0
"POINT (6.788444770000069 51.487719619000075)",Unfall 99188 (2020) Kat:3, Licht: 0,99188,3,7,0,11,13,2,0,0,1,1,0,0,0,0
"POINT (6.758004086000028 51.375533465000046)",Unfall 99291 (2020) Kat:3, Licht: 1,99291,3,7,0,11,17,3,0,1,0,0,0,0,0,1
"POINT (6.670592527000054 51.486922333000052)",Unfall 99293 (2020) Kat:3, Licht: 2,99293,3,7,1,11,05,3,0,2,0,1,0,0,0,0
"POINT (6.784105284000020 51.353038926000067)",Unfall 99328 (2020) Kat:3, Licht: 1,99328,3,2,4,11,17,5,0,1,0,1,0,0,0,0
"POINT (6.656323364000059 51.392280277000054)",Unfall 99434 (2020) Kat:3, Licht: 2,99434,3,6,2,11,17,4,0,2,0,1,0,0,0,0
"POINT (6.742809763000025 51.527324169000053)",Unfall 99541 (2020) Kat:3, Licht: 0,99541,3,7,0,11,12,6,0,0,0,0,0,0,0,1
"POINT (6.686201319000077 51.449650417000043)",Unfall 99597 (2020) Kat:3, Licht: 2,99597,3,3,5,11,19,5,0,2,0,1,0,1,0,0
"POINT (6.797830296000029 51.394634735000068)",Unfall 99612 (2020) Kat:3, Licht: 0,99612,3,1,0,11,12,4,0,0,0,0,0,0,0,1
"POINT (6.782766571000025 51.467640509000034)",Unfall 99629 (2020) Kat:3, Licht: 2,99629,3,2,5,11,22,7,0,2,0,1,0,0,0,0
"POINT (6.773872301000040 51.414079510000079)",Unfall 99707 (2020) Kat:3, Licht: 1,99707,3,7,4,11,15,6,1,1,1,0,0,0,0,0
"POINT (6.756023246000041 51.437734084000056)",Unfall 99735 (2020) Kat:3, Licht: 0,99735,3,7,3,11,15,3,0,0,1,0,1,0,0,0
"POINT (6.683593151000025 51.410768481000048)",Unfall 99738 (2020) Kat:3, Licht: 0,99738,3,6,0,11,07,3,1,0,1,1,0,0,0,0
"POINT (6.735403443000052 51.526986174000058)",Unfall 99742 (2020) Kat:3, Licht: 0,99742,3,2,6,11,14,3,0,0,0,1,1,0,0,0
"POINT (6.790602061000072 51.426338192000060)",Unfall 99756 (2020) Kat:3, Licht: 1,99756,3,6,2,11,07,4,1,1,0,1,0,1,0,0
"POINT (6.764450981000039 51.484166864000031)",Unfall 99824 (2020) Kat:2, Licht: 2,99824,2,3,5,11,20,6,1,2,1,1,0,0,0,0
"POINT (6.820169737000072 51.498470170000076)",Unfall 99877 (2020) Kat:2, Licht: 0,99877,2,6,2,11,12,4,0,0,0,0,0,0,1,0
"POINT (6.692600107000033 51.416794191000065)",Unfall 99905 (2020) Kat:3, Licht: 1,99905,3,3,6,11,16,2,1,1,0,1,1,0,0,0
"POINT (6.795364336000034 51.508597379000037)",Unfall 99910 (2020) Kat:3, Licht: 0,99910,3,7,5,11,14,2,0,0,1,1,0,0,0,0
"POINT (6.754855869000039 51.418644061000066)",Unfall 99948 (2020) Kat:3, Licht: 2,99948,3,6,2,11,18,4,0,2,0,1,0,0,0,0
"POINT (6.658011764000037 51.397740404000047)",Unfall 100020 (2020) Kat:3, Licht: 0,100020,3,1,2,11,13,6,0,0,0,1,0,0,0,0
"POINT (6.771792382000058 51.494799537000063)",Unfall 100043 (2020) Kat:3, Licht: 2,100043,3,7,6,11,17,4,0,2,1,0,1,0,0,0
"POINT (6.763881303000062 51.495555058000036)",Unfall 100074 (2020) Kat:3, Licht: 2,100074,3,6,2,11,05,4,1,2,0,1,0,0,0,0
"POINT (6.753355537000061 51.483715654000036)",Unfall 100110 (2020) Kat:3, Licht: 0,100110,3,1,2,11,15,6,0,0,0,1,0,0,0,0
"POINT (6.746086592000040 51.486538593000034)",Unfall 100312 (2020) Kat:3, Licht: 0,100312,3,6,2,11,15,6,0,0,0,1,0,0,0,0
"POINT (6.764045278000026 51.502052315000071)",Unfall 100342 (2020) Kat:3, Licht: 0,100342,3,6,2,11,14,5,1,0,0,0,0,0,1,1
"POINT (6.694890585000053 51.435844212000063)",Unfall 100353 (2020) Kat:2, Licht: 2,100353,2,6,3,11,06,5,0,2,0,1,0,0,1,0
"POINT (6.768165520000025 51.484038136000038)",Unfall 100407 (2020) Kat:3, Licht: 2,100407,3,6,2,11,17,3,0,2,0,1,0,0,0,0
"POINT (6.751036593000038 51.400340470000060)",Unfall 100420 (2020) Kat:2, Licht: 0,100420,2,4,6,11,10,2,0,0,0,1,1,0,0,0
"POINT (6.703500085000030 51.478383119000057)",Unfall 100425 (2020) Kat:2, Licht: 0,100425,2,2,5,11,11,2,0,0,1,0,0,0,1,0
"POINT (6.767225202000020 51.516793735000078)",Unfall 100439 (2020) Kat:3, Licht: 0,100439,3,2,3,11,11,2,0,0,0,1,0,1,0,0
"POINT (6.711928597000053 51.413748984000051)",Unfall 100477 (2020) Kat:3, Licht: 0,100477,3,6,1,11,15,7,0,0,0,1,0,0,0,0
"POINT (6.733041508000042 51.479539915000032)",Unfall 100490 (2020) Kat:2, Licht: 0,100490,2,6,6,11,08,6,0,0,0,1,1,0,0,0
"POINT (6.749693118000039 51.498090009000066)",Unfall 100570 (2020) Kat:3, Licht: 0,100570,3,6,2,11,07,5,0,0,0,1,0,0,0,0
"POINT (6.779025677000050 51.368422848000080)",Unfall 100713 (2020) Kat:1, Licht: 1,100713,1,4,6,11,16,2,0,1,0,1,1,0,0,0
"POINT (6.767420676000029 51.420602170000052)",Unfall 100715 (2020) Kat:3, Licht: 0,100715,3,2,3,11,16,2,0,0,1,0,0,0,1,0
"POINT (6.800466553000035 51.455352904000051)",Unfall 100897 (2020) Kat:3, Licht: 2,100897,3,6,2,11,06,3,0,2,0,1,0,0,0,1
"POINT (6.748631388000035 51.386452692000034)",Unfall 100967 (2020) Kat:2, Licht: 2,100967,2,4,0,11,05,6,1,2,0,1,1,0,0,0
"POINT (6.724221247000060 51.525335441000038)",Unfall 101158 (2020) Kat:3, Licht: 0,101158,3,2,3,11,10,4,0,0,1,1,0,0,0,0
"POINT (6.767479629000036 51.466734443000064)",Unfall 101198 (2020) Kat:3, Licht: 2,101198,3,6,2,11,07,4,0,2,0,1,0,0,0,1
"POINT (6.757333073000041 51.418842778000055)",Unfall 101247 (2020) Kat:3, Licht: 0,101247,3,3,5,11,14,3,0,0,0,1,0,0,0,0