WKT,Name,OBJECTID,UKATEGORIE,UTYP1,UART,UMONAT,USTUNDE,UWOCHENTAG,STRZUSTAND,ULICHTVERH,ISTRAD,ISTPKW,ISTFUSS,ISTKRAD,ISTGKFZ,ISTSONSTIG
"POINT (6.696788270000070 51.419391274000077)",Unfall 210092 (2020) Kat:2, Licht: 0,210092,2,3,5,07,14,6,0,0,0,1,0,1,0,0
"POINT (6.761612030000038 51.429183726000076)",Unfall 210125 (2020) Kat:2, Licht: 2,210125,2,7,0,07,00,2,0,2,1,0,0,0,0,0
"POINT (6.707797295000034 51.392863029000068)",Unfall 210186 (2020) Kat:3, Licht: 0,210186,3,5,1,07,09,4,1,0,1,1,0,0,0,0
"POINT (6.708805063000057 51.406306939000046)",Unfall 210264 (2020) Kat:3, Licht: 0,210264,3,7,5,07,17,3,0,0,1,1,0,0,0,0
"POINT (6.785778594000021 51.428326981000055)",Unfall 210290 (2020) Kat:3, Licht: 0,210290,3,2,6,07,08,4,1,0,0,1,1,0,0,0
"POINT (6.768158965000055 51.428598006000072)",Unfall 210293 (2020) Kat:3, Licht: 0,210293,3,3,0,07,20,7,1,0,0,1,0,1,0,0
"POINT (6.752743772000031 51.431159717000071)",Unfall 210306 (2020) Kat:2, Licht: 0,210306,2,1,9,07,18,1,0,0,1,0,0,0,0,0
"POINT (6.782379007000031 51.368183613000042)",Unfall 210366 (2020) Kat:2, Licht: 0,210366,2,7,1,07,16,3,0,0,1,1,0,0,0,0
"POINT (6.758913462000066 51.383741379000071)",Unfall 210408 (2020) Kat:3, Licht: 2,210408,3,1,0,07,00,7,0,2,0,0,0,0,0,1
"POINT (6.723382530000038 51.538659528000039)",Unfall 210629 (2020) Kat:3, Licht: 0,210629,3,4,6,07,14,2,0,0,0,1,1,0,0,0
"POINT (6.784067414000049 51.353076446000046)",Unfall 210630 (2020) Kat:3, Licht: 0,210630,3,2,6,07,10,3,0,0,0,0,1,0,0,1
"POINT (6.667705143000035 51.500256362000073)",Unfall 210637 (2020) Kat:3, Licht: 0,210637,3,5,1,07,09,5,1,0,0,1,0,0,0,0
"POINT (6.742966435000028 51.373350621000043)",Unfall 210664 (2020) Kat:3, Licht: 0,210664,3,7,0,07,20,6,0,0,1,0,0,0,0,1
"POINT (6.707341467000049 51.406782476000046)",Unfall 210680 (2020) Kat:2, Licht: 0,210680,2,1,8,07,18,3,1,0,0,1,0,0,0,0
"POINT (6.795362390000037 51.506516284000043)",Unfall 210713 (2020) Kat:2, Licht: 0,210713,2,2,4,07,21,6,0,0,0,1,0,1,0,0
"POINT (6.720434629000067 51.405751987000031)",Unfall 210726 (2020) Kat:3, Licht: 0,210726,3,3,5,07,15,5,1,0,1,1,0,0,0,0
"POINT (6.723632067000040 51.402208951000034)",Unfall 210730 (2020) Kat:3, Licht: 0,210730,3,6,4,07,14,3,0,0,1,0,0,0,0,0
"POINT (6.787090646000024 51.457884312000033)",Unfall 210735 (2020) Kat:3, Licht: 0,210735,3,3,5,07,08,5,1,0,1,1,0,0,0,0
"POINT (6.776604003000045 51.514142163000031)",Unfall 210738 (2020) Kat:3, Licht: 0,210738,3,3,5,07,15,5,1,0,0,0,0,1,0,1
"POINT (6.766542668000056 51.431151903000057)",Unfall 210741 (2020) Kat:3, Licht: 0,210741,3,2,0,07,14,5,1,0,0,1,0,0,0,1
"POINT (6.767425048000064 51.431034672000067)",Unfall 210770 (2020) Kat:3, Licht: 0,210770,3,4,0,07,16,6,0,0,1,0,1,0,0,0
"POINT (6.776347059000045 51.406813890000080)",Unfall 210788 (2020) Kat:3, Licht: 0,210788,3,1,8,07,18,3,1,0,0,1,0,0,0,0
"POINT (6.751315880000050 51.361773747000029)",Unfall 210789 (2020) Kat:3, Licht: 0,210789,3,5,1,07,17,4,0,0,1,1,0,0,0,0
"POINT (6.785308193000049 51.365809503000037)",Unfall 210794 (2020) Kat:2, Licht: 0,210794,2,1,8,07,20,4,0,0,1,0,0,0,0,0
"POINT (6.729359327000054 51.456076319000033)",Unfall 210796 (2020) Kat:2, Licht: 1,210796,2,1,8,07,19,4,0,1,0,0,0,1,0,0
"POINT (6.767590482000060 51.490883014000076)",Unfall 210799 (2020) Kat:3, Licht: 0,210799,3,1,0,07,13,4,1,0,0,0,0,1,0,1
"POINT (6.751618746000077 51.489585219000048)",Unfall 210821 (2020) Kat:3, Licht: 0,210821,3,3,5,07,14,6,0,0,1,1,0,0,0,0
"POINT (6.699435842000071 51.400361251000049)",Unfall 210838 (2020) Kat:3, Licht: 0,210838,3,3,5,07,10,3,0,0,1,1,0,0,0,0
"POINT (6.694155890000047 51.419081466000080)",Unfall 210891 (2020) Kat:3, Licht: 0,210891,3,7,6,07,10,5,1,0,0,1,1,0,0,0
"POINT (6.766407115000050 51.401170811000043)",Unfall 210919 (2020) Kat:3, Licht: 0,210919,3,5,0,07,14,1,0,0,1,0,0,0,0,1
"POINT (6.746286510000061 51.525372720000064)",Unfall 210928 (2020) Kat:3, Licht: 0,210928,3,6,4,07,10,4,0,0,0,1,0,0,0,0
"POINT (6.745027221000044 51.529427743000042)",Unfall 210931 (2020) Kat:3, Licht: 1,210931,3,3,5,07,21,2,0,1,0,1,0,1,0,0
"POINT (6.650257656000065 51.395297012000071)",Unfall 210934 (2020) Kat:3, Licht: 0,210934,3,6,3,07,18,1,0,0,1,1,0,0,0,0
"POINT (6.706576079000058 51.384877331000041)",Unfall 210944 (2020) Kat:3, Licht: 0,210944,3,2,4,07,17,1,0,0,1,0,0,0,0,0
"POINT (6.778354013000069 51.435187032000044)",Unfall 211034 (2020) Kat:3, Licht: 0,211034,3,6,2,07,15,4,0,0,0,1,0,0,0,0
"POINT (6.772827978000066 51.465573483000071)",Unfall 211084 (2020) Kat:3, Licht: 0,211084,3,2,2,07,17,4,0,0,0,1,0,0,0,0
"POINT (6.736700685000074 51.453471167000032)",Unfall 211088 (2020) Kat:3, Licht: 0,211088,3,3,5,07,19,2,0,0,1,1,0,0,0,0
"POINT (6.711290233000057 51.416634286000033)",Unfall 211107 (2020) Kat:3, Licht: 0,211107,3,2,4,07,09,3,0,0,1,1,0,0,0,0
"POINT (6.712093670000058 51.454930257000058)",Unfall 211118 (2020) Kat:3, Licht: 0,211118,3,5,1,07,14,7,0,0,1,1,0,0,0,0
"POINT (6.708374812000045 51.450714896000079)",Unfall 211121 (2020) Kat:3, Licht: 0,211121,3,7,6,07,13,7,0,0,0,1,1,0,0,0
"POINT (6.786450095000021 51.512178963000053)",Unfall 211126 (2020) Kat:3, Licht: 0,211126,3,7,1,07,08,7,0,0,0,1,0,0,0,0
"POINT (6.778873639000040 51.348285370000042)",Unfall 211166 (2020) Kat:3, Licht: 0,211166,3,5,1,07,18,1,0,0,1,1,0,0,0,0
"POINT (6.783733453000025 51.480755519000070)",Unfall 211167 (2020) Kat:2, Licht: 1,211167,2,1,0,07,21,1,1,1,0,0,0,1,0,0
"POINT (6.743641918000037 51.524829478000072)",Unfall 211189 (2020) Kat:3, Licht: 0,211189,3,4,5,07,17,2,0,0,0,1,1,0,0,0
"POINT (6.748019733000035 51.379867407000063)",Unfall 211239 (2020) Kat:3, Licht: 0,211239,3,3,5,07,21,7,0,0,1,1,0,0,0,0
"POINT (6.740458670000066 51.369836520000035)",Unfall 211317 (2020) Kat:2, Licht: 0,211317,2,6,2,07,13,6,0,0,0,1,0,1,0,0
"POINT (6.725000603000069 51.543449221000060)",Unfall 211450 (2020) Kat:3, Licht: 0,211450,3,3,5,07,14,5,0,0,1,1,0,0,0,0
"POINT (6.706476747000068 51.398971023000058)",Unfall 211542 (2020) Kat:2, Licht: 0,211542,2,4,6,07,17,5,0,0,0,1,1,0,0,0
"POINT (6.759030431000042 51.390384627000060)",Unfall 211583 (2020) Kat:3, Licht: 0,211583,3,6,2,07,14,3,0,0,0,1,0,0,0,0
"POINT (6.756924585000036 51.441313074000050)",Unfall 211585 (2020) Kat:2, Licht: 0,211585,2,7,5,07,15,3,0,0,0,1,0,1,0,0
"POINT (6.703363724000042 51.391501150000067)",Unfall 211751 (2020) Kat:3, Licht: 0,211751,3,3,5,08,18,2,0,0,1,1,0,0,0,0
"POINT (6.721986792000052 51.412227618000031)",Unfall 211752 (2020) Kat:3, Licht: 0,211752,3,2,5,08,19,2,0,0,1,1,0,0,0,0
"POINT (6.782223175000070 51.472086794000063)",Unfall 211753 (2020) Kat:3, Licht: 0,211753,3,7,0,08,14,2,0,0,0,0,0,0,0,1
"POINT (6.785413652000045 51.498490696000033)",Unfall 211754 (2020) Kat:3, Licht: 0,211754,3,7,0,08,17,2,0,0,0,0,0,0,0,1
"POINT (6.683321815000056 51.450342135000028)",Unfall 211759 (2020) Kat:3, Licht: 0,211759,3,3,1,08,12,3,0,0,1,0,0,0,1,0
"POINT (6.752895768000030 51.381797360000064)",Unfall 211863 (2020) Kat:3, Licht: 0,211863,3,2,5,08,17,3,0,0,0,1,0,0,0,0
"POINT (6.788751865000052 51.502360095000029)",Unfall 211911 (2020) Kat:2, Licht: 0,211911,2,3,0,08,20,3,0,0,1,1,0,0,0,0
"POINT (6.773789342000043 51.401127830000064)",Unfall 211938 (2020) Kat:3, Licht: 0,211938,3,2,5,08,14,4,0,0,1,1,0,0,0,0
"POINT (6.706124194000040 51.397747412000058)",Unfall 211940 (2020) Kat:3, Licht: 0,211940,3,7,4,08,19,4,0,0,0,1,0,0,0,0
"POINT (6.685135716000048 51.408857251000029)",Unfall 212017 (2020) Kat:3, Licht: 0,212017,3,2,4,08,09,6,0,0,1,1,0,0,0,0
"POINT (6.687993503000030 51.396167635000040)",Unfall 212047 (2020) Kat:3, Licht: 0,212047,3,2,5,08,18,5,0,0,1,1,0,0,0,0
"POINT (6.783629251000036 51.430820346000075)",Unfall 212150 (2020) Kat:2, Licht: 0,212150,2,5,1,08,17,5,0,0,1,1,0,0,0,0
"POINT (6.699435842000071 51.400361251000049)",Unfall 212191 (2020) Kat:3, Licht: 2,212191,3,3,0,08,22,3,0,2,0,1,0,1,0,0
"POINT (6.751979409000057 51.421934965000048)",Unfall 212214 (2020) Kat:3, Licht: 0,212214,3,7,1,08,20,2,0,0,0,1,0,0,0,0
"POINT (6.720069405000061 51.410304067000027)",Unfall 212216 (2020) Kat:3, Licht: 0,212216,3,3,5,08,19,2,0,0,1,1,0,0,0,0
"POINT (6.759132022000074 51.474861498000053)",Unfall 212288 (2020) Kat:3, Licht: 0,212288,3,3,5,08,18,1,0,0,0,1,0,0,0,0
"POINT (6.676072323000028 51.487661823000053)",Unfall 212381 (2020) Kat:3, Licht: 0,212381,3,6,4,08,15,7,0,0,0,0,0,1,0,1
"POINT (6.730916846000071 51.463225294000040)",Unfall 212440 (2020) Kat:3, Licht: 0,212440,3,5,1,08,15,7,0,0,0,1,0,0,0,0
"POINT (6.775129338000056 51.390426884000078)",Unfall 212556 (2020) Kat:3, Licht: 0,212556,3,3,5,08,18,6,0,0,1,1,0,0,0,0
"POINT (6.768587780000075 51.491399924000063)",Unfall 212575 (2020) Kat:3, Licht: 0,212575,3,7,6,08,13,5,0,0,1,0,1,0,0,0
"POINT (6.740931276000026 51.480183345000057)",Unfall 212623 (2020) Kat:3, Licht: 2,212623,3,2,1,08,00,4,1,2,0,1,0,1,0,0
"POINT (6.797066918000041 51.503793253000026)",Unfall 212626 (2020) Kat:3, Licht: 0,212626,3,3,5,08,11,4,0,0,0,1,0,0,0,0
"POINT (6.744129186000066 51.383976437000058)",Unfall 212659 (2020) Kat:3, Licht: 0,212659,3,3,0,08,15,6,0,0,1,1,0,0,0,0
"POINT (6.726375747000077 51.462927668000077)",Unfall 212676 (2020) Kat:2, Licht: 2,212676,2,1,0,08,22,5,0,2,1,0,0,0,0,0
"POINT (6.753508495000062 51.467212589000042)",Unfall 212779 (2020) Kat:3, Licht: 0,212779,3,3,2,08,13,4,0,0,0,1,0,1,0,0
"POINT (6.754996477000020 51.527518659000066)",Unfall 212814 (2020) Kat:3, Licht: 0,212814,3,7,1,08,19,1,1,0,0,1,0,0,0,0
"POINT (6.777196702000026 51.361862324000072)",Unfall 212909 (2020) Kat:3, Licht: 0,212909,3,1,8,08,20,2,1,0,0,1,0,0,0,0
"POINT (6.671485820000044 51.396999632000075)",Unfall 212911 (2020) Kat:3, Licht: 0,212911,3,2,5,08,13,2,0,0,1,1,0,0,0,0
"POINT (6.755996029000073 51.466587065000056)",Unfall 212970 (2020) Kat:3, Licht: 2,212970,3,1,8,08,23,7,0,2,0,0,0,1,0,0
"POINT (6.748430943000074 51.418790638000075)",Unfall 213012 (2020) Kat:3, Licht: 0,213012,3,4,6,08,16,5,0,0,0,1,1,0,0,0
"POINT (6.740533184000071 51.478533377000076)",Unfall 213015 (2020) Kat:3, Licht: 0,213015,3,5,1,08,15,6,0,0,1,1,0,0,0,0
"POINT (6.798737266000046 51.492230606000078)",Unfall 213164 (2020) Kat:3, Licht: 0,213164,3,2,0,08,14,5,0,0,0,1,0,1,0,0
"POINT (6.698398107000060 51.397227797000028)",Unfall 213331 (2020) Kat:3, Licht: 0,213331,3,2,6,08,15,2,0,0,0,1,1,0,0,0
"POINT (6.728652236000073 51.467604553000058)",Unfall 213344 (2020) Kat:3, Licht: 0,213344,3,3,5,08,21,2,0,0,0,1,0,1,0,0
"POINT (6.757011178000028 51.512580929000080)",Unfall 213359 (2020) Kat:3, Licht: 0,213359,3,6,9,08,17,1,1,0,0,1,0,0,0,0
"POINT (6.735384906000036 51.528392421000035)",Unfall 213361 (2020) Kat:3, Licht: 0,213361,3,6,2,08,17,1,0,0,0,1,0,0,0,0
"POINT (6.758938456000067 51.463380956000037)",Unfall 213545 (2020) Kat:3, Licht: 0,213545,3,3,5,08,10,6,0,0,0,1,0,1,0,0
"POINT (6.688004627000055 51.396174540000061)",Unfall 213623 (2020) Kat:3, Licht: 0,213623,3,3,5,08,18,7,0,0,0,1,0,0,0,0
"POINT (6.715956729000027 51.404474826000069)",Unfall 213685 (2020) Kat:3, Licht: 0,213685,3,6,6,08,14,5,0,0,0,1,1,0,0,0
"POINT (6.755561765000039 51.501329806000058)",Unfall 213687 (2020) Kat:3, Licht: 0,213687,3,7,0,08,14,5,0,0,1,1,0,0,0,0
"POINT (6.785306929000058 51.410815177000075)",Unfall 213705 (2020) Kat:3, Licht: 0,213705,3,3,5,08,16,2,0,0,0,1,0,0,0,0
"POINT (6.663332191000052 51.402887667000073)",Unfall 213746 (2020) Kat:3, Licht: 0,213746,3,3,0,09,10,5,1,0,1,1,0,0,0,0
"POINT (6.775196325000024 51.488009414000032)",Unfall 213821 (2020) Kat:3, Licht: 0,213821,3,6,1,09,16,4,0,0,0,1,0,0,0,0
"POINT (6.706854472000032 51.449800204000042)",Unfall 213856 (2020) Kat:3, Licht: 0,213856,3,4,0,09,13,5,1,0,0,0,1,1,0,0
"POINT (6.694493679000061 51.419573187000026)",Unfall 213930 (2020) Kat:3, Licht: 0,213930,3,3,5,09,12,4,0,0,0,1,0,0,0,0
"POINT (6.761661058000072 51.411805397000080)",Unfall 213963 (2020) Kat:3, Licht: 0,213963,3,3,5,09,14,5,1,0,0,1,0,1,0,0
"POINT (6.746071203000042 51.372883692000073)",Unfall 214017 (2020) Kat:3, Licht: 0,214017,3,7,1,09,16,7,0,0,0,1,0,0,0,0
"POINT (6.706383536000033 51.388695151000036)",Unfall 214018 (2020) Kat:3, Licht: 2,214018,3,1,0,09,01,7,0,2,0,1,0,0,0,0
"POINT (6.777031005000026 51.486110364000069)",Unfall 214080 (2020) Kat:3, Licht: 0,214080,3,3,5,09,17,2,0,0,0,1,0,1,0,0
"POINT (6.791124076000074 51.501026455000044)",Unfall 214087 (2020) Kat:3, Licht: 0,214087,3,1,1,09,15,2,0,0,1,1,0,0,0,0
"POINT (6.680161561000034 51.450562918000060)",Unfall 214128 (2020) Kat:3, Licht: 0,214128,3,3,5,09,08,6,1,0,1,1,0,0,0,0
"POINT (6.706156148000048 51.406275526000059)",Unfall 214229 (2020) Kat:3, Licht: 0,214229,3,3,3,09,09,2,0,0,1,1,0,0,0,0
"POINT (6.716627619000064 51.415910337000071)",Unfall 214237 (2020) Kat:3, Licht: 0,214237,3,1,6,09,08,2,0,0,0,1,1,0,0,0
"POINT (6.702473639000061 51.396083447000080)",Unfall 214258 (2020) Kat:3, Licht: 0,214258,3,7,6,09,17,3,0,0,0,0,1,0,0,1
"POINT (6.802984554000034 51.496178970000074)",Unfall 214556 (2020) Kat:2, Licht: 0,214556,2,1,0,09,09,1,0,0,0,0,0,1,0,0
"POINT (6.762118039000029 51.391109601000039)",Unfall 214580 (2020) Kat:3, Licht: 1,214580,3,1,0,09,19,6,0,1,0,0,0,1,0,0
"POINT (6.687096433000022 51.458662112000070)",Unfall 214588 (2020) Kat:3, Licht: 0,214588,3,1,0,09,15,6,0,0,1,0,0,0,0,0
"POINT (6.702054824000072 51.450069243000030)",Unfall 214597 (2020) Kat:3, Licht: 0,214597,3,6,1,09,11,6,0,0,0,1,0,0,0,0
"POINT (6.692876819000048 51.393661604000044)",Unfall 214599 (2020) Kat:3, Licht: 0,214599,3,1,4,09,07,6,0,0,0,1,0,1,0,0
"POINT (6.732565728000054 51.535891680000077)",Unfall 214601 (2020) Kat:3, Licht: 0,214601,3,7,0,09,16,6,0,0,0,1,0,0,0,0
"POINT (6.692199714000026 51.398295593000057)",Unfall 214806 (2020) Kat:3, Licht: 0,214806,3,7,0,09,18,4,0,0,0,0,0,1,0,0
"POINT (6.767624057000035 51.498924393000038)",Unfall 214941 (2020) Kat:3, Licht: 0,214941,3,7,1,09,07,5,0,0,0,1,0,0,0,0
"POINT (6.717251402000045 51.412559707000071)",Unfall 214963 (2020) Kat:3, Licht: 0,214963,3,4,6,09,14,4,0,0,0,0,1,1,0,0
"POINT (6.736667896000029 51.527477085000044)",Unfall 215089 (2020) Kat:3, Licht: 0,215089,3,1,0,09,19,1,0,0,0,0,0,1,0,0
"POINT (6.703384100000051 51.402447778000067)",Unfall 215094 (2020) Kat:3, Licht: 0,215094,3,1,1,09,09,6,0,0,1,1,0,0,0,0
"POINT (6.707350897000026 51.410040167000034)",Unfall 215202 (2020) Kat:3, Licht: 0,215202,3,4,6,09,12,6,0,0,0,1,1,0,0,0
"POINT (6.734986596000056 51.455989982000062)",Unfall 215246 (2020) Kat:2, Licht: 0,215246,2,6,3,09,14,5,0,0,0,0,0,1,1,0
"POINT (6.808700115000022 51.498162136000076)",Unfall 215249 (2020) Kat:3, Licht: 0,215249,3,4,0,09,14,6,0,0,0,0,1,0,0,1
"POINT (6.772200220000059 51.470635135000066)",Unfall 215255 (2020) Kat:3, Licht: 0,215255,3,3,2,09,19,5,0,0,1,1,0,0,0,0
"POINT (6.739448097000036 51.530252944000040)",Unfall 215335 (2020) Kat:3, Licht: 2,215335,3,3,5,09,21,4,0,2,0,1,0,1,0,0
"POINT (6.798835623000059 51.492213005000053)",Unfall 215386 (2020) Kat:3, Licht: 0,215386,3,2,4,09,16,3,0,0,0,1,0,0,0,0
"POINT (6.716348393000033 51.394671100000039)",Unfall 215428 (2020) Kat:3, Licht: 0,215428,3,3,5,09,11,4,0,0,0,1,0,0,0,0
"POINT (6.780541100000050 51.433289124000055)",Unfall 215493 (2020) Kat:3, Licht: 0,215493,3,7,0,09,09,3,0,0,0,1,0,0,0,0
"POINT (6.799886738000055 51.497227652000049)",Unfall 215495 (2020) Kat:3, Licht: 0,215495,3,7,1,09,12,4,0,0,1,1,0,0,0,0
"POINT (6.769056526000043 51.434721827000033)",Unfall 215579 (2020) Kat:3, Licht: 0,215579,3,4,6,09,18,7,0,0,0,1,1,0,0,0
"POINT (6.742808677000028 51.525073159000044)",Unfall 215582 (2020) Kat:2, Licht: 0,215582,2,3,5,09,13,7,1,0,0,1,0,0,0,0
"POINT (6.757613259000038 51.464344045000075)",Unfall 215584 (2020) Kat:3, Licht: 0,215584,3,7,7,09,16,7,1,0,0,0,0,0,0,1
"POINT (6.814472940000030 51.498762869000075)",Unfall 215605 (2020) Kat:3, Licht: 0,215605,3,3,0,09,08,2,1,0,0,1,0,0,0,0
"POINT (6.761827563000054 51.404262705000065)",Unfall 215688 (2020) Kat:3, Licht: 0,215688,3,7,0,09,10,5,0,0,0,1,0,0,0,0
"POINT (6.790633713000034 51.432855288000042)",Unfall 215690 (2020) Kat:3, Licht: 0,215690,3,4,6,09,07,5,0,0,0,1,1,0,0,0
"POINT (6.754070213000034 51.433355056000039)",Unfall 215693 (2020) Kat:3, Licht: 0,215693,3,2,2,09,10,5,0,0,0,0,0,1,1,0
"POINT (6.721533179000062 51.408942696000054)",Unfall 215699 (2020) Kat:3, Licht: 2,215699,3,1,0,09,06,6,1,2,1,0,0,0,0,0
"POINT (6.772170873000050 51.471809320000034)",Unfall 215728 (2020) Kat:3, Licht: 0,215728,3,2,0,09,14,1,1,0,0,0,0,1,0,0
"POINT (6.786931684000024 51.370093307000047)",Unfall 215813 (2020) Kat:3, Licht: 0,215813,3,7,0,09,14,3,1,0,1,0,0,0,0,0
"POINT (6.756561476000059 51.505284904000064)",Unfall 215837 (2020) Kat:3, Licht: 0,215837,3,3,5,10,13,5,1,0,0,1,0,0,0,0
"POINT (6.782205594000061 51.441834060000076)",Unfall 215943 (2020) Kat:3, Licht: 0,215943,3,5,0,10,07,5,1,0,1,1,0,0,0,1
"POINT (6.761442841000076 51.402099378000059)",Unfall 215984 (2020) Kat:3, Licht: 0,215984,3,4,6,09,10,4,0,0,0,1,1,0,0,0
"POINT (6.687812350000058 51.448597160000077)",Unfall 215996 (2020) Kat:3, Licht: 0,215996,3,3,5,09,08,4,1,0,1,1,0,0,0,0
"POINT (6.658011764000037 51.397740404000047)",Unfall 216003 (2020) Kat:3, Licht: 0,216003,3,7,0,09,17,4,1,0,0,0,1,0,0,1
"POINT (6.754325043000051 51.424934885000027)",Unfall 216032 (2020) Kat:2, Licht: 0,216032,2,3,5,10,12,5,0,0,1,1,0,0,0,0
"POINT (6.746464772000024 51.442850528000065)",Unfall 216079 (2020) Kat:2, Licht: 0,216079,2,7,5,10,16,6,0,0,1,0,0,0,0,1
"POINT (6.704800057000057 51.404179783000075)",Unfall 216080 (2020) Kat:3, Licht: 0,216080,3,1,8,10,16,6,0,0,0,1,0,0,0,0
"POINT (6.762247821000074 51.504945150000026)",Unfall 216098 (2020) Kat:3, Licht: 0,216098,3,3,0,10,11,3,1,0,1,1,0,0,0,0
"POINT (6.791073069000049 51.490208223000081)",Unfall 216107 (2020) Kat:3, Licht: 1,216107,3,6,2,10,18,2,1,1,0,1,0,0,0,0
"POINT (6.785711079000066 51.439061497000068)",Unfall 216206 (2020) Kat:3, Licht: 0,216206,3,3,5,10,13,3,0,0,1,1,0,0,0,0
"POINT (6.750109726000062 51.415615673000048)",Unfall 216215 (2020) Kat:3, Licht: 0,216215,3,2,5,10,15,2,1,0,1,1,0,0,0,0
"POINT (6.759684171000060 51.504278613000054)",Unfall 216267 (2020) Kat:3, Licht: 0,216267,3,3,0,10,11,2,1,0,0,1,0,1,0,0
"POINT (6.756354047000059 51.383066726000038)",Unfall 216297 (2020) Kat:2, Licht: 0,216297,2,2,4,10,18,3,0,0,0,1,0,1,0,0
"POINT (6.753744398000038 51.397755030000042)",Unfall 216343 (2020) Kat:3, Licht: 2,216343,3,7,0,10,23,6,1,2,0,1,1,0,0,0
"POINT (6.753215297000054 51.513813031000041)",Unfall 216345 (2020) Kat:2, Licht: 2,216345,2,3,5,10,20,6,1,2,0,1,0,1,0,0
"POINT (6.759100346000025 51.428235985000072)",Unfall 216364 (2020) Kat:3, Licht: 1,216364,3,3,5,10,08,5,1,1,0,1,0,1,0,0
"POINT (6.778316486000051 51.435200865000070)",Unfall 216365 (2020) Kat:2, Licht: 1,216365,2,2,5,10,19,5,1,1,0,1,0,0,0,1
"POINT (6.769067821000022 51.434749827000076)",Unfall 216483 (2020) Kat:3, Licht: 0,216483,3,4,6,10,08,4,1,0,0,1,1,0,0,0
"POINT (6.778842234000024 51.464390579000053)",Unfall 216484 (2020) Kat:3, Licht: 2,216484,3,7,0,10,02,4,1,2,1,0,0,0,0,0
"POINT (6.737531001000036 51.470314109000071)",Unfall 216486 (2020) Kat:3, Licht: 1,216486,3,4,6,10,18,4,0,1,0,1,1,0,0,0
"POINT (6.713918416000070 51.410893533000035)",Unfall 216601 (2020) Kat:2, Licht: 2,216601,2,3,5,10,19,5,0,2,0,1,0,1,0,0
"POINT (6.776658447000045 51.490339707000032)",Unfall 216607 (2020) Kat:3, Licht: 0,216607,3,3,5,10,15,3,0,0,1,1,0,0,0,0
"POINT (6.730626683000025 51.433638891000044)",Unfall 216688 (2020) Kat:3, Licht: 0,216688,3,5,1,10,10,5,1,0,0,1,0,0,0,0
"POINT (6.711938216000021 51.407326015000081)",Unfall 216695 (2020) Kat:3, Licht: 0,216695,3,2,4,10,16,2,1,0,0,1,0,0,0,0
"POINT (6.808705822000036 51.481017439000027)",Unfall 216710 (2020) Kat:3, Licht: 0,216710,3,3,0,10,11,3,0,0,0,1,0,1,0,0
"POINT (6.748418422000043 51.507896592000066)",Unfall 216731 (2020) Kat:3, Licht: 0,216731,3,7,9,10,16,7,0,0,0,1,0,0,0,0
"POINT (6.770416221000062 51.481088292000038)",Unfall 216790 (2020) Kat:3, Licht: 0,216790,3,6,3,10,09,3,0,0,0,1,0,0,1,0
"POINT (6.713845270000036 51.395601290000059)",Unfall 216797 (2020) Kat:3, Licht: 2,216797,3,3,5,10,21,2,0,2,1,1,0,0,0,0
"POINT (6.773736397000050 51.489705581000067)",Unfall 216857 (2020) Kat:3, Licht: 0,216857,3,6,3,10,16,7,0,0,0,1,0,0,0,0
"POINT (6.750669856000059 51.501822251000078)",Unfall 216862 (2020) Kat:3, Licht: 0,216862,3,4,6,10,12,7,0,0,0,1,1,0,0,0
"POINT (6.782484766000039 51.440455611000061)",Unfall 216903 (2020) Kat:2, Licht: 0,216903,2,3,5,10,10,4,1,0,0,1,0,1,0,0
"POINT (6.761917778000054 51.433889413000031)",Unfall 217003 (2020) Kat:2, Licht: 0,217003,2,3,0,10,08,3,0,0,1,0,0,0,0,0
"POINT (6.742998627000077 51.372649124000077)",Unfall 217037 (2020) Kat:3, Licht: 2,217037,3,7,0,10,19,6,0,2,0,1,0,0,0,1
"POINT (6.697704260000023 51.477940424000053)",Unfall 217040 (2020) Kat:3, Licht: 0,217040,3,3,0,10,08,6,0,0,0,1,0,0,0,0
"POINT (6.684861439000031 51.409160874000065)",Unfall 217141 (2020) Kat:3, Licht: 2,217141,3,3,0,10,02,7,1,2,0,1,0,0,0,0
"POINT (6.772118028000023 51.430341333000058)",Unfall 217175 (2020) Kat:3, Licht: 0,217175,3,6,1,10,10,1,1,0,0,1,0,0,0,0
"POINT (6.766542668000056 51.431151903000057)",Unfall 217230 (2020) Kat:3, Licht: 0,217230,3,6,1,10,15,7,0,0,0,1,1,0,0,0
"POINT (6.770389093000063 51.361600532000068)",Unfall 217246 (2020) Kat:3, Licht: 0,217246,3,7,6,10,14,6,1,0,0,1,1,0,0,0
"POINT (6.750871950000033 51.506117626000048)",Unfall 217268 (2020) Kat:2, Licht: 0,217268,2,7,3,10,16,6,0,0,1,1,0,0,0,0
"POINT (6.758564686000057 51.430358039000055)",Unfall 217290 (2020) Kat:2, Licht: 0,217290,2,7,0,10,17,5,1,0,0,0,1,0,0,1