WKT,Name,OBJECTID,UKATEGORIE,UTYP1,UART,UMONAT,USTUNDE,UWOCHENTAG,STRZUSTAND,ULICHTVERH,ISTRAD,ISTPKW,ISTFUSS,ISTKRAD,ISTGKFZ,ISTSONSTIG
"POINT (6.738342592000038 51.433934609000062)",Unfall 217291 (2020) Kat:3, Licht: 0,217291,3,7,0,10,09,5,1,0,0,0,0,1,0,0
"POINT (6.734267295000052 51.538950483000065)",Unfall 217295 (2020) Kat:3, Licht: 2,217295,3,7,0,10,22,7,0,2,1,0,0,1,0,0
"POINT (6.758886026000027 51.392690351000056)",Unfall 217361 (2020) Kat:3, Licht: 0,217361,3,4,6,10,12,5,0,0,0,1,1,0,0,0
"POINT (6.754159693000077 51.503926965000062)",Unfall 217364 (2020) Kat:3, Licht: 2,217364,3,2,3,10,18,5,1,2,1,0,0,0,0,1
"POINT (6.721563080000067 51.404409695000027)",Unfall 217492 (2020) Kat:3, Licht: 0,217492,3,6,2,10,15,4,0,0,0,1,0,0,0,0
"POINT (6.728709278000054 51.455136132000064)",Unfall 217496 (2020) Kat:3, Licht: 2,217496,3,6,4,10,21,4,1,2,0,1,0,1,0,0
"POINT (6.743934070000023 51.446385716000066)",Unfall 217497 (2020) Kat:3, Licht: 0,217497,3,2,3,10,08,4,0,0,1,0,0,0,1,0
"POINT (6.773096140000064 51.465600169000027)",Unfall 217569 (2020) Kat:3, Licht: 0,217569,3,4,6,10,07,3,1,0,0,1,1,0,0,0
"POINT (6.788046914000063 51.424197711000033)",Unfall 217659 (2020) Kat:3, Licht: 0,217659,3,2,6,11,07,2,0,0,0,1,1,0,0,0
"POINT (6.778984110000067 51.410571443000038)",Unfall 217691 (2020) Kat:3, Licht: 0,217691,3,2,2,11,15,4,0,0,1,1,0,0,0,0
"POINT (6.684494353000048 51.451191100000074)",Unfall 217769 (2020) Kat:3, Licht: 0,217769,3,7,0,10,15,7,0,0,1,0,0,0,0,0
"POINT (6.706109908000030 51.349175945000070)",Unfall 217780 (2020) Kat:3, Licht: 0,217780,3,5,8,11,07,3,0,0,0,1,0,0,0,0
"POINT (6.781251209000061 51.496461869000029)",Unfall 217833 (2020) Kat:3, Licht: 0,217833,3,1,5,11,15,2,0,0,0,1,0,0,0,0
"POINT (6.761947249000059 51.415312691000054)",Unfall 217863 (2020) Kat:3, Licht: 0,217863,3,3,5,11,15,7,0,0,1,1,0,0,0,0
"POINT (6.704880316000072 51.406444419000081)",Unfall 217956 (2020) Kat:3, Licht: 2,217956,3,2,0,11,19,1,0,2,0,1,1,0,0,0
"POINT (6.722901850000028 51.402814614000079)",Unfall 217969 (2020) Kat:2, Licht: 0,217969,2,2,6,11,12,6,0,0,0,1,1,0,0,0
"POINT (6.727516559000037 51.433138310000061)",Unfall 218049 (2020) Kat:3, Licht: 2,218049,3,7,0,11,19,2,0,2,0,1,0,0,0,1
"POINT (6.742636616000027 51.517829282000037)",Unfall 218105 (2020) Kat:3, Licht: 0,218105,3,3,5,11,15,2,0,0,0,1,0,0,0,0
"POINT (6.677346091000061 51.455696913000054)",Unfall 218136 (2020) Kat:2, Licht: 0,218136,2,3,5,11,14,3,1,0,1,1,0,0,0,0
"POINT (6.783347854000056 51.499852049000026)",Unfall 218163 (2020) Kat:3, Licht: 1,218163,3,6,2,11,07,5,1,1,0,1,0,0,0,0
"POINT (6.772896004000074 51.465456672000073)",Unfall 218235 (2020) Kat:3, Licht: 2,218235,3,6,2,11,17,6,1,2,0,1,0,0,0,0
"POINT (6.757132943000045 51.502077887000041)",Unfall 218296 (2020) Kat:2, Licht: 0,218296,2,7,0,11,07,3,0,0,0,1,1,0,0,0
"POINT (6.784905268000046 51.491544389000069)",Unfall 218450 (2020) Kat:3, Licht: 0,218450,3,1,2,11,10,4,0,0,0,1,0,0,0,0
"POINT (6.786651321000022 51.354259714000079)",Unfall 218495 (2020) Kat:3, Licht: 0,218495,3,7,0,11,12,7,0,0,1,0,0,0,0,0
"POINT (6.757897151000066 51.416357407000078)",Unfall 218502 (2020) Kat:3, Licht: 2,218502,3,2,5,11,18,7,0,2,1,1,0,0,0,0
"POINT (6.780954783000027 51.438140752000038)",Unfall 218544 (2020) Kat:3, Licht: 1,218544,3,3,5,11,07,3,1,1,1,1,0,0,0,0
"POINT (6.780205664000050 51.402678753000032)",Unfall 218562 (2020) Kat:3, Licht: 0,218562,3,6,2,11,13,4,0,0,0,1,0,0,0,0
"POINT (6.757211879000067 51.502029065000045)",Unfall 218636 (2020) Kat:3, Licht: 2,218636,3,7,0,11,16,1,1,2,0,1,1,0,0,0
"POINT (6.703794672000072 51.454298415000039)",Unfall 218726 (2020) Kat:3, Licht: 0,218726,3,3,5,11,14,7,0,0,0,1,0,0,0,0
"POINT (6.723582947000068 51.412607913000045)",Unfall 218785 (2020) Kat:3, Licht: 2,218785,3,3,5,11,22,2,1,2,0,1,0,0,0,0
"POINT (6.692415192000055 51.462381020000066)",Unfall 218789 (2020) Kat:3, Licht: 0,218789,3,1,8,11,10,1,0,0,0,1,0,0,0,0
"POINT (6.713719298000058 51.408033754000030)",Unfall 218799 (2020) Kat:3, Licht: 0,218799,3,7,6,11,10,6,0,0,0,1,1,0,0,0
"POINT (6.777081440000075 51.402776776000053)",Unfall 218807 (2020) Kat:3, Licht: 0,218807,3,3,5,11,15,5,1,0,0,1,0,0,0,0
"POINT (6.769376869000041 51.531644852000056)",Unfall 218809 (2020) Kat:3, Licht: 0,218809,3,7,0,11,11,6,0,0,1,0,0,0,0,0
"POINT (6.768726167000068 51.531935292000071)",Unfall 218813 (2020) Kat:3, Licht: 0,218813,3,7,0,11,11,6,0,0,1,0,0,0,0,0
"POINT (6.794256193000024 51.445638234000057)",Unfall 218915 (2020) Kat:3, Licht: 2,218915,3,2,5,11,06,2,2,2,0,1,0,0,0,0
"POINT (6.704722857000036 51.406487834000075)",Unfall 218949 (2020) Kat:3, Licht: 0,218949,3,3,5,11,14,4,0,0,1,1,0,0,0,0
"POINT (6.767009678000022 51.434232942000051)",Unfall 218964 (2020) Kat:3, Licht: 0,218964,3,7,0,11,11,2,0,0,0,1,0,0,0,0
"POINT (6.738974170000063 51.518502547000026)",Unfall 219033 (2020) Kat:3, Licht: 0,219033,3,3,0,11,11,6,0,0,1,1,0,0,0,0
"POINT (6.757343234000075 51.377731018000077)",Unfall 219044 (2020) Kat:3, Licht: 0,219044,3,7,0,11,07,5,0,0,1,0,0,0,0,0
"POINT (6.744595889000038 51.441496971000049)",Unfall 219068 (2020) Kat:3, Licht: 0,219068,3,2,4,11,10,2,0,0,0,1,0,0,1,0
"POINT (6.797838415000058 51.498182703000055)",Unfall 219115 (2020) Kat:2, Licht: 1,219115,2,2,4,11,07,2,0,1,1,1,0,0,0,0
"POINT (6.739197030000071 51.441304254000045)",Unfall 219168 (2020) Kat:3, Licht: 0,219168,3,6,2,12,10,3,1,0,0,0,0,0,1,1
"POINT (6.762676275000047 51.468212561000030)",Unfall 219174 (2020) Kat:3, Licht: 0,219174,3,4,6,12,08,3,1,0,0,1,1,0,0,0
"POINT (6.745755271000064 51.421424872000046)",Unfall 219213 (2020) Kat:3, Licht: 2,219213,3,4,6,12,17,5,1,2,0,1,1,0,0,0
"POINT (6.758801703000074 51.385324205000074)",Unfall 219214 (2020) Kat:3, Licht: 0,219214,3,7,1,12,13,5,1,0,1,1,0,0,0,0
"POINT (6.771826670000053 51.429843309000034)",Unfall 219240 (2020) Kat:3, Licht: 0,219240,3,6,1,12,15,6,0,0,0,1,0,0,0,0
"POINT (6.808419451000020 51.497389296000051)",Unfall 219249 (2020) Kat:3, Licht: 0,219249,3,4,6,12,14,6,0,0,0,1,1,0,0,0
"POINT (6.780970545000059 51.365362988000072)",Unfall 219408 (2020) Kat:3, Licht: 0,219408,3,3,5,12,14,2,1,0,1,1,0,0,0,0
"POINT (6.720032201000038 51.410321504000080)",Unfall 219410 (2020) Kat:3, Licht: 0,219410,3,3,0,12,08,5,0,0,1,1,0,0,0,0
"POINT (6.737764123000034 51.434555990000035)",Unfall 219435 (2020) Kat:3, Licht: 2,219435,3,1,0,12,17,2,1,2,0,1,0,0,0,0
"POINT (6.733149529000059 51.462680407000050)",Unfall 219446 (2020) Kat:3, Licht: 2,219446,3,1,3,12,21,4,2,2,0,1,0,0,0,0
"POINT (6.659061489000067 51.401190570000040)",Unfall 219447 (2020) Kat:3, Licht: 2,219447,3,2,6,12,07,2,1,2,0,1,1,0,0,0
"POINT (6.669525956000030 51.419752587000062)",Unfall 219513 (2020) Kat:2, Licht: 0,219513,2,3,0,12,16,5,1,0,0,1,0,1,0,0
"POINT (6.757950564000055 51.420684181000070)",Unfall 219550 (2020) Kat:3, Licht: 0,219550,3,3,0,12,10,4,1,0,0,1,0,1,0,0
"POINT (6.692346001000033 51.462885907000043)",Unfall 219617 (2020) Kat:3, Licht: 2,219617,3,4,6,12,21,7,0,2,0,1,1,0,0,0
"POINT (6.766787784000030 51.432268582000063)",Unfall 219619 (2020) Kat:3, Licht: 0,219619,3,7,6,12,09,5,0,0,0,1,1,0,0,0
"POINT (6.725561499000037 51.366092489000039)",Unfall 219657 (2020) Kat:3, Licht: 0,219657,3,4,6,12,16,2,0,0,0,1,1,0,0,0
"POINT (6.763327536000077 51.383896155000059)",Unfall 219677 (2020) Kat:3, Licht: 2,219677,3,7,1,12,17,3,1,2,0,1,0,0,0,0
"POINT (6.812139109000043 51.392368347000058)",Unfall 219678 (2020) Kat:3, Licht: 0,219678,3,2,2,12,08,3,1,0,0,0,0,0,0,1
"POINT (6.760863721000021 51.428010615000062)",Unfall 219679 (2020) Kat:3, Licht: 0,219679,3,3,5,12,10,3,1,0,1,1,0,0,0,0
"POINT (6.758943169000077 51.426808853000068)",Unfall 219711 (2020) Kat:3, Licht: 0,219711,3,7,2,12,14,4,1,0,0,1,0,0,0,0
"POINT (6.773774191000030 51.401126813000076)",Unfall 219742 (2020) Kat:3, Licht: 2,219742,3,2,5,12,20,6,1,2,1,1,0,0,0,0
"POINT (6.758423842000070 51.463118864000080)",Unfall 219745 (2020) Kat:2, Licht: 0,219745,2,4,6,12,10,6,1,0,0,1,1,0,0,0
"POINT (6.777201934000061 51.434300461000078)",Unfall 219781 (2020) Kat:3, Licht: 2,219781,3,3,5,12,17,2,1,2,0,1,0,0,0,0
"POINT (6.759567597000057 51.463705394000044)",Unfall 219782 (2020) Kat:2, Licht: 1,219782,2,4,0,12,16,2,1,1,0,1,1,0,0,0
"POINT (6.756206535000047 51.482456706000050)",Unfall 219962 (2020) Kat:2, Licht: 2,219962,2,7,0,12,16,5,0,2,0,1,0,0,0,0
"POINT (6.752937247000034 51.504681580000067)",Unfall 220032 (2020) Kat:3, Licht: 2,220032,3,2,6,12,19,4,1,2,0,1,1,0,0,0
"POINT (6.649276404000034 51.408453999000074)",Unfall 220066 (2020) Kat:3, Licht: 0,220066,3,1,9,12,09,7,0,0,0,1,0,0,0,0
"POINT (6.671814779000044 51.416869013000053)",Unfall 220073 (2020) Kat:3, Licht: 0,220073,3,7,0,12,14,1,0,0,1,0,1,0,0,0
"POINT (6.747293376000073 51.382652003000032)",Unfall 220191 (2020) Kat:3, Licht: 2,220191,3,2,6,12,19,1,1,2,0,1,1,0,0,0
"POINT (6.743011420000073 51.372371191000070)",Unfall 220322 (2020) Kat:3, Licht: 0,220322,3,7,6,12,08,4,0,0,0,1,1,0,0,0
"POINT (6.717548133000037 51.412234326000032)",Unfall 220417 (2020) Kat:3, Licht: 0,220417,3,3,5,12,09,2,1,0,1,1,0,0,0,0
"POINT (6.778622606000056 51.485117899000045)",Unfall 220419 (2020) Kat:3, Licht: 2,220419,3,1,0,12,18,2,1,2,1,0,0,0,0,0
"POINT (6.749693118000039 51.498090009000066)",Unfall 25555 (2021) Kat:3, Licht: 1,25555,3,2,4,12,16,2,1,1,0,1,0,0,0,0
"POINT (6.734682400000054 51.469790911000075)",Unfall 25556 (2021) Kat:3, Licht: 0,25556,3,1,0,11,12,3,1,0,0,0,0,1,0,0
"POINT (6.697247390000030 51.451467737000030)",Unfall 25567 (2021) Kat:3, Licht: 2,25567,3,3,5,12,7,3,1,2,1,0,0,0,0,1
"POINT (6.713781167000036 51.548949782000079)",Unfall 25579 (2021) Kat:3, Licht: 0,25579,3,1,9,1,16,7,0,0,0,1,0,0,0,0
"POINT (6.748045397000055 51.442684895000070)",Unfall 25586 (2021) Kat:2, Licht: 1,25586,2,7,0,6,21,5,0,1,1,1,0,0,0,0
"POINT (6.742535004000047 51.521450550000054)",Unfall 25596 (2021) Kat:2, Licht: 0,25596,2,6,3,6,16,1,0,0,1,1,0,0,0,0
"POINT (6.769199062000041 51.416208215000040)",Unfall 25604 (2021) Kat:3, Licht: 0,25604,3,2,2,12,14,5,1,0,0,1,0,0,0,0
"POINT (6.757903851000037 51.431176670000070)",Unfall 25610 (2021) Kat:2, Licht: 0,25610,2,3,0,3,10,2,0,0,1,1,0,0,0,0
"POINT (6.710384341000065 51.400731300000075)",Unfall 25611 (2021) Kat:3, Licht: 0,25611,3,6,2,9,13,4,0,0,0,1,0,0,0,0
"POINT (6.752041372000065 51.366949989000034)",Unfall 25640 (2021) Kat:2, Licht: 0,25640,2,3,5,10,10,6,0,0,0,1,0,1,0,0
"POINT (6.772714315000030 51.445257267000045)",Unfall 25643 (2021) Kat:2, Licht: 2,25643,2,7,2,12,19,4,0,2,0,1,0,0,0,0
"POINT (6.743678793000072 51.511589590000028)",Unfall 25650 (2021) Kat:3, Licht: 2,25650,3,6,1,10,19,7,0,2,0,1,0,0,0,0
"POINT (6.686007665000034 51.444937685000070)",Unfall 25651 (2021) Kat:3, Licht: 0,25651,3,7,6,6,14,4,0,0,1,0,1,0,0,0
"POINT (6.777078948000053 51.445856094000078)",Unfall 25652 (2021) Kat:2, Licht: 0,25652,2,1,3,9,13,6,1,0,0,1,0,0,1,0
"POINT (6.756429210000022 51.436637341000051)",Unfall 25657 (2021) Kat:2, Licht: 0,25657,2,4,6,4,12,2,1,0,0,1,1,0,0,0
"POINT (6.781396554000025 51.378702305000047)",Unfall 25669 (2021) Kat:3, Licht: 0,25669,3,6,4,9,16,3,0,0,1,0,0,0,0,1
"POINT (6.771969277000039 51.433860562000064)",Unfall 25672 (2021) Kat:2, Licht: 0,25672,2,1,9,4,10,3,0,0,0,1,0,0,0,0
"POINT (6.741851177000058 51.484985227000038)",Unfall 25678 (2021) Kat:2, Licht: 0,25678,2,6,2,7,14,5,0,0,0,1,0,0,0,0
"POINT (6.753879418000054 51.418019249000054)",Unfall 25685 (2021) Kat:3, Licht: 0,25685,3,6,6,2,13,3,1,0,0,1,1,0,0,0
"POINT (6.760528667000074 51.376504739000040)",Unfall 25692 (2021) Kat:3, Licht: 0,25692,3,1,6,11,11,5,1,0,1,0,1,0,0,0
"POINT (6.711032328000044 51.398218180000072)",Unfall 25693 (2021) Kat:3, Licht: 0,25693,3,6,1,6,16,3,0,0,0,1,0,0,0,0
"POINT (6.748595244000057 51.386435659000028)",Unfall 25699 (2021) Kat:3, Licht: 0,25699,3,6,0,9,12,4,0,0,0,1,0,1,0,0
"POINT (6.731961142000046 51.544746261000057)",Unfall 25701 (2021) Kat:3, Licht: 2,25701,3,6,1,6,0,7,0,2,0,1,0,0,0,0
"POINT (6.765464536000025 51.406323332000056)",Unfall 25714 (2021) Kat:2, Licht: 0,25714,2,2,5,5,13,2,1,0,1,0,0,0,1,0
"POINT (6.782766571000025 51.467640509000034)",Unfall 25726 (2021) Kat:3, Licht: 0,25726,3,2,5,1,15,3,1,0,1,1,0,0,0,0
"POINT (6.770204513000067 51.461985594000055)",Unfall 25732 (2021) Kat:3, Licht: 0,25732,3,6,2,9,11,6,0,0,0,1,0,0,1,0
"POINT (6.758312326000066 51.530755026000065)",Unfall 25735 (2021) Kat:2, Licht: 2,25735,2,6,2,9,23,7,0,2,0,1,0,1,0,0
"POINT (6.729459526000028 51.479448916000081)",Unfall 25745 (2021) Kat:3, Licht: 2,25745,3,2,5,12,21,7,0,2,0,1,0,0,0,1
"POINT (6.774559916000044 51.437646979000078)",Unfall 25756 (2021) Kat:3, Licht: 0,25756,3,6,2,10,9,4,0,0,0,1,0,0,0,1
"POINT (6.770239458000049 51.482148622000068)",Unfall 25776 (2021) Kat:2, Licht: 2,25776,2,1,8,2,23,3,2,2,0,1,0,0,0,0
"POINT (6.763192180000033 51.402642239000045)",Unfall 25787 (2021) Kat:3, Licht: 0,25787,3,3,5,3,11,5,0,0,1,1,0,0,0,0
"POINT (6.753259556000046 51.393620342000077)",Unfall 25796 (2021) Kat:3, Licht: 0,25796,3,3,5,4,17,4,0,0,0,1,0,0,0,1
"POINT (6.757466925000074 51.527637018000064)",Unfall 25813 (2021) Kat:3, Licht: 0,25813,3,6,2,2,14,7,1,0,0,1,0,0,0,0
"POINT (6.713201208000044 51.415058891000058)",Unfall 25819 (2021) Kat:3, Licht: 0,25819,3,3,0,3,15,6,0,0,1,1,0,0,0,0
"POINT (6.733792377000043 51.458351457000049)",Unfall 25826 (2021) Kat:3, Licht: 0,25826,3,1,8,10,14,7,1,0,0,1,0,0,0,0
"POINT (6.772384914000042 51.437708833000045)",Unfall 25828 (2021) Kat:3, Licht: 0,25828,3,2,6,12,13,4,0,0,0,1,1,0,0,0
"POINT (6.700908734000052 51.508575676000078)",Unfall 25829 (2021) Kat:2, Licht: 2,25829,2,1,9,3,4,7,1,2,0,1,0,0,0,0
"POINT (6.742310530000054 51.521051758000056)",Unfall 25834 (2021) Kat:3, Licht: 0,25834,3,6,2,2,17,4,0,0,0,1,0,1,0,0
"POINT (6.775749865000023 51.433185602000037)",Unfall 25836 (2021) Kat:3, Licht: 0,25836,3,6,2,10,11,5,0,0,0,1,0,0,0,0
"POINT (6.766145591000054 51.379105468000034)",Unfall 25839 (2021) Kat:3, Licht: 2,25839,3,7,0,12,2,7,1,2,1,0,0,0,0,0
"POINT (6.753971291000028 51.470717019000062)",Unfall 25842 (2021) Kat:3, Licht: 0,25842,3,3,5,7,8,2,0,0,1,1,0,0,0,0
"POINT (6.733098653000070 51.412724182000034)",Unfall 25856 (2021) Kat:3, Licht: 0,25856,3,6,2,10,15,5,0,0,0,1,0,0,1,0
"POINT (6.771252764000053 51.409826377000059)",Unfall 25858 (2021) Kat:3, Licht: 0,25858,3,1,9,9,8,5,0,0,0,1,0,0,0,0
"POINT (6.739408330000060 51.452854581000054)",Unfall 25866 (2021) Kat:3, Licht: 0,25866,3,6,2,5,13,2,1,0,0,1,0,0,0,0
"POINT (6.775422930000047 51.373966152000037)",Unfall 25868 (2021) Kat:3, Licht: 0,25868,3,6,2,6,5,4,0,0,0,1,0,0,0,1
"POINT (6.764532520000046 51.472375249000038)",Unfall 25871 (2021) Kat:3, Licht: 0,25871,3,7,4,10,14,1,1,0,0,1,0,0,0,0
"POINT (6.768473710000023 51.486522632000060)",Unfall 25873 (2021) Kat:3, Licht: 0,25873,3,6,2,9,16,5,0,0,0,1,0,0,0,0
"POINT (6.707483924000030 51.414764329000036)",Unfall 25879 (2021) Kat:2, Licht: 2,25879,2,1,8,10,6,1,1,2,0,1,0,0,0,0
"POINT (6.782520201000068 51.432432788000028)",Unfall 25883 (2021) Kat:2, Licht: 0,25883,2,7,0,12,12,7,1,0,0,0,0,0,0,1
"POINT (6.746156653000071 51.486732635000067)",Unfall 25885 (2021) Kat:3, Licht: 0,25885,3,1,9,2,13,4,2,0,0,1,0,0,0,0
"POINT (6.778853635000075 51.448551112000075)",Unfall 25886 (2021) Kat:3, Licht: 0,25886,3,6,3,5,11,2,0,0,0,1,0,0,1,0
"POINT (6.770604159000072 51.419715122000071)",Unfall 25889 (2021) Kat:3, Licht: 0,25889,3,6,2,6,16,2,0,0,0,1,0,0,0,0
"POINT (6.757333073000041 51.418842778000055)",Unfall 25892 (2021) Kat:3, Licht: 0,25892,3,6,3,5,11,3,0,0,0,1,0,0,0,0
"POINT (6.772308054000064 51.483027832000062)",Unfall 25909 (2021) Kat:3, Licht: 2,25909,3,6,3,5,22,1,0,2,0,1,0,0,1,0
"POINT (6.742894383000021 51.529586834000042)",Unfall 25915 (2021) Kat:3, Licht: 0,25915,3,2,5,12,11,5,0,0,0,1,0,0,0,1
"POINT (6.750222973000064 51.441848238000034)",Unfall 25934 (2021) Kat:3, Licht: 0,25934,3,3,5,11,15,2,0,0,1,1,0,0,0,0
"POINT (6.771182444000033 51.413870779000035)",Unfall 25938 (2021) Kat:3, Licht: 0,25938,3,6,2,4,8,5,0,0,0,1,0,0,0,0
"POINT (6.700479683000026 51.435334335000050)",Unfall 25939 (2021) Kat:3, Licht: 2,25939,3,7,2,5,21,7,0,2,0,1,0,0,0,0
"POINT (6.765670891000070 51.378855244000079)",Unfall 25948 (2021) Kat:2, Licht: 2,25948,2,4,6,11,0,7,0,2,0,1,1,0,0,0
"POINT (6.768277607000073 51.418823264000082)",Unfall 25951 (2021) Kat:3, Licht: 0,25951,3,6,2,5,12,6,0,0,0,1,0,0,0,0
"POINT (6.743873315000030 51.511803796000038)",Unfall 25958 (2021) Kat:2, Licht: 2,25958,2,2,5,5,22,1,0,2,0,1,0,0,0,0
"POINT (6.761141881000071 51.523435967000069)",Unfall 25971 (2021) Kat:3, Licht: 0,25971,3,7,9,5,7,7,1,0,0,0,0,1,0,0
"POINT (6.751208557000041 51.401639599000077)",Unfall 25977 (2021) Kat:3, Licht: 0,25977,3,3,5,6,16,5,0,0,0,1,0,0,0,0
"POINT (6.671078168000065 51.355493973000080)",Unfall 25980 (2021) Kat:3, Licht: 0,25980,3,1,2,2,10,3,2,0,0,1,0,0,0,1
"POINT (6.772295911000072 51.437711644000046)",Unfall 25981 (2021) Kat:3, Licht: 0,25981,3,3,5,6,11,6,0,0,0,1,0,1,0,0
"POINT (6.742287765000071 51.513264185000025)",Unfall 25986 (2021) Kat:3, Licht: 0,25986,3,2,4,6,12,7,0,0,0,1,0,0,0,0
"POINT (6.747099982000066 51.419782192000071)",Unfall 26007 (2021) Kat:3, Licht: 1,26007,3,2,5,9,20,2,0,1,1,0,0,0,0,1
"POINT (6.732529675000023 51.544654126000069)",Unfall 26009 (2021) Kat:3, Licht: 0,26009,3,6,3,7,9,6,0,0,0,1,0,0,1,0
"POINT (6.770938690000037 51.414328158000046)",Unfall 26011 (2021) Kat:3, Licht: 0,26011,3,7,2,6,12,2,1,0,0,1,0,0,1,0
"POINT (6.740932891000057 51.454782855000076)",Unfall 26019 (2021) Kat:3, Licht: 0,26019,3,3,5,12,8,2,0,0,0,1,0,0,0,1
"POINT (6.765611031000049 51.406231117000061)",Unfall 26024 (2021) Kat:2, Licht: 0,26024,2,2,5,7,14,2,1,0,1,1,0,0,0,0
"POINT (6.768449332000046 51.380315053000061)",Unfall 26026 (2021) Kat:3, Licht: 1,26026,3,7,8,7,6,3,1,1,1,0,0,0,0,0
"POINT (6.779555519000041 51.370713034000062)",Unfall 26041 (2021) Kat:3, Licht: 2,26041,3,2,6,11,17,6,1,2,0,1,1,0,0,0
"POINT (6.756505182000069 51.431204587000082)",Unfall 26046 (2021) Kat:3, Licht: 0,26046,3,6,3,6,16,4,0,0,0,1,0,0,0,0
"POINT (6.663098121000075 51.352174046000073)",Unfall 26050 (2021) Kat:3, Licht: 0,26050,3,5,0,6,17,1,0,0,1,1,0,0,0,0
"POINT (6.763962445000061 51.404282604000059)",Unfall 26052 (2021) Kat:2, Licht: 2,26052,2,2,6,11,18,6,1,2,0,1,1,0,0,0
"POINT (6.767761766000035 51.506862329000057)",Unfall 26053 (2021) Kat:3, Licht: 0,26053,3,6,2,4,17,3,0,0,0,0,0,0,0,1
"POINT (6.753213546000040 51.395417208000026)",Unfall 26060 (2021) Kat:3, Licht: 0,26060,3,1,9,7,14,6,0,0,0,1,0,0,0,0
"POINT (6.772054876000027 51.491448596000055)",Unfall 26063 (2021) Kat:3, Licht: 0,26063,3,4,6,11,14,7,0,0,0,1,1,0,0,0
"POINT (6.742854978000025 51.524703792000082)",Unfall 26069 (2021) Kat:3, Licht: 0,26069,3,6,1,2,13,7,2,0,0,1,0,0,0,0
"POINT (6.760324855000022 51.435109281000052)",Unfall 26083 (2021) Kat:2, Licht: 0,26083,2,2,5,11,11,4,1,0,0,1,0,1,0,0
"POINT (6.751171701000032 51.364756001000046)",Unfall 26090 (2021) Kat:3, Licht: 0,26090,3,7,0,2,15,1,0,0,0,0,0,1,0,0
"POINT (6.735403443000052 51.526986174000058)",Unfall 26092 (2021) Kat:3, Licht: 0,26092,3,3,5,4,18,7,0,0,0,1,0,0,1,0
"POINT (6.668640790000040 51.482866047000073)",Unfall 26093 (2021) Kat:3, Licht: 0,26093,3,3,5,7,14,1,0,0,0,1,0,0,0,0
"POINT (6.702717110000037 51.435466488000031)",Unfall 26095 (2021) Kat:3, Licht: 0,26095,3,6,2,9,14,4,1,0,0,1,0,0,0,0
"POINT (6.742598583000074 51.521561736000081)",Unfall 26099 (2021) Kat:3, Licht: 2,26099,3,6,5,12,19,1,1,2,1,1,0,0,0,0
"POINT (6.775202696000065 51.493160327000055)",Unfall 26101 (2021) Kat:3, Licht: 0,26101,3,6,3,3,13,6,1,0,0,1,0,0,0,0
"POINT (6.765594916000055 51.424959716000046)",Unfall 26104 (2021) Kat:3, Licht: 0,26104,3,2,3,5,15,2,0,0,1,1,0,0,0,0
"POINT (6.746665350000058 51.435261703000037)",Unfall 26118 (2021) Kat:3, Licht: 0,26118,3,7,6,10,15,6,1,0,0,1,0,0,0,1
"POINT (6.666102280000075 51.474537519000080)",Unfall 26120 (2021) Kat:3, Licht: 2,26120,3,3,5,10,20,1,1,2,0,1,0,1,0,0
"POINT (6.770020883000029 51.470493084000054)",Unfall 26121 (2021) Kat:3, Licht: 2,26121,3,3,0,10,19,2,0,2,1,1,0,0,0,0
"POINT (6.758913669000037 51.392746357000078)",Unfall 26124 (2021) Kat:2, Licht: 1,26124,2,2,6,7,19,7,0,1,0,1,1,0,0,0
"POINT (6.752158634000068 51.408690862000071)",Unfall 26142 (2021) Kat:3, Licht: 0,26142,3,3,5,9,17,5,0,0,1,1,0,0,0,0
"POINT (6.738342154000065 51.435431140000048)",Unfall 26143 (2021) Kat:3, Licht: 0,26143,3,6,2,12,10,4,0,0,0,1,0,0,1,0
"POINT (6.656345092000038 51.392351067000050)",Unfall 26153 (2021) Kat:3, Licht: 0,26153,3,7,6,6,16,6,0,0,0,1,1,0,0,0
"POINT (6.748154429000067 51.370567630000039)",Unfall 26161 (2021) Kat:3, Licht: 0,26161,3,6,2,4,15,6,0,0,0,1,0,0,0,1
"POINT (6.733190219000051 51.479386080000040)",Unfall 26163 (2021) Kat:3, Licht: 0,26163,3,2,6,12,13,3,1,0,0,1,1,0,0,0
"POINT (6.680477858000074 51.413720941000065)",Unfall 26174 (2021) Kat:3, Licht: 0,26174,3,1,4,3,13,5,1,0,0,1,0,0,0,0
"POINT (6.763893203000066 51.404138126000078)",Unfall 26179 (2021) Kat:3, Licht: 1,26179,3,2,5,12,7,2,0,1,1,0,0,0,1,0
"POINT (6.739127819000032 51.455948681000052)",Unfall 26188 (2021) Kat:2, Licht: 0,26188,2,6,4,5,15,2,0,0,0,1,0,0,0,0
"POINT (6.707912405000059 51.434920797000075)",Unfall 26190 (2021) Kat:3, Licht: 2,26190,3,5,2,11,6,4,0,2,0,1,0,0,1,0
"POINT (6.762379521000071 51.434415826000077)",Unfall 26207 (2021) Kat:3, Licht: 0,26207,3,6,2,9,15,6,0,0,0,1,0,0,0,0
"POINT (6.716840707000074 51.539440296000066)",Unfall 26208 (2021) Kat:3, Licht: 0,26208,3,5,0,11,15,5,0,0,0,1,0,0,0,0
"POINT (6.750850122000031 51.397919751000074)",Unfall 26214 (2021) Kat:2, Licht: 2,26214,2,7,9,6,3,1,1,2,0,1,0,0,0,0