WKT,Name,OBJECTID,UKATEGORIE,UTYP1,UART,UMONAT,USTUNDE,UWOCHENTAG,STRZUSTAND,ULICHTVERH,ISTRAD,ISTPKW,ISTFUSS,ISTKRAD,ISTGKFZ,ISTSONSTIG
"POINT (6.734605331000068 51.476005607000047)",Unfall 26215 (2021) Kat:3, Licht: 1,26215,3,6,2,2,17,6,0,1,0,1,0,0,0,0
"POINT (6.771713929000043 51.470577030000072)",Unfall 26217 (2021) Kat:3, Licht: 0,26217,3,4,6,6,12,6,0,0,0,1,1,0,0,0
"POINT (6.776596958000027 51.456001109000056)",Unfall 26226 (2021) Kat:2, Licht: 0,26226,2,1,9,4,19,7,1,0,0,1,0,0,0,0
"POINT (6.760873057000026 51.500091363000081)",Unfall 26238 (2021) Kat:3, Licht: 0,26238,3,6,2,5,13,2,0,0,0,1,0,0,0,0
"POINT (6.714144176000048 51.472862402000032)",Unfall 26239 (2021) Kat:2, Licht: 0,26239,2,4,6,9,15,4,0,0,0,1,1,0,0,0
"POINT (6.726003994000052 51.534769315000062)",Unfall 26241 (2021) Kat:3, Licht: 0,26241,3,3,5,3,15,3,0,0,1,1,0,0,0,0
"POINT (6.732030274000067 51.466753140000037)",Unfall 26248 (2021) Kat:3, Licht: 0,26248,3,3,5,9,16,2,0,0,0,1,0,0,0,0
"POINT (6.667814345000068 51.482498703000033)",Unfall 26249 (2021) Kat:2, Licht: 0,26249,2,1,8,2,16,5,1,0,0,1,0,0,0,0
"POINT (6.770840215000021 51.482717046000062)",Unfall 26250 (2021) Kat:3, Licht: 0,26250,3,6,3,5,10,3,1,0,0,1,0,0,1,0
"POINT (6.701416551000023 51.479410831000052)",Unfall 26251 (2021) Kat:2, Licht: 0,26251,2,7,1,10,13,2,0,0,0,1,0,0,0,0
"POINT (6.775157781000075 51.493183369000064)",Unfall 26258 (2021) Kat:3, Licht: 0,26258,3,7,1,9,11,2,0,0,0,1,0,0,0,1
"POINT (6.692272939000077 51.387783063000029)",Unfall 26259 (2021) Kat:2, Licht: 0,26259,2,6,2,10,16,5,0,0,0,1,0,0,0,1
"POINT (6.764591561000032 51.502451580000070)",Unfall 26262 (2021) Kat:3, Licht: 2,26262,3,2,5,10,22,6,1,2,0,1,0,0,0,0
"POINT (6.768420394000032 51.487349901000073)",Unfall 26264 (2021) Kat:2, Licht: 1,26264,2,6,2,10,7,3,1,1,0,1,0,0,0,1
"POINT (6.722699635000026 51.406848102000026)",Unfall 26265 (2021) Kat:3, Licht: 2,26265,3,2,3,12,19,5,1,2,1,1,0,0,0,0
"POINT (6.757746992000023 51.375386064000054)",Unfall 26270 (2021) Kat:3, Licht: 0,26270,3,2,5,4,17,4,0,0,0,1,0,1,0,0
"POINT (6.779057643000044 51.484321906000048)",Unfall 26277 (2021) Kat:3, Licht: 2,26277,3,6,2,10,22,5,0,2,0,1,0,0,0,0
"POINT (6.665960024000071 51.353836800000067)",Unfall 26278 (2021) Kat:3, Licht: 0,26278,3,6,2,9,16,2,0,0,0,1,0,0,0,0
"POINT (6.770045706000076 51.462133748000042)",Unfall 26279 (2021) Kat:3, Licht: 0,26279,3,6,2,7,15,3,0,0,0,1,0,0,1,0
"POINT (6.758049379000056 51.375558723000040)",Unfall 26282 (2021) Kat:3, Licht: 0,26282,3,3,5,9,16,2,0,0,0,1,0,0,0,1
"POINT (6.774423134000074 51.463609387000076)",Unfall 26288 (2021) Kat:3, Licht: 0,26288,3,7,0,9,15,4,0,0,1,1,0,0,0,0
"POINT (6.768182232000072 51.462280962000079)",Unfall 26292 (2021) Kat:3, Licht: 2,26292,3,7,2,9,20,4,0,2,0,1,0,0,0,0
"POINT (6.772587151000039 51.370728074000056)",Unfall 26302 (2021) Kat:3, Licht: 0,26302,3,2,5,3,13,5,0,0,0,1,0,1,0,0
"POINT (6.778347237000048 51.365211948000081)",Unfall 26311 (2021) Kat:3, Licht: 0,26311,3,3,5,10,8,4,1,0,1,1,0,0,0,0
"POINT (6.726558804000035 51.493648012000051)",Unfall 26324 (2021) Kat:2, Licht: 0,26324,2,3,5,4,14,2,1,0,0,1,0,0,1,0
"POINT (6.772446070000058 51.459890550000068)",Unfall 26332 (2021) Kat:3, Licht: 0,26332,3,6,2,6,14,3,0,0,0,1,0,0,0,0
"POINT (6.741350102000069 51.517865182000037)",Unfall 26338 (2021) Kat:3, Licht: 0,26338,3,2,5,4,16,5,0,0,0,1,0,0,0,0
"POINT (6.775720997000064 51.464375852000046)",Unfall 26340 (2021) Kat:3, Licht: 0,26340,3,6,2,6,8,3,0,0,0,1,0,0,0,0
"POINT (6.766547737000053 51.484946774000036)",Unfall 26344 (2021) Kat:3, Licht: 0,26344,3,6,1,11,14,2,0,0,0,1,0,0,0,1
"POINT (6.772517302000040 51.510751518000063)",Unfall 26374 (2021) Kat:3, Licht: 0,26374,3,6,6,3,9,4,1,0,0,1,1,0,0,0
"POINT (6.741391705000069 51.449219797000069)",Unfall 26380 (2021) Kat:3, Licht: 1,26380,3,6,2,2,16,2,1,1,0,1,0,0,1,0
"POINT (6.780885174000048 51.438015166000071)",Unfall 26402 (2021) Kat:3, Licht: 0,26402,3,3,5,11,8,4,1,0,1,1,0,0,0,0
"POINT (6.740646149000042 51.382600874000047)",Unfall 26411 (2021) Kat:3, Licht: 0,26411,3,2,5,11,14,5,1,0,0,1,0,0,0,1
"POINT (6.769313260000047 51.411779912000043)",Unfall 26418 (2021) Kat:2, Licht: 0,26418,2,2,0,9,15,6,0,0,1,1,0,0,0,0
"POINT (6.778341990000058 51.483972571000038)",Unfall 26431 (2021) Kat:3, Licht: 0,26431,3,1,8,10,13,1,0,0,0,0,0,0,0,1
"POINT (6.770277820000047 51.470501620000050)",Unfall 26433 (2021) Kat:3, Licht: 0,26433,3,4,2,12,11,6,0,0,0,1,1,0,0,0
"POINT (6.758685410000055 51.385619510000026)",Unfall 26436 (2021) Kat:2, Licht: 1,26436,2,2,5,12,16,4,0,1,1,1,0,0,0,0
"POINT (6.763083466000069 51.489050123000027)",Unfall 26444 (2021) Kat:2, Licht: 0,26444,2,7,0,11,14,1,0,0,0,0,0,0,0,1
"POINT (6.752005318000045 51.441061550000029)",Unfall 26453 (2021) Kat:3, Licht: 2,26453,3,3,5,10,20,7,0,2,0,1,0,0,0,0
"POINT (6.773891460000073 51.431839387000082)",Unfall 26456 (2021) Kat:3, Licht: 2,26456,3,6,3,11,5,5,0,2,0,1,0,0,0,0
"POINT (6.742809763000025 51.527324169000053)",Unfall 26463 (2021) Kat:3, Licht: 0,26463,3,2,5,6,16,4,0,0,1,1,0,0,0,0
"POINT (6.777903999000046 51.453454455000042)",Unfall 26465 (2021) Kat:2, Licht: 0,26465,2,6,2,10,7,7,1,0,0,1,0,0,0,0
"POINT (6.756124398000054 51.488604118000069)",Unfall 26471 (2021) Kat:2, Licht: 0,26471,2,1,0,6,13,3,0,0,1,0,0,0,0,0
"POINT (6.761404325000058 51.440826421000054)",Unfall 26476 (2021) Kat:2, Licht: 2,26476,2,7,1,12,20,2,0,2,0,1,0,0,1,0
"POINT (6.699947978000068 51.452900308000039)",Unfall 26487 (2021) Kat:3, Licht: 0,26487,3,1,7,7,9,4,0,0,0,1,0,0,0,0
"POINT (6.684402462000037 51.384836993000079)",Unfall 26492 (2021) Kat:3, Licht: 0,26492,3,6,3,11,14,2,0,0,0,1,0,0,1,0
"POINT (6.775669734000076 51.440087522000056)",Unfall 26493 (2021) Kat:2, Licht: 0,26493,2,1,9,10,14,1,1,0,0,1,0,0,0,0
"POINT (6.760431801000038 51.374733978000052)",Unfall 26505 (2021) Kat:3, Licht: 0,26505,3,3,5,12,13,7,1,0,1,1,0,0,0,0
"POINT (6.747771141000044 51.457852226000057)",Unfall 26511 (2021) Kat:3, Licht: 0,26511,3,6,1,7,15,2,0,0,0,1,0,0,1,0
"POINT (6.741287251000074 51.534433832000047)",Unfall 26523 (2021) Kat:3, Licht: 0,26523,3,6,3,11,15,7,0,0,0,1,0,0,0,1
"POINT (6.764676700000052 51.405704204000074)",Unfall 26528 (2021) Kat:3, Licht: 0,26528,3,3,5,9,9,6,0,0,0,1,0,0,1,0
"POINT (6.783046488000025 51.508718581000039)",Unfall 26532 (2021) Kat:3, Licht: 2,26532,3,3,5,12,18,4,1,2,0,1,0,0,0,0
"POINT (6.740919292000058 51.454476432000035)",Unfall 26536 (2021) Kat:3, Licht: 0,26536,3,3,5,11,9,3,1,0,1,1,0,0,0,0
"POINT (6.709525749000022 51.418239405000065)",Unfall 26537 (2021) Kat:3, Licht: 0,26537,3,5,1,12,14,6,0,0,0,1,0,0,0,1
"POINT (6.770549140000071 51.527935699000068)",Unfall 26546 (2021) Kat:3, Licht: 0,26546,3,6,0,9,10,1,0,0,1,0,1,0,0,0
"POINT (6.757333073000041 51.418842778000055)",Unfall 26549 (2021) Kat:3, Licht: 0,26549,3,4,0,6,16,3,0,0,1,0,1,0,0,0
"POINT (6.711228283000025 51.416737484000066)",Unfall 26553 (2021) Kat:3, Licht: 0,26553,3,7,2,6,15,5,0,0,0,1,0,0,0,0
"POINT (6.748662967000030 51.498528353000040)",Unfall 26558 (2021) Kat:3, Licht: 0,26558,3,2,5,1,9,3,1,0,0,1,0,0,0,0
"POINT (6.771514485000068 51.409818554000026)",Unfall 26562 (2021) Kat:3, Licht: 0,26562,3,6,2,9,13,2,0,0,0,1,0,0,0,0
"POINT (6.740917301000025 51.517006776000073)",Unfall 26570 (2021) Kat:3, Licht: 0,26570,3,2,6,5,9,2,0,0,0,1,1,0,0,0
"POINT (6.765110924000055 51.426104350000060)",Unfall 26576 (2021) Kat:2, Licht: 0,26576,2,7,6,12,13,3,0,0,0,1,1,0,0,0
"POINT (6.768114396000044 51.476973653000073)",Unfall 26579 (2021) Kat:3, Licht: 2,26579,3,6,2,10,6,5,0,2,0,1,0,0,0,0
"POINT (6.708299594000039 51.433965375000071)",Unfall 26585 (2021) Kat:3, Licht: 0,26585,3,6,0,10,14,6,0,0,0,1,0,0,0,0
"POINT (6.779524619000028 51.360463063000054)",Unfall 26592 (2021) Kat:2, Licht: 2,26592,2,2,0,12,17,3,0,2,0,1,1,0,0,0
"POINT (6.769972232000043 51.427115726000068)",Unfall 26594 (2021) Kat:3, Licht: 0,26594,3,1,2,11,10,2,1,0,0,1,0,0,0,0
"POINT (6.758079684000052 51.436061666000057)",Unfall 26597 (2021) Kat:3, Licht: 0,26597,3,6,2,6,15,3,0,0,0,1,0,0,1,0
"POINT (6.762520682000059 51.435122207000063)",Unfall 26603 (2021) Kat:3, Licht: 2,26603,3,3,5,11,22,6,1,2,0,1,0,0,0,0
"POINT (6.731258440000033 51.535619243000042)",Unfall 26606 (2021) Kat:3, Licht: 2,26606,3,7,5,10,7,3,1,2,0,1,0,0,0,0
"POINT (6.706037297000023 51.429806524000071)",Unfall 26615 (2021) Kat:3, Licht: 0,26615,3,6,1,11,9,3,1,0,0,1,0,0,0,0
"POINT (6.742842277000022 51.528039882000030)",Unfall 26621 (2021) Kat:3, Licht: 0,26621,3,6,0,7,12,6,0,0,0,1,0,0,0,0
"POINT (6.757376405000059 51.418849203000036)",Unfall 26629 (2021) Kat:3, Licht: 0,26629,3,3,5,6,15,4,0,0,1,1,0,0,0,0
"POINT (6.781298009000068 51.485434631000032)",Unfall 26641 (2021) Kat:2, Licht: 2,26641,2,6,3,12,19,5,0,2,0,1,0,0,1,0
"POINT (6.734196329000042 51.472192373000041)",Unfall 26642 (2021) Kat:3, Licht: 0,26642,3,7,0,11,9,3,1,0,0,1,1,0,0,0
"POINT (6.742692497000064 51.485347082000033)",Unfall 26649 (2021) Kat:3, Licht: 2,26649,3,6,2,12,20,4,0,2,0,1,0,0,0,0
"POINT (6.776306894000072 51.436025017000077)",Unfall 26651 (2021) Kat:3, Licht: 2,26651,3,6,1,1,17,2,0,2,0,1,0,0,0,1
"POINT (6.766104289000054 51.423776134000036)",Unfall 26654 (2021) Kat:2, Licht: 2,26654,2,2,6,3,6,2,1,2,0,0,1,0,0,1
"POINT (6.760440225000025 51.374723673000062)",Unfall 26664 (2021) Kat:3, Licht: 0,26664,3,3,0,11,14,6,1,0,1,1,0,0,0,0
"POINT (6.711308239000061 51.416641592000076)",Unfall 26665 (2021) Kat:3, Licht: 0,26665,3,3,5,9,10,4,0,0,0,1,0,0,0,1
"POINT (6.780613767000034 51.375279774000035)",Unfall 26671 (2021) Kat:3, Licht: 0,26671,3,3,5,9,10,6,0,0,1,1,0,0,0,0
"POINT (6.733370635000028 51.478698780000059)",Unfall 26672 (2021) Kat:3, Licht: 0,26672,3,7,2,4,13,5,0,0,0,1,0,0,0,0
"POINT (6.774954721000029 51.493114916000081)",Unfall 26683 (2021) Kat:3, Licht: 0,26683,3,2,5,12,11,4,1,0,1,1,0,0,0,0
"POINT (6.767516714000067 51.470940408000047)",Unfall 26688 (2021) Kat:3, Licht: 2,26688,3,1,2,12,17,5,0,2,0,1,0,0,0,0
"POINT (6.718839919000061 51.456589660000077)",Unfall 26716 (2021) Kat:3, Licht: 0,26716,3,3,0,12,12,6,0,0,1,1,0,0,0,0
"POINT (6.735294123000074 51.541944416000035)",Unfall 26723 (2021) Kat:2, Licht: 2,26723,2,3,5,10,20,3,0,2,0,1,0,0,0,0
"POINT (6.759054238000033 51.379430490000061)",Unfall 26744 (2021) Kat:3, Licht: 0,26744,3,5,3,12,12,4,0,0,1,1,0,0,0,0
"POINT (6.726091650000058 51.491567058000044)",Unfall 26747 (2021) Kat:2, Licht: 2,26747,2,7,0,11,4,2,2,2,0,0,0,1,0,0
"POINT (6.763685983000073 51.503335446000051)",Unfall 26755 (2021) Kat:2, Licht: 0,26755,2,1,9,5,14,5,0,0,0,0,0,1,0,0
"POINT (6.730805972000041 51.535521131000053)",Unfall 26758 (2021) Kat:3, Licht: 1,26758,3,1,9,10,16,3,1,1,0,1,0,0,0,0
"POINT (6.753105393000055 51.415172736000045)",Unfall 26763 (2021) Kat:3, Licht: 0,26763,3,5,1,12,13,4,0,0,1,1,0,0,0,0
"POINT (6.703461927000035 51.415203672000075)",Unfall 26767 (2021) Kat:3, Licht: 0,26767,3,1,6,9,17,4,0,0,0,1,1,0,0,0
"POINT (6.777826208000022 51.425479736000057)",Unfall 26774 (2021) Kat:3, Licht: 0,26774,3,6,0,6,11,5,0,0,1,0,0,0,0,0
"POINT (6.761141881000071 51.523435967000069)",Unfall 26785 (2021) Kat:3, Licht: 2,26785,3,1,8,11,3,1,1,2,0,1,0,0,0,0
"POINT (6.725939220000043 51.468523391000076)",Unfall 26787 (2021) Kat:3, Licht: 0,26787,3,6,4,6,14,5,0,0,1,1,0,0,0,0
"POINT (6.751508940000065 51.390130211000042)",Unfall 26791 (2021) Kat:3, Licht: 0,26791,3,3,5,9,11,2,0,0,1,1,0,0,0,0
"POINT (6.780911930000059 51.468208167000057)",Unfall 26792 (2021) Kat:3, Licht: 0,26792,3,6,2,12,13,2,0,0,0,1,0,0,0,0
"POINT (6.735793740000076 51.518326820000027)",Unfall 26793 (2021) Kat:3, Licht: 2,26793,3,3,5,11,20,3,1,2,0,1,0,0,0,0
"POINT (6.703373844000055 51.449254579000069)",Unfall 26796 (2021) Kat:3, Licht: 2,26796,3,2,0,1,8,3,1,2,1,1,0,0,0,0
"POINT (6.775749865000023 51.433185602000037)",Unfall 26802 (2021) Kat:3, Licht: 1,26802,3,2,5,10,18,3,0,1,0,1,0,0,0,0
"POINT (6.765506872000060 51.461548630000038)",Unfall 26805 (2021) Kat:3, Licht: 0,26805,3,2,6,10,11,2,0,0,0,1,1,0,0,0
"POINT (6.769441036000046 51.462756060000061)",Unfall 26808 (2021) Kat:3, Licht: 0,26808,3,6,2,1,15,2,0,0,0,1,0,0,0,0
"POINT (6.657688484000062 51.396662198000058)",Unfall 26811 (2021) Kat:3, Licht: 0,26811,3,2,0,6,12,4,0,0,0,1,0,1,0,0
"POINT (6.759303498000065 51.515943383000035)",Unfall 26814 (2021) Kat:3, Licht: 0,26814,3,6,2,10,12,1,0,0,0,1,0,0,0,0
"POINT (6.640803839000057 51.393246354000041)",Unfall 26819 (2021) Kat:3, Licht: 2,26819,3,2,4,10,6,4,0,2,0,1,0,0,0,0
"POINT (6.747257969000032 51.486814560000028)",Unfall 26820 (2021) Kat:2, Licht: 2,26820,2,7,2,2,18,4,0,2,0,1,0,0,0,0
"POINT (6.779643438000051 51.419831522000038)",Unfall 26821 (2021) Kat:3, Licht: 0,26821,3,4,6,9,15,3,0,0,0,1,1,0,0,0
"POINT (6.699435842000071 51.400361251000049)",Unfall 26841 (2021) Kat:3, Licht: 0,26841,3,2,3,11,13,3,0,0,1,1,0,0,0,0
"POINT (6.752128887000026 51.440958576000071)",Unfall 26845 (2021) Kat:3, Licht: 0,26845,3,2,2,10,14,4,0,0,1,1,0,0,0,0
"POINT (6.707510247000073 51.455888313000059)",Unfall 26848 (2021) Kat:3, Licht: 0,26848,3,6,0,4,18,4,1,0,0,1,0,0,0,0
"POINT (6.781913200000076 51.446580833000041)",Unfall 26852 (2021) Kat:3, Licht: 0,26852,3,6,2,2,9,5,0,0,0,1,0,0,0,0
"POINT (6.746663607000073 51.385532642000044)",Unfall 26854 (2021) Kat:3, Licht: 0,26854,3,4,6,9,13,2,0,0,0,1,1,0,0,0
"POINT (6.776600353000049 51.441347536000080)",Unfall 26856 (2021) Kat:3, Licht: 0,26856,3,6,2,10,16,6,0,0,0,1,0,1,0,0
"POINT (6.757760647000055 51.527286475000039)",Unfall 26860 (2021) Kat:3, Licht: 0,26860,3,6,2,6,12,2,0,0,0,1,0,0,0,0
"POINT (6.761532606000060 51.444012019000070)",Unfall 26866 (2021) Kat:3, Licht: 0,26866,3,6,2,2,15,5,0,0,0,1,0,0,0,0
"POINT (6.734345212000051 51.369180018000066)",Unfall 26874 (2021) Kat:3, Licht: 0,26874,3,7,2,7,19,4,0,0,0,1,0,1,0,0
"POINT (6.705341915000076 51.436021635000031)",Unfall 26877 (2021) Kat:3, Licht: 1,26877,3,6,3,12,14,5,1,1,0,0,0,0,1,1
"POINT (6.775776769000061 51.436903465000057)",Unfall 26885 (2021) Kat:3, Licht: 0,26885,3,6,2,4,17,3,1,0,0,1,0,0,0,0
"POINT (6.713781169000072 51.548949772000071)",Unfall 26898 (2021) Kat:3, Licht: 0,26898,3,6,2,3,14,6,0,0,0,1,0,0,0,0
"POINT (6.723589720000064 51.367294892000075)",Unfall 26900 (2021) Kat:3, Licht: 0,26900,3,7,4,12,12,6,0,0,0,1,0,0,0,0
"POINT (6.643369655000072 51.392698002000031)",Unfall 26904 (2021) Kat:3, Licht: 0,26904,3,3,5,6,8,4,0,0,1,1,0,0,0,0
"POINT (6.732941763000042 51.479684294000037)",Unfall 26907 (2021) Kat:3, Licht: 0,26907,3,5,6,12,11,7,1,0,0,1,1,0,0,0
"POINT (6.702660205000029 51.398912116000076)",Unfall 26910 (2021) Kat:2, Licht: 0,26910,2,3,5,4,12,7,0,0,1,1,0,0,0,0
"POINT (6.765754894000054 51.371501142000056)",Unfall 26920 (2021) Kat:2, Licht: 2,26920,2,2,5,9,22,4,1,2,1,1,0,0,0,0
"POINT (6.710811968000030 51.402915609000047)",Unfall 26928 (2021) Kat:3, Licht: 0,26928,3,6,2,2,9,2,0,0,0,1,0,0,0,0
"POINT (6.664788097000041 51.484449930000039)",Unfall 26935 (2021) Kat:3, Licht: 0,26935,3,1,9,9,8,4,1,0,0,1,0,0,0,0
"POINT (6.770438009000031 51.495277672000043)",Unfall 26936 (2021) Kat:3, Licht: 0,26936,3,3,5,7,12,5,1,0,1,1,0,0,0,0
"POINT (6.757806947000063 51.527148694000061)",Unfall 26939 (2021) Kat:3, Licht: 0,26939,3,2,0,10,12,2,0,0,0,1,0,0,0,0
"POINT (6.748101303000055 51.435416712000062)",Unfall 26947 (2021) Kat:3, Licht: 0,26947,3,1,0,6,17,6,0,0,0,1,0,0,0,0
"POINT (6.765607789000057 51.469477778000055)",Unfall 26962 (2021) Kat:3, Licht: 0,26962,3,6,2,10,7,6,0,0,0,1,0,0,0,0
"POINT (6.769211351000024 51.416176053000072)",Unfall 26964 (2021) Kat:3, Licht: 0,26964,3,6,1,11,9,5,0,0,0,1,0,0,0,0
"POINT (6.710761768000054 51.402691880000077)",Unfall 26971 (2021) Kat:3, Licht: 2,26971,3,1,9,1,2,1,2,2,0,1,0,0,0,0
"POINT (6.746327739000037 51.370359856000050)",Unfall 26976 (2021) Kat:3, Licht: 0,26976,3,6,0,6,11,6,0,0,1,1,0,0,0,0
"POINT (6.779067560000044 51.432019219000040)",Unfall 26977 (2021) Kat:3, Licht: 2,26977,3,6,2,12,21,2,0,2,0,1,0,0,0,0
"POINT (6.665645731000041 51.353667376000033)",Unfall 26978 (2021) Kat:2, Licht: 2,26978,2,6,1,4,6,6,0,2,0,1,0,0,0,0
"POINT (6.770380944000067 51.427255112000068)",Unfall 26979 (2021) Kat:3, Licht: 2,26979,3,2,8,12,1,7,1,2,0,1,0,0,0,0
"POINT (6.759025221000059 51.388229649000039)",Unfall 26982 (2021) Kat:3, Licht: 0,26982,3,5,1,11,14,1,0,0,0,1,0,0,0,0
"POINT (6.763836688000026 51.442577917000051)",Unfall 26991 (2021) Kat:3, Licht: 1,26991,3,6,2,10,18,3,1,1,0,1,0,0,0,0
"POINT (6.719260267000038 51.438196010000070)",Unfall 26994 (2021) Kat:3, Licht: 0,26994,3,6,2,12,14,3,0,0,0,1,0,0,0,0
"POINT (6.730693042000041 51.545897459000059)",Unfall 26995 (2021) Kat:3, Licht: 0,26995,3,2,4,12,14,5,0,0,0,1,0,0,0,0
"POINT (6.752256433000071 51.409555936000061)",Unfall 27000 (2021) Kat:3, Licht: 2,27000,3,2,5,9,20,2,0,2,1,1,0,0,0,0
"POINT (6.773484618000055 51.382936651000080)",Unfall 27003 (2021) Kat:2, Licht: 0,27003,2,2,4,4,18,5,0,0,0,1,0,0,0,0
"POINT (6.742854978000025 51.524703792000082)",Unfall 27010 (2021) Kat:3, Licht: 0,27010,3,3,5,12,15,2,0,0,0,1,0,0,0,0
"POINT (6.726938309000047 51.479096413000036)",Unfall 27023 (2021) Kat:3, Licht: 0,27023,3,7,2,9,14,7,0,0,0,1,0,0,0,1
"POINT (6.781185375000064 51.490329327000040)",Unfall 27029 (2021) Kat:3, Licht: 0,27029,3,4,0,12,12,4,1,0,1,0,1,0,0,0
"POINT (6.736300261000054 51.378490538000051)",Unfall 27030 (2021) Kat:3, Licht: 2,27030,3,6,0,5,22,7,0,2,1,0,0,0,0,0
"POINT (6.741159962000040 51.517474729000071)",Unfall 27038 (2021) Kat:3, Licht: 0,27038,3,3,1,10,14,5,0,0,0,1,0,0,0,1
"POINT (6.766042028000072 51.474016428000027)",Unfall 27043 (2021) Kat:3, Licht: 0,27043,3,6,2,9,14,2,0,0,0,1,0,0,0,0
"POINT (6.660090525000044 51.404545012000028)",Unfall 27049 (2021) Kat:3, Licht: 2,27049,3,1,0,11,5,4,0,2,0,0,0,1,0,0
"POINT (6.760574662000067 51.432274899000049)",Unfall 27053 (2021) Kat:3, Licht: 0,27053,3,4,6,12,14,7,1,0,0,1,1,0,0,0
"POINT (6.701981768000053 51.449534685000060)",Unfall 27065 (2021) Kat:3, Licht: 0,27065,3,5,0,6,17,5,0,0,1,1,0,0,0,0
"POINT (6.769253293000077 51.495810738000046)",Unfall 27078 (2021) Kat:3, Licht: 2,27078,3,3,5,9,21,6,0,2,1,1,0,0,0,0
"POINT (6.720051265000052 51.534085935000064)",Unfall 27079 (2021) Kat:3, Licht: 0,27079,3,3,5,3,10,2,0,0,0,1,0,0,0,0
"POINT (6.782764923000059 51.446825381000053)",Unfall 27080 (2021) Kat:3, Licht: 2,27080,3,1,9,12,22,1,1,2,0,1,0,0,0,0
"POINT (6.740594866000038 51.369856360000028)",Unfall 27084 (2021) Kat:3, Licht: 2,27084,3,2,6,11,6,3,0,2,0,1,1,0,0,0
"POINT (6.707491556000036 51.455877666000049)",Unfall 27085 (2021) Kat:3, Licht: 2,27085,3,2,6,11,19,6,1,2,0,1,1,0,0,0
"POINT (6.779897071000050 51.465969168000072)",Unfall 27092 (2021) Kat:3, Licht: 0,27092,3,6,2,2,11,4,2,0,0,1,0,0,0,0
"POINT (6.769711925000024 51.512495649000073)",Unfall 27094 (2021) Kat:3, Licht: 0,27094,3,6,8,10,17,3,1,0,0,1,0,0,0,0
"POINT (6.762989734000030 51.527782391000073)",Unfall 27105 (2021) Kat:3, Licht: 2,27105,3,3,6,1,6,2,0,2,0,1,1,0,0,0
"POINT (6.768094953000059 51.419241719000070)",Unfall 27106 (2021) Kat:3, Licht: 1,27106,3,7,0,9,20,4,0,1,1,0,0,0,0,1
"POINT (6.718839919000061 51.456589660000077)",Unfall 27107 (2021) Kat:3, Licht: 0,27107,3,3,0,6,12,3,0,0,1,1,0,0,0,0
"POINT (6.753586436000035 51.416901168000038)",Unfall 27113 (2021) Kat:3, Licht: 0,27113,3,3,5,2,14,7,0,0,0,1,0,0,0,0
"POINT (6.739268875000050 51.455827900000031)",Unfall 27114 (2021) Kat:3, Licht: 0,27114,3,6,0,5,18,6,0,0,0,1,0,1,0,0
"POINT (6.761141881000071 51.523435967000069)",Unfall 27136 (2021) Kat:3, Licht: 2,27136,3,7,0,12,0,4,2,2,0,1,0,0,0,0
"POINT (6.725489489000040 51.389120918000060)",Unfall 27138 (2021) Kat:2, Licht: 2,27138,2,6,4,2,0,5,0,2,1,1,0,0,0,0
"POINT (6.781581190000054 51.448681711000063)",Unfall 27143 (2021) Kat:3, Licht: 0,27143,3,6,2,2,8,3,1,0,0,1,0,0,0,0
"POINT (6.763153651000039 51.419696649000059)",Unfall 27149 (2021) Kat:3, Licht: 2,27149,3,2,6,12,17,1,1,2,0,1,1,0,0,0
"POINT (6.766861342000027 51.527931587000069)",Unfall 27151 (2021) Kat:2, Licht: 0,27151,2,6,1,6,14,4,0,0,0,1,0,1,0,0
"POINT (6.728321346000030 51.455961232000050)",Unfall 27153 (2021) Kat:3, Licht: 0,27153,3,1,3,6,13,5,0,0,1,0,0,0,1,0
"POINT (6.753248974000030 51.415619036000066)",Unfall 27158 (2021) Kat:2, Licht: 0,27158,2,4,0,10,17,6,0,0,1,1,1,0,0,0
"POINT (6.737939564000044 51.488157632000082)",Unfall 27159 (2021) Kat:2, Licht: 1,27159,2,5,1,2,6,6,0,1,1,0,0,0,1,0
"POINT (6.704655620000040 51.398122825000030)",Unfall 27162 (2021) Kat:2, Licht: 0,27162,2,3,0,10,10,4,1,0,0,1,0,0,0,1
"POINT (6.761707773000069 51.500460774000032)",Unfall 27181 (2021) Kat:3, Licht: 2,27181,3,6,3,1,7,3,1,2,0,1,0,0,0,1
"POINT (6.734852383000032 51.456423010000037)",Unfall 27189 (2021) Kat:3, Licht: 0,27189,3,6,2,3,16,6,0,0,0,1,0,0,0,0
"POINT (6.701250329000061 51.415343203000077)",Unfall 27192 (2021) Kat:3, Licht: 2,27192,3,3,5,10,6,6,0,2,1,1,0,0,0,0
"POINT (6.693984243000045 51.410668794000060)",Unfall 27200 (2021) Kat:3, Licht: 0,27200,3,7,0,3,8,5,1,0,0,1,1,0,0,0
"POINT (6.766055552000068 51.423891797000067)",Unfall 27202 (2021) Kat:3, Licht: 0,27202,3,3,5,6,15,3,0,0,1,1,0,0,0,0
"POINT (6.709657977000063 51.414674155000057)",Unfall 27212 (2021) Kat:2, Licht: 0,27212,2,7,0,11,15,4,0,0,0,1,1,0,0,0
"POINT (6.747211408000055 51.360498398000061)",Unfall 27217 (2021) Kat:3, Licht: 0,27217,3,3,3,11,9,3,1,0,0,1,0,0,1,0
"POINT (6.781107744000053 51.467772247000028)",Unfall 27218 (2021) Kat:3, Licht: 2,27218,3,3,5,1,8,3,1,2,0,1,0,0,0,0
"POINT (6.733676045000038 51.543305364000048)",Unfall 27219 (2021) Kat:3, Licht: 0,27219,3,2,0,6,18,2,0,0,0,1,0,0,0,1