WKT,Name,OBJECTID,UKATEGORIE,UTYP1,UART,UMONAT,USTUNDE,UWOCHENTAG,STRZUSTAND,ULICHTVERH,ISTRAD,ISTPKW,ISTFUSS,ISTKRAD,ISTGKFZ,ISTSONSTIG
"POINT (6.670909662000042 51.355445739000061)",Unfall 27220 (2021) Kat:2, Licht: 2,27220,2,1,7,9,23,7,0,2,0,0,0,1,0,0
"POINT (6.698286477000067 51.435507218000055)",Unfall 27224 (2021) Kat:3, Licht: 2,27224,3,6,2,10,20,6,1,2,0,1,0,0,0,0
"POINT (6.740782775000071 51.454698171000075)",Unfall 27229 (2021) Kat:3, Licht: 0,27229,3,3,0,9,13,5,0,0,1,1,0,0,0,0
"POINT (6.769037639000032 51.477889998000080)",Unfall 27236 (2021) Kat:3, Licht: 2,27236,3,6,2,7,23,7,1,2,0,1,0,0,0,0
"POINT (6.707502750000060 51.455884042000037)",Unfall 27242 (2021) Kat:3, Licht: 1,27242,3,3,4,11,16,4,0,1,0,1,0,0,0,0
"POINT (6.779080378000060 51.484333882000044)",Unfall 27249 (2021) Kat:3, Licht: 0,27249,3,6,3,9,14,5,0,0,0,1,0,0,1,0
"POINT (6.770599087000051 51.437723720000065)",Unfall 27252 (2021) Kat:3, Licht: 0,27252,3,3,0,9,15,3,0,0,1,1,0,0,0,0
"POINT (6.758345449000046 51.435870929000032)",Unfall 27255 (2021) Kat:3, Licht: 0,27255,3,3,0,6,20,2,0,0,0,0,0,0,0,1
"POINT (6.767503326000053 51.420611119000057)",Unfall 27262 (2021) Kat:1, Licht: 0,27262,1,3,5,4,12,4,0,0,1,0,0,0,0,1
"POINT (6.777857488000052 51.425465993000046)",Unfall 27280 (2021) Kat:3, Licht: 0,27280,3,6,2,6,15,3,1,0,0,1,0,0,0,0
"POINT (6.696865642000034 51.401334780000070)",Unfall 27281 (2021) Kat:3, Licht: 0,27281,3,3,5,4,16,6,0,0,0,1,0,0,0,0
"POINT (6.754931587000044 51.418647539000062)",Unfall 27286 (2021) Kat:3, Licht: 0,27286,3,5,0,3,12,7,0,0,1,1,0,0,0,0
"POINT (6.714894763000075 51.406143679000081)",Unfall 27293 (2021) Kat:3, Licht: 0,27293,3,2,5,6,16,5,0,0,1,1,0,0,0,0
"POINT (6.750079439000046 51.441904511000075)",Unfall 27298 (2021) Kat:3, Licht: 0,27298,3,3,5,6,15,4,0,0,1,1,0,0,0,0
"POINT (6.780960743000037 51.469042742000056)",Unfall 27299 (2021) Kat:2, Licht: 0,27299,2,3,5,7,7,5,0,0,1,1,0,0,0,0
"POINT (6.700099921000060 51.511220978000040)",Unfall 27303 (2021) Kat:3, Licht: 0,27303,3,7,6,9,19,7,0,0,0,1,1,0,0,0
"POINT (6.742713772000059 51.485356070000080)",Unfall 27307 (2021) Kat:2, Licht: 0,27307,2,6,2,6,13,2,0,0,0,1,0,0,0,0
"POINT (6.776418700000022 51.437600523000071)",Unfall 27309 (2021) Kat:3, Licht: 0,27309,3,6,1,11,13,2,0,0,0,1,0,0,0,0
"POINT (6.765059806000068 51.498104661000070)",Unfall 27313 (2021) Kat:3, Licht: 2,27313,3,6,2,3,2,1,0,2,0,1,0,0,0,0
"POINT (6.769199062000041 51.416208215000040)",Unfall 27316 (2021) Kat:3, Licht: 2,27316,3,6,2,9,19,2,0,2,0,1,0,0,0,1
"POINT (6.759309108000025 51.376033586000062)",Unfall 27321 (2021) Kat:3, Licht: 0,27321,3,6,2,3,16,3,1,0,0,1,0,0,0,0
"POINT (6.779210717000069 51.491196717000037)",Unfall 27328 (2021) Kat:3, Licht: 0,27328,3,6,2,5,13,6,0,0,0,1,0,0,0,0
"POINT (6.769650280000064 51.478731729000060)",Unfall 27331 (2021) Kat:2, Licht: 2,27331,2,6,2,12,18,4,0,2,0,1,0,0,1,0
"POINT (6.699435842000071 51.400361251000049)",Unfall 27335 (2021) Kat:3, Licht: 0,27335,3,2,6,12,14,2,0,0,0,1,1,0,0,0
"POINT (6.775075602000072 51.437549996000030)",Unfall 27341 (2021) Kat:3, Licht: 0,27341,3,2,4,10,17,7,0,0,0,1,0,0,0,0
"POINT (6.764156065000066 51.498560106000070)",Unfall 27344 (2021) Kat:3, Licht: 0,27344,3,6,2,12,14,2,0,0,0,1,0,0,0,0
"POINT (6.742606432000059 51.521575438000070)",Unfall 27353 (2021) Kat:3, Licht: 2,27353,3,2,6,1,7,5,1,2,0,1,1,0,0,0
"POINT (6.683404647000032 51.358263099000055)",Unfall 27354 (2021) Kat:3, Licht: 2,27354,3,6,2,10,6,4,1,2,0,1,0,0,1,0
"POINT (6.693842640000071 51.410874406000062)",Unfall 27356 (2021) Kat:3, Licht: 2,27356,3,3,5,1,19,7,1,2,1,1,0,0,0,0
"POINT (6.766434227000047 51.461755715000038)",Unfall 27358 (2021) Kat:3, Licht: 1,27358,3,6,2,9,18,2,1,1,0,1,0,0,0,0
"POINT (6.754070213000034 51.433355056000039)",Unfall 27361 (2021) Kat:3, Licht: 0,27361,3,7,0,2,17,2,0,0,1,1,0,0,0,0
"POINT (6.747678072000042 51.499629366000079)",Unfall 27373 (2021) Kat:3, Licht: 0,27373,3,1,2,12,10,4,2,0,0,1,0,0,0,0
"POINT (6.669903537000039 51.355148559000042)",Unfall 27376 (2021) Kat:3, Licht: 0,27376,3,6,1,6,13,2,0,0,0,1,0,0,0,0
"POINT (6.771025585000075 51.461219705000076)",Unfall 27377 (2021) Kat:3, Licht: 2,27377,3,6,2,11,17,4,0,2,0,1,0,0,0,0
"POINT (6.699822507000022 51.449545500000056)",Unfall 27380 (2021) Kat:3, Licht: 0,27380,3,1,0,1,14,3,0,0,0,0,0,0,0,1
"POINT (6.688798528000063 51.386508735000064)",Unfall 27388 (2021) Kat:3, Licht: 0,27388,3,6,1,9,7,4,0,0,0,1,0,0,0,0
"POINT (6.765688209000075 51.469566617000055)",Unfall 27390 (2021) Kat:2, Licht: 0,27390,2,3,5,1,10,2,1,0,0,1,0,0,1,0
"POINT (6.768263996000030 51.464730770000074)",Unfall 27392 (2021) Kat:3, Licht: 0,27392,3,6,2,12,13,3,0,0,0,1,0,0,0,0
"POINT (6.746464772000024 51.442850528000065)",Unfall 27406 (2021) Kat:3, Licht: 2,27406,3,1,0,10,23,5,0,2,0,1,0,0,0,0
"POINT (6.756163881000020 51.527576770000053)",Unfall 27412 (2021) Kat:3, Licht: 1,27412,3,7,3,2,17,4,0,1,0,1,0,1,0,0
"POINT (6.763893203000066 51.404138126000078)",Unfall 27418 (2021) Kat:2, Licht: 0,27418,2,7,5,3,8,3,0,0,1,0,0,0,0,1
"POINT (6.742856341000049 51.524035997000055)",Unfall 27435 (2021) Kat:2, Licht: 0,27435,2,6,3,5,16,2,0,0,0,1,0,1,0,0
"POINT (6.697161942000037 51.451418204000049)",Unfall 27438 (2021) Kat:3, Licht: 0,27438,3,1,8,12,18,7,1,0,0,1,0,0,0,0
"POINT (6.754323705000047 51.422349026000063)",Unfall 27442 (2021) Kat:3, Licht: 0,27442,3,2,6,6,18,7,0,0,0,1,1,0,0,0
"POINT (6.713201208000044 51.415058891000058)",Unfall 27449 (2021) Kat:3, Licht: 0,27449,3,2,0,10,15,3,1,0,1,1,0,0,0,0
"POINT (6.751943202000064 51.370462479000082)",Unfall 27454 (2021) Kat:3, Licht: 0,27454,3,7,2,10,8,6,0,0,0,1,0,0,0,0
"POINT (6.742786090000038 51.526742100000035)",Unfall 27463 (2021) Kat:3, Licht: 0,27463,3,2,5,11,13,2,0,0,1,1,0,0,0,0
"POINT (6.710811968000030 51.402915609000047)",Unfall 27477 (2021) Kat:3, Licht: 2,27477,3,6,2,10,6,6,0,2,0,1,0,0,0,0
"POINT (6.732246040000064 51.480727369000078)",Unfall 27484 (2021) Kat:3, Licht: 0,27484,3,7,9,10,10,5,1,0,0,1,0,0,0,0
"POINT (6.770338029000072 51.427246983000032)",Unfall 27486 (2021) Kat:3, Licht: 0,27486,3,2,5,5,8,4,0,0,1,1,0,0,0,0
"POINT (6.758321513000055 51.459847112000034)",Unfall 27489 (2021) Kat:3, Licht: 1,27489,3,1,8,10,16,1,1,1,1,0,0,0,0,1
"POINT (6.699307765000071 51.423399490000065)",Unfall 27490 (2021) Kat:3, Licht: 0,27490,3,2,4,10,13,4,0,0,0,1,0,0,0,0
"POINT (6.682702115000041 51.449690105000059)",Unfall 27495 (2021) Kat:3, Licht: 2,27495,3,1,2,10,21,5,0,2,0,1,0,0,0,0
"POINT (6.773872301000040 51.414079510000079)",Unfall 27496 (2021) Kat:3, Licht: 0,27496,3,6,1,10,14,7,0,0,0,1,0,0,0,0
"POINT (6.766945578000048 51.496946633000050)",Unfall 27503 (2021) Kat:3, Licht: 2,27503,3,2,5,10,19,7,0,2,1,1,0,0,0,0
"POINT (6.699196886000038 51.452560171000073)",Unfall 27505 (2021) Kat:3, Licht: 2,27505,3,3,5,12,18,6,0,2,0,1,0,0,0,0
"POINT (6.752005318000045 51.441061550000029)",Unfall 27509 (2021) Kat:3, Licht: 2,27509,3,2,6,12,6,6,1,2,0,1,1,0,0,0
"POINT (6.707569661000036 51.438559627000075)",Unfall 27512 (2021) Kat:3, Licht: 2,27512,3,6,2,11,20,3,1,2,0,1,0,1,0,0
"POINT (6.782686709000075 51.354269487000067)",Unfall 27516 (2021) Kat:3, Licht: 2,27516,3,4,6,2,17,3,1,2,0,1,1,0,0,0
"POINT (6.778323085000068 51.444594662000043)",Unfall 27520 (2021) Kat:3, Licht: 1,27520,3,6,2,11,17,5,0,1,0,1,0,0,0,0
"POINT (6.757691449000049 51.429365790000077)",Unfall 27524 (2021) Kat:3, Licht: 0,27524,3,7,0,5,17,6,0,0,0,0,0,1,0,1
"POINT (6.761952553000071 51.505419452000069)",Unfall 27530 (2021) Kat:3, Licht: 0,27530,3,6,2,5,12,7,1,0,0,1,0,0,0,0
"POINT (6.719545895000067 51.406639191000068)",Unfall 27531 (2021) Kat:3, Licht: 1,27531,3,2,6,6,20,3,1,1,0,1,1,0,0,0
"POINT (6.674094456000034 51.490803859000039)",Unfall 27539 (2021) Kat:3, Licht: 0,27539,3,1,2,5,10,3,1,0,0,1,0,0,1,0
"POINT (6.752277402000061 51.409736033000058)",Unfall 27548 (2021) Kat:3, Licht: 0,27548,3,2,0,6,18,6,0,0,1,1,0,0,0,0
"POINT (6.737926638000033 51.539750112000036)",Unfall 27549 (2021) Kat:3, Licht: 0,27549,3,7,6,9,12,1,0,0,0,1,1,0,0,0
"POINT (6.675621815000056 51.437348568000061)",Unfall 27550 (2021) Kat:3, Licht: 2,27550,3,1,2,9,20,5,0,2,0,1,0,0,1,0
"POINT (6.776909188000047 51.508714770000040)",Unfall 27558 (2021) Kat:2, Licht: 0,27558,2,3,5,10,15,5,0,0,1,1,0,0,0,0
"POINT (6.761957558000063 51.442027355000050)",Unfall 27568 (2021) Kat:3, Licht: 0,27568,3,3,5,5,11,3,1,0,0,1,0,0,1,0
"POINT (6.716947271000038 51.406342360000053)",Unfall 27569 (2021) Kat:3, Licht: 0,27569,3,2,6,5,12,4,0,0,0,1,1,0,0,0
"POINT (6.735012744000073 51.456030649000070)",Unfall 27576 (2021) Kat:3, Licht: 0,27576,3,6,2,1,11,3,1,0,0,1,0,0,0,0
"POINT (6.743859514000064 51.492730391000066)",Unfall 27585 (2021) Kat:3, Licht: 2,27585,3,2,9,11,22,3,0,2,0,1,0,0,0,0
"POINT (6.775749865000023 51.433185602000037)",Unfall 27587 (2021) Kat:3, Licht: 2,27587,3,2,5,11,18,1,1,2,0,1,0,1,0,0
"POINT (6.696364283000037 51.450955777000047)",Unfall 27588 (2021) Kat:3, Licht: 0,27588,3,3,5,3,13,6,0,0,1,1,0,0,0,0
"POINT (6.755504000000030 51.438162694000027)",Unfall 27592 (2021) Kat:3, Licht: 0,27592,3,3,5,4,17,6,0,0,1,0,0,0,0,1
"POINT (6.760938697000029 51.432433355000057)",Unfall 27598 (2021) Kat:3, Licht: 2,27598,3,4,6,12,7,6,0,2,0,1,1,0,0,0
"POINT (6.775229167000020 51.437589798000033)",Unfall 27618 (2021) Kat:2, Licht: 2,27618,2,1,8,11,1,3,1,2,0,1,0,0,0,0
"POINT (6.690897126000038 51.447774799000058)",Unfall 27619 (2021) Kat:3, Licht: 0,27619,3,7,0,12,15,4,0,0,1,1,0,0,0,0
"POINT (6.765024005000043 51.489656115000059)",Unfall 27621 (2021) Kat:3, Licht: 0,27621,3,1,0,7,8,2,1,0,1,0,0,0,0,0
"POINT (6.768898284000045 51.477954362000048)",Unfall 27623 (2021) Kat:2, Licht: 2,27623,2,1,8,2,3,2,2,2,0,1,0,0,0,0
"POINT (6.770017701000029 51.370523309000077)",Unfall 27639 (2021) Kat:3, Licht: 0,27639,3,6,2,6,12,3,0,0,0,1,0,0,0,0
"POINT (6.758323848000032 51.435883550000028)",Unfall 27642 (2021) Kat:2, Licht: 0,27642,2,2,5,10,13,2,0,0,0,1,0,1,0,0
"POINT (6.774401001000058 51.437550798000075)",Unfall 27649 (2021) Kat:3, Licht: 0,27649,3,3,5,10,13,1,0,0,0,1,0,0,0,0
"POINT (6.763708227000052 51.505621887000075)",Unfall 27652 (2021) Kat:3, Licht: 0,27652,3,1,1,10,11,5,0,0,0,1,0,0,0,0
"POINT (6.772826812000062 51.488025359000062)",Unfall 27665 (2021) Kat:3, Licht: 0,27665,3,3,5,10,17,2,0,0,0,1,0,0,0,0
"POINT (6.685815459000025 51.449654777000035)",Unfall 27673 (2021) Kat:3, Licht: 1,27673,3,4,6,12,16,1,1,1,0,1,1,0,0,0
"POINT (6.777316736000046 51.420025736000071)",Unfall 27674 (2021) Kat:2, Licht: 0,27674,2,1,5,6,12,5,0,0,1,1,0,0,0,0
"POINT (6.751308600000073 51.402657352000062)",Unfall 27690 (2021) Kat:3, Licht: 0,27690,3,3,5,6,16,3,0,0,1,1,0,0,0,0
"POINT (6.741273577000072 51.454588348000073)",Unfall 27700 (2021) Kat:3, Licht: 0,27700,3,3,5,6,10,6,0,0,1,1,0,0,0,0
"POINT (6.710722468000029 51.402516729000070)",Unfall 27714 (2021) Kat:3, Licht: 0,27714,3,7,2,6,13,3,0,0,1,0,0,0,0,0
"POINT (6.748852467000063 51.498479764000081)",Unfall 27719 (2021) Kat:3, Licht: 2,27719,3,6,1,2,20,2,2,2,0,1,0,0,0,0
"POINT (6.780808316000048 51.418094406000080)",Unfall 27720 (2021) Kat:2, Licht: 0,27720,2,4,6,6,20,7,0,0,0,0,1,1,0,0
"POINT (6.689935795000054 51.405714109000030)",Unfall 27733 (2021) Kat:2, Licht: 0,27733,2,5,2,6,16,5,0,0,0,1,0,1,0,0
"POINT (6.765377433000026 51.406270396000082)",Unfall 27735 (2021) Kat:3, Licht: 0,27735,3,2,4,1,14,1,0,0,0,1,0,0,0,0
"POINT (6.768272418000038 51.418835150000064)",Unfall 27737 (2021) Kat:2, Licht: 2,27737,2,1,1,11,19,7,0,2,1,1,0,0,0,0
"POINT (6.754992909000066 51.527563620000080)",Unfall 27752 (2021) Kat:3, Licht: 0,27752,3,2,4,5,19,4,1,0,0,1,0,1,0,0
"POINT (6.759073502000035 51.380264646000057)",Unfall 27759 (2021) Kat:3, Licht: 0,27759,3,2,3,3,12,2,0,0,1,1,0,0,0,0
"POINT (6.749061765000022 51.442297683000049)",Unfall 27766 (2021) Kat:3, Licht: 0,27766,3,2,5,3,17,6,0,0,1,1,0,0,0,0
"POINT (6.780892096000059 51.490458082000032)",Unfall 27767 (2021) Kat:3, Licht: 2,27767,3,3,5,12,21,1,1,2,0,1,0,0,0,0
"POINT (6.771424186000047 51.427610095000034)",Unfall 27770 (2021) Kat:2, Licht: 2,27770,2,5,1,12,6,4,0,2,0,1,0,0,0,0
"POINT (6.778583093000066 51.363989013000037)",Unfall 27796 (2021) Kat:3, Licht: 0,27796,3,2,6,12,13,2,0,0,0,1,1,0,0,0
"POINT (6.770322218000047 51.461875783000039)",Unfall 27798 (2021) Kat:3, Licht: 0,27798,3,6,2,9,13,5,0,0,0,1,0,0,0,0
"POINT (6.758880692000048 51.383919329000037)",Unfall 27801 (2021) Kat:3, Licht: 0,27801,3,2,5,9,10,7,0,0,1,1,0,0,0,0
"POINT (6.773822962000054 51.437566683000057)",Unfall 27807 (2021) Kat:3, Licht: 0,27807,3,2,0,4,18,5,0,0,1,1,0,0,0,0
"POINT (6.762683189000029 51.401629643000035)",Unfall 27809 (2021) Kat:2, Licht: 0,27809,2,3,5,5,18,3,0,0,1,1,0,0,0,0
"POINT (6.742854978000025 51.524703792000082)",Unfall 27829 (2021) Kat:3, Licht: 0,27829,3,3,5,4,10,2,0,0,1,1,0,0,0,0
"POINT (6.697436702000061 51.412914182000065)",Unfall 27832 (2021) Kat:3, Licht: 0,27832,3,6,2,1,10,6,1,0,0,1,0,0,0,1
"POINT (6.756811828000025 51.430704644000059)",Unfall 27836 (2021) Kat:3, Licht: 0,27836,3,6,0,3,14,4,0,0,0,1,0,0,0,1
"POINT (6.726003994000052 51.534769315000062)",Unfall 27843 (2021) Kat:3, Licht: 2,27843,3,3,5,9,5,2,0,2,1,1,0,0,0,0
"POINT (6.781755134000036 51.419300700000065)",Unfall 27848 (2021) Kat:3, Licht: 0,27848,3,1,1,2,8,2,2,0,0,1,0,0,0,0
"POINT (6.672752728000034 51.437442182000041)",Unfall 27850 (2021) Kat:3, Licht: 2,27850,3,6,2,2,5,3,2,2,0,1,0,0,0,0
"POINT (6.772273083000073 51.483030325000072)",Unfall 27851 (2021) Kat:3, Licht: 2,27851,3,6,3,10,19,6,0,2,0,1,0,0,1,0
"POINT (6.700621578000039 51.422619874000077)",Unfall 27852 (2021) Kat:3, Licht: 0,27852,3,7,0,4,9,1,0,0,1,0,0,0,0,0
"POINT (6.747192738000024 51.443638655000029)",Unfall 27877 (2021) Kat:3, Licht: 0,27877,3,6,2,4,16,3,0,0,0,1,0,0,0,1
"POINT (6.780892096000059 51.490458082000032)",Unfall 27878 (2021) Kat:3, Licht: 0,27878,3,6,2,4,16,5,0,0,0,1,0,0,0,0
"POINT (6.769283196000060 51.462699987000065)",Unfall 27895 (2021) Kat:2, Licht: 2,27895,2,6,2,12,19,4,1,2,0,0,0,0,1,1
"POINT (6.654125767000039 51.385068087000036)",Unfall 27900 (2021) Kat:3, Licht: 0,27900,3,6,3,9,14,6,0,0,1,0,0,0,0,0
"POINT (6.707488766000040 51.438030275000074)",Unfall 27903 (2021) Kat:3, Licht: 0,27903,3,6,2,3,16,3,0,0,0,1,0,0,0,0
"POINT (6.778563955000038 51.465433163000057)",Unfall 27910 (2021) Kat:3, Licht: 0,27910,3,2,0,9,8,3,0,0,0,1,1,0,0,0
"POINT (6.769511584000043 51.483719903000065)",Unfall 27912 (2021) Kat:3, Licht: 0,27912,3,1,2,5,12,3,1,0,0,1,0,0,0,0
"POINT (6.756986498000060 51.436949320000053)",Unfall 27915 (2021) Kat:3, Licht: 0,27915,3,2,4,3,9,2,0,0,0,1,0,0,0,0
"POINT (6.766667836000067 51.490707898000039)",Unfall 27923 (2021) Kat:3, Licht: 2,27923,3,1,9,6,0,4,1,2,0,1,0,0,0,0
"POINT (6.753273377000028 51.433899218000079)",Unfall 27930 (2021) Kat:3, Licht: 0,27930,3,6,3,5,10,2,0,0,0,1,0,0,0,0
"POINT (6.738586577000035 51.537766396000052)",Unfall 27931 (2021) Kat:2, Licht: 2,27931,2,1,6,9,22,4,0,2,0,1,1,0,0,0
"POINT (6.743938295000021 51.446380293000061)",Unfall 27939 (2021) Kat:3, Licht: 0,27939,3,2,3,2,15,3,0,0,1,0,0,0,1,0
"POINT (6.754314849000025 51.420409314000040)",Unfall 27947 (2021) Kat:3, Licht: 0,27947,3,5,0,6,15,3,0,0,1,1,0,0,0,1
"POINT (6.709477453000034 51.478291357000046)",Unfall 27948 (2021) Kat:3, Licht: 0,27948,3,6,8,2,8,5,0,0,0,0,0,1,0,0
"POINT (6.779675111000074 51.484649617000059)",Unfall 27954 (2021) Kat:2, Licht: 0,27954,2,6,3,4,14,3,0,0,0,1,0,0,1,0
"POINT (6.770131109000033 51.461865274000047)",Unfall 27956 (2021) Kat:3, Licht: 0,27956,3,6,2,6,12,4,1,0,0,1,0,0,0,0
"POINT (6.753696718000072 51.417311441000038)",Unfall 27974 (2021) Kat:3, Licht: 0,27974,3,3,0,9,18,5,0,0,1,1,0,0,0,0
"POINT (6.737513187000047 51.487781965000067)",Unfall 27975 (2021) Kat:3, Licht: 0,27975,3,7,1,11,14,4,0,0,0,1,0,0,0,0
"POINT (6.742809763000025 51.527324169000053)",Unfall 27984 (2021) Kat:3, Licht: 1,27984,3,7,6,11,16,3,1,1,0,1,1,0,0,0
"POINT (6.777922154000066 51.419986434000066)",Unfall 27986 (2021) Kat:2, Licht: 2,27986,2,3,5,9,21,5,0,2,1,1,0,0,0,0
"POINT (6.694575291000035 51.401943347000042)",Unfall 27987 (2021) Kat:3, Licht: 0,27987,3,2,5,6,17,3,0,0,1,1,0,0,0,0
"POINT (6.750576402000036 51.507364089000077)",Unfall 28002 (2021) Kat:3, Licht: 2,28002,3,5,9,12,1,6,0,2,0,1,0,0,0,0
"POINT (6.781285130000072 51.485429527000065)",Unfall 28003 (2021) Kat:3, Licht: 2,28003,3,6,3,11,7,3,1,2,0,1,0,0,1,0
"POINT (6.734058523000044 51.479673666000053)",Unfall 28004 (2021) Kat:3, Licht: 2,28004,3,6,2,10,22,3,0,2,0,1,0,0,0,0
"POINT (6.742698464000057 51.527326322000079)",Unfall 28011 (2021) Kat:2, Licht: 0,28011,2,3,5,6,10,5,0,0,0,1,0,0,0,0
"POINT (6.776384504000021 51.492413240000076)",Unfall 28013 (2021) Kat:2, Licht: 0,28013,2,6,3,4,16,5,0,0,0,1,0,0,0,1
"POINT (6.766230120000046 51.471215211000072)",Unfall 28017 (2021) Kat:3, Licht: 0,28017,3,7,2,11,11,7,1,0,0,1,0,0,0,0
"POINT (6.780759611000065 51.490516285000069)",Unfall 28033 (2021) Kat:3, Licht: 0,28033,3,6,4,11,10,6,1,0,0,1,0,0,0,1
"POINT (6.733456335000028 51.478488167000080)",Unfall 28034 (2021) Kat:3, Licht: 0,28034,3,2,4,6,18,2,0,0,0,1,0,0,0,0
"POINT (6.668640790000040 51.482866047000073)",Unfall 28035 (2021) Kat:2, Licht: 0,28035,2,2,4,10,14,1,0,0,0,1,0,0,0,0
"POINT (6.770718077000026 51.508314062000068)",Unfall 28036 (2021) Kat:3, Licht: 2,28036,3,3,5,1,5,6,0,2,0,1,0,1,0,0
"POINT (6.765496409000036 51.425167930000043)",Unfall 28047 (2021) Kat:3, Licht: 0,28047,3,3,5,10,9,5,0,0,1,1,0,0,0,0
"POINT (6.707555089000039 51.438479133000044)",Unfall 28058 (2021) Kat:3, Licht: 0,28058,3,7,0,10,11,7,0,0,0,1,0,0,0,0
"POINT (6.779363029000024 51.419893599000034)",Unfall 28065 (2021) Kat:3, Licht: 0,28065,3,3,5,6,17,3,1,0,1,1,0,0,0,0
"POINT (6.769623122000041 51.501041884000074)",Unfall 28067 (2021) Kat:3, Licht: 0,28067,3,3,0,4,18,6,0,0,0,1,0,0,0,1
"POINT (6.752569632000075 51.411631206000038)",Unfall 28083 (2021) Kat:3, Licht: 2,28083,3,6,4,10,7,2,0,2,1,0,0,0,0,0
"POINT (6.743147088000057 51.370127988000036)",Unfall 28092 (2021) Kat:3, Licht: 0,28092,3,7,0,4,16,3,0,0,1,1,0,0,0,0
"POINT (6.696781556000076 51.419360889000075)",Unfall 28095 (2021) Kat:3, Licht: 0,28095,3,3,5,10,12,2,0,0,0,1,0,0,0,0
"POINT (6.716686047000053 51.456743269000071)",Unfall 28106 (2021) Kat:3, Licht: 0,28106,3,1,0,2,15,4,0,0,1,0,0,0,0,0
"POINT (6.670247816000028 51.438778421000052)",Unfall 28116 (2021) Kat:3, Licht: 0,28116,3,3,0,3,13,5,0,0,1,1,0,0,0,0
"POINT (6.771550386000058 51.437763300000029)",Unfall 28117 (2021) Kat:3, Licht: 0,28117,3,3,5,12,11,4,0,0,1,1,0,0,0,0
"POINT (6.775165549000064 51.408165991000033)",Unfall 28125 (2021) Kat:3, Licht: 0,28125,3,2,2,6,12,7,0,0,0,1,0,0,0,0
"POINT (6.690815223000072 51.383347369000035)",Unfall 28126 (2021) Kat:3, Licht: 0,28126,3,1,1,7,19,3,0,0,0,0,0,1,0,0
"POINT (6.764676700000052 51.405704204000074)",Unfall 28128 (2021) Kat:3, Licht: 2,28128,3,2,4,11,17,3,1,2,0,1,0,0,0,0
"POINT (6.768253859000026 51.496528928000032)",Unfall 28130 (2021) Kat:3, Licht: 0,28130,3,2,3,5,16,4,1,0,0,1,0,0,0,1
"POINT (6.783143991000031 51.486126018000050)",Unfall 28131 (2021) Kat:2, Licht: 2,28131,2,6,3,12,7,3,0,2,0,1,0,0,1,0
"POINT (6.758161204000032 51.353005440000061)",Unfall 28136 (2021) Kat:2, Licht: 2,28136,2,1,9,11,5,4,1,2,0,1,0,0,0,0
"POINT (6.711232584000072 51.416732326000044)",Unfall 28137 (2021) Kat:3, Licht: 0,28137,3,3,5,7,14,3,0,0,1,1,0,0,0,0
"POINT (6.734172249000039 51.519270975000040)",Unfall 28154 (2021) Kat:2, Licht: 0,28154,2,2,5,10,9,3,1,0,1,1,0,0,0,0
"POINT (6.771130335000066 51.461122019000072)",Unfall 28156 (2021) Kat:3, Licht: 0,28156,3,6,2,9,14,2,0,0,0,1,0,0,0,0
"POINT (6.742496682000024 51.521382470000049)",Unfall 28161 (2021) Kat:3, Licht: 0,28161,3,3,0,5,15,6,0,0,0,1,0,0,0,1
"POINT (6.765377433000026 51.406270396000082)",Unfall 28166 (2021) Kat:3, Licht: 2,28166,3,2,5,11,6,6,0,2,0,1,0,0,0,0
"POINT (6.759773073000076 51.510374004000028)",Unfall 28174 (2021) Kat:3, Licht: 0,28174,3,3,5,4,15,6,0,0,0,1,0,0,0,0
"POINT (6.711845060000030 51.414872414000058)",Unfall 28175 (2021) Kat:3, Licht: 2,28175,3,4,5,1,21,2,1,2,0,1,1,0,0,0
"POINT (6.733145159000060 51.543747072000031)",Unfall 28182 (2021) Kat:2, Licht: 2,28182,2,3,5,5,22,1,0,2,1,0,0,1,0,0
"POINT (6.668652716000054 51.482888113000058)",Unfall 28183 (2021) Kat:2, Licht: 0,28183,2,3,5,5,16,6,0,0,0,1,0,0,0,0
"POINT (6.759100346000025 51.428235985000072)",Unfall 28187 (2021) Kat:3, Licht: 0,28187,3,6,3,4,18,6,0,0,0,1,0,0,0,1
"POINT (6.764124353000057 51.499469809000061)",Unfall 28197 (2021) Kat:3, Licht: 0,28197,3,1,9,6,18,4,0,0,0,1,0,0,0,0
"POINT (6.650502528000061 51.391769079000028)",Unfall 28204 (2021) Kat:3, Licht: 0,28204,3,3,5,4,12,4,0,0,0,1,0,0,0,0
"POINT (6.752962452000077 51.414885583000057)",Unfall 28206 (2021) Kat:3, Licht: 0,28206,3,2,6,6,19,2,0,0,0,1,1,0,0,0
"POINT (6.738112740000076 51.539329381000073)",Unfall 28207 (2021) Kat:3, Licht: 0,28207,3,7,2,11,8,3,1,0,0,0,0,0,0,1
"POINT (6.707880452000040 51.434996110000043)",Unfall 28209 (2021) Kat:3, Licht: 0,28209,3,7,0,6,17,3,0,0,0,0,0,0,0,1
"POINT (6.746671260000028 51.486859760000073)",Unfall 28215 (2021) Kat:3, Licht: 2,28215,3,1,8,9,22,7,0,2,0,1,0,0,0,0
"POINT (6.776921693000077 51.406236616000058)",Unfall 28216 (2021) Kat:3, Licht: 0,28216,3,1,2,12,9,4,0,0,0,1,0,0,0,0
"POINT (6.666644973000075 51.483075358000065)",Unfall 28217 (2021) Kat:3, Licht: 0,28217,3,1,9,5,8,4,1,0,0,1,0,0,1,0
"POINT (6.756195936000040 51.431808812000043)",Unfall 28220 (2021) Kat:3, Licht: 0,28220,3,6,3,4,17,3,0,0,0,1,0,0,0,0
"POINT (6.749947890000044 51.506787129000031)",Unfall 28233 (2021) Kat:3, Licht: 0,28233,3,2,4,9,10,2,0,0,1,0,0,0,0,1