WKT,Name,OBJECTID,UKATEGORIE,UTYP1,UART,UMONAT,USTUNDE,UWOCHENTAG,STRZUSTAND,ULICHTVERH,ISTRAD,ISTPKW,ISTFUSS,ISTKRAD,ISTGKFZ,ISTSONSTIG
"POINT (6.735452463000058 51.541849411000044)",Unfall 28234 (2021) Kat:3, Licht: 0,28234,3,6,3,10,10,6,1,0,0,1,0,0,0,0
"POINT (6.771792382000058 51.494799537000063)",Unfall 28236 (2021) Kat:2, Licht: 0,28236,2,3,5,4,16,7,0,0,0,1,0,0,0,1
"POINT (6.742881114000056 51.523081299000069)",Unfall 28243 (2021) Kat:3, Licht: 0,28243,3,6,4,6,17,1,0,0,1,0,0,0,0,0
"POINT (6.778440628000055 51.446085068000059)",Unfall 28245 (2021) Kat:3, Licht: 1,28245,3,1,8,7,5,5,1,1,0,1,0,0,0,0
"POINT (6.780703666000022 51.375665851000065)",Unfall 28265 (2021) Kat:2, Licht: 0,28265,2,6,1,9,16,4,0,0,0,1,0,0,0,0
"POINT (6.771443593000072 51.405338574000041)",Unfall 28268 (2021) Kat:3, Licht: 0,28268,3,6,3,4,10,6,0,0,0,1,0,0,1,0
"POINT (6.722308862000034 51.412871901000074)",Unfall 28282 (2021) Kat:3, Licht: 0,28282,3,2,4,12,10,6,1,0,0,1,0,0,0,0
"POINT (6.759146880000060 51.527484256000037)",Unfall 28287 (2021) Kat:2, Licht: 1,28287,2,1,2,12,17,7,1,1,0,1,0,0,0,0
"POINT (6.763630786000022 51.505582841000034)",Unfall 28307 (2021) Kat:2, Licht: 2,28307,2,2,5,2,18,6,0,2,0,1,0,0,0,1
"POINT (6.768168060000050 51.496572413000081)",Unfall 28309 (2021) Kat:3, Licht: 0,28309,3,2,3,5,14,4,0,0,0,1,0,0,0,1
"POINT (6.728840855000044 51.455968782000070)",Unfall 28311 (2021) Kat:3, Licht: 2,28311,3,2,0,1,7,2,1,2,1,1,0,0,0,0
"POINT (6.738411364000058 51.456336155000031)",Unfall 28317 (2021) Kat:3, Licht: 0,28317,3,6,3,4,15,7,0,0,1,0,0,0,0,0
"POINT (6.774105266000049 51.492307997000069)",Unfall 28319 (2021) Kat:3, Licht: 0,28319,3,2,4,10,15,2,0,0,0,1,0,0,0,0
"POINT (6.777973114000076 51.432370830000082)",Unfall 28328 (2021) Kat:3, Licht: 1,28328,3,5,1,10,16,4,0,1,1,1,0,0,0,0
"POINT (6.757013975000064 51.436926955000047)",Unfall 28333 (2021) Kat:3, Licht: 0,28333,3,1,0,9,14,4,1,0,1,0,0,0,0,0
"POINT (6.659522846000073 51.402614021000034)",Unfall 28336 (2021) Kat:3, Licht: 2,28336,3,7,0,12,17,5,1,2,0,0,0,0,0,1
"POINT (6.746514785000045 51.419695993000062)",Unfall 28338 (2021) Kat:3, Licht: 0,28338,3,6,3,6,7,5,0,0,0,1,0,0,1,0
"POINT (6.779575331000046 51.370798695000076)",Unfall 28339 (2021) Kat:3, Licht: 0,28339,3,2,6,4,12,4,0,0,0,1,1,0,0,0
"POINT (6.666612930000042 51.483091781000041)",Unfall 28340 (2021) Kat:3, Licht: 0,28340,3,1,8,7,18,4,1,0,0,1,0,0,0,0
"POINT (6.759007144000066 51.377837959000033)",Unfall 28344 (2021) Kat:3, Licht: 0,28344,3,6,0,6,8,4,0,0,0,1,0,0,0,0
"POINT (6.682702115000041 51.449690105000059)",Unfall 28350 (2021) Kat:3, Licht: 2,28350,3,3,5,3,22,3,0,2,0,1,0,0,0,0
"POINT (6.763893203000066 51.404138126000078)",Unfall 28354 (2021) Kat:3, Licht: 1,28354,3,2,5,7,21,5,0,1,0,1,0,0,0,1
"POINT (6.767936771000052 51.405225358000052)",Unfall 28356 (2021) Kat:3, Licht: 0,28356,3,2,5,3,16,3,0,0,0,1,0,0,0,0
"POINT (6.752806220000025 51.487373445000060)",Unfall 28362 (2021) Kat:2, Licht: 0,28362,2,1,0,11,14,6,0,0,0,1,0,0,0,0
"POINT (6.772295911000072 51.437711644000046)",Unfall 28393 (2021) Kat:3, Licht: 0,28393,3,3,5,10,16,3,1,0,0,1,0,0,0,0
"POINT (6.684284015000060 51.409912366000071)",Unfall 28400 (2021) Kat:3, Licht: 1,28400,3,3,0,12,16,4,0,1,1,1,0,0,0,0
"POINT (6.775897884000074 51.436684758000069)",Unfall 28401 (2021) Kat:3, Licht: 0,28401,3,6,2,9,16,5,0,0,0,1,0,0,1,0
"POINT (6.692749551000077 51.416767439000068)",Unfall 28402 (2021) Kat:3, Licht: 0,28402,3,7,2,6,19,4,0,0,0,1,0,1,0,0
"POINT (6.766042688000027 51.435314111000082)",Unfall 28404 (2021) Kat:3, Licht: 0,28404,3,5,1,6,15,7,0,0,0,1,0,0,0,1
"POINT (6.754378956000039 51.422734761000072)",Unfall 28407 (2021) Kat:3, Licht: 0,28407,3,7,0,5,15,1,0,0,1,0,0,0,0,0
"POINT (6.658011764000037 51.397740404000047)",Unfall 28410 (2021) Kat:3, Licht: 2,28410,3,6,2,11,18,2,0,2,0,1,0,0,0,0
"POINT (6.711109239000052 51.416880254000034)",Unfall 28415 (2021) Kat:3, Licht: 2,28415,3,1,2,10,20,7,0,2,0,1,0,0,0,0
"POINT (6.749076567000031 51.498447936000048)",Unfall 28421 (2021) Kat:3, Licht: 0,28421,3,3,5,4,12,3,0,0,0,1,0,1,0,0
"POINT (6.732355688000041 51.466719650000073)",Unfall 28423 (2021) Kat:3, Licht: 0,28423,3,3,5,4,15,7,1,0,0,1,0,0,0,0
"POINT (6.775087432000021 51.493219029000045)",Unfall 28433 (2021) Kat:3, Licht: 0,28433,3,2,8,1,13,1,1,0,0,1,0,0,0,0
"POINT (6.765670891000070 51.378855244000079)",Unfall 28436 (2021) Kat:2, Licht: 0,28436,2,2,4,5,17,2,0,0,0,1,0,1,0,0
"POINT (6.656579309000051 51.393100637000032)",Unfall 28444 (2021) Kat:3, Licht: 0,28444,3,6,2,7,17,7,0,0,0,1,0,0,0,0
"POINT (6.740919292000058 51.454476432000035)",Unfall 28447 (2021) Kat:3, Licht: 0,28447,3,3,5,9,12,3,0,0,1,1,0,0,0,0
"POINT (6.745581640000069 51.444338888000061)",Unfall 28453 (2021) Kat:3, Licht: 0,28453,3,1,2,10,6,6,0,0,0,1,0,0,0,0
"POINT (6.780001411000057 51.372641150000049)",Unfall 28454 (2021) Kat:3, Licht: 0,28454,3,2,5,7,16,7,0,0,0,1,0,1,0,0
"POINT (6.769989143000032 51.444661049000047)",Unfall 28456 (2021) Kat:3, Licht: 2,28456,3,6,2,12,17,5,1,2,0,1,0,0,0,0
"POINT (6.773695755000062 51.431534569000064)",Unfall 28465 (2021) Kat:3, Licht: 1,28465,3,6,1,9,15,5,0,1,0,1,0,0,0,1
"POINT (6.762801539000066 51.401260043000036)",Unfall 28467 (2021) Kat:3, Licht: 2,28467,3,1,5,12,21,7,1,2,0,1,0,0,0,1
"POINT (6.752860255000030 51.412490354000056)",Unfall 28475 (2021) Kat:3, Licht: 0,28475,3,2,5,5,6,5,0,0,0,1,0,0,0,0
"POINT (6.782089866000035 51.432246380000038)",Unfall 28483 (2021) Kat:3, Licht: 0,28483,3,2,5,10,11,6,0,0,1,1,0,0,0,0
"POINT (6.743164596000042 51.370129477000035)",Unfall 28485 (2021) Kat:3, Licht: 0,28485,3,2,4,12,11,2,0,0,1,1,0,0,0,0
"POINT (6.755988903000059 51.442959971000050)",Unfall 28493 (2021) Kat:3, Licht: 2,28493,3,2,5,1,18,5,1,2,0,1,0,0,0,0
"POINT (6.715585200000021 51.540910134000057)",Unfall 28499 (2021) Kat:3, Licht: 2,28499,3,1,8,12,22,4,1,2,0,1,0,0,0,0
"POINT (6.771792382000058 51.494799537000063)",Unfall 28508 (2021) Kat:3, Licht: 0,28508,3,2,3,4,9,4,0,0,0,1,0,0,0,1
"POINT (6.742812151000066 51.527376725000067)",Unfall 28513 (2021) Kat:3, Licht: 0,28513,3,6,2,1,14,5,1,0,0,1,0,0,0,0
"POINT (6.683903741000051 51.437299625000037)",Unfall 28514 (2021) Kat:3, Licht: 1,28514,3,6,2,10,7,2,0,1,0,1,0,1,0,0
"POINT (6.775713489000054 51.464372995000076)",Unfall 28515 (2021) Kat:3, Licht: 2,28515,3,2,5,1,20,6,1,2,0,1,0,1,0,0
"POINT (6.754153316000043 51.480579027000033)",Unfall 28520 (2021) Kat:2, Licht: 0,28520,2,3,5,3,14,6,0,0,0,1,0,1,0,0
"POINT (6.780848594000076 51.485246250000046)",Unfall 28533 (2021) Kat:2, Licht: 0,28533,2,6,3,6,7,1,0,0,0,1,0,0,1,0
"POINT (6.733862494000050 51.471370181000054)",Unfall 28534 (2021) Kat:3, Licht: 0,28534,3,1,4,5,17,7,1,0,0,1,0,0,0,0
"POINT (6.770800846000043 51.419726516000026)",Unfall 28536 (2021) Kat:2, Licht: 1,28536,2,6,5,1,7,5,1,1,0,1,0,0,1,0
"POINT (6.761707773000069 51.500460774000032)",Unfall 28540 (2021) Kat:3, Licht: 0,28540,3,6,2,3,12,7,1,0,0,1,0,0,0,0
"POINT (6.750238782000054 51.434655373000055)",Unfall 28546 (2021) Kat:3, Licht: 0,28546,3,1,9,6,10,3,0,0,0,0,0,0,0,1
"POINT (6.781773875000056 51.422580565000032)",Unfall 28547 (2021) Kat:3, Licht: 0,28547,3,2,5,6,17,3,0,0,1,1,0,0,0,0
"POINT (6.734957723000036 51.456019550000065)",Unfall 28548 (2021) Kat:3, Licht: 0,28548,3,2,5,12,10,6,1,0,0,1,0,0,0,1
"POINT (6.671009965000053 51.423389481000072)",Unfall 28549 (2021) Kat:3, Licht: 0,28549,3,3,5,12,8,3,0,0,0,1,0,0,0,0
"POINT (6.772323227000072 51.510615787000063)",Unfall 28550 (2021) Kat:3, Licht: 0,28550,3,4,6,2,15,7,0,0,0,1,1,0,0,0
"POINT (6.690897126000038 51.447774799000058)",Unfall 28559 (2021) Kat:2, Licht: 0,28559,2,7,1,6,19,4,0,0,0,1,0,1,0,0
"POINT (6.766403939000043 51.405737583000075)",Unfall 28562 (2021) Kat:3, Licht: 2,28562,3,6,4,11,22,6,0,2,1,0,0,0,0,0
"POINT (6.753800540000043 51.498120193000034)",Unfall 28565 (2021) Kat:3, Licht: 0,28565,3,2,4,2,13,2,1,0,0,1,0,0,0,0
"POINT (6.774909667000031 51.383501892000027)",Unfall 28590 (2021) Kat:3, Licht: 0,28590,3,1,0,2,15,2,0,0,1,0,0,0,0,0
"POINT (6.688798528000063 51.386508735000064)",Unfall 28591 (2021) Kat:3, Licht: 2,28591,3,2,6,1,23,2,1,2,0,1,1,0,0,0
"POINT (6.768884617000026 51.463563066000063)",Unfall 28596 (2021) Kat:3, Licht: 0,28596,3,6,2,12,8,6,1,0,0,1,0,0,0,0
"POINT (6.722106554000050 51.353532657000073)",Unfall 28597 (2021) Kat:3, Licht: 0,28597,3,6,2,3,9,6,0,0,0,1,0,0,0,0
"POINT (6.741002863000062 51.480211446000055)",Unfall 28601 (2021) Kat:3, Licht: 0,28601,3,3,5,9,14,1,0,0,0,1,0,0,0,0
"POINT (6.770586536000053 51.481347168000070)",Unfall 28612 (2021) Kat:3, Licht: 2,28612,3,6,2,10,19,2,1,2,0,1,0,0,0,0
"POINT (6.763729994000073 51.442520734000027)",Unfall 28621 (2021) Kat:3, Licht: 1,28621,3,1,9,2,17,2,1,1,0,1,0,0,0,0
"POINT (6.730614277000029 51.411346046000062)",Unfall 28624 (2021) Kat:3, Licht: 0,28624,3,5,1,2,13,6,2,0,0,1,0,0,0,0
"POINT (6.753446490000044 51.416358322000065)",Unfall 28629 (2021) Kat:2, Licht: 0,28629,2,5,1,4,18,7,0,0,0,1,0,0,0,1
"POINT (6.675634767000076 51.437348770000028)",Unfall 28631 (2021) Kat:3, Licht: 0,28631,3,6,2,10,15,7,0,0,0,1,0,0,0,0
"POINT (6.757333073000041 51.418842778000055)",Unfall 28646 (2021) Kat:3, Licht: 2,28646,3,3,5,10,19,6,1,2,1,1,0,0,0,0
"POINT (6.658018614000071 51.397764379000080)",Unfall 28649 (2021) Kat:3, Licht: 0,28649,3,2,5,5,10,3,0,0,1,1,0,0,0,0
"POINT (6.761273264000067 51.506126642000027)",Unfall 28652 (2021) Kat:2, Licht: 0,28652,2,7,1,9,17,3,0,0,0,1,0,0,0,0
"POINT (6.723396905000072 51.412565446000031)",Unfall 28654 (2021) Kat:3, Licht: 2,28654,3,6,1,10,21,4,0,2,0,1,0,0,0,0
"POINT (6.672411162000060 51.437098987000070)",Unfall 28661 (2021) Kat:2, Licht: 2,28661,2,1,8,10,21,3,1,2,0,1,0,0,0,0
"POINT (6.742630905000055 51.521622670000056)",Unfall 28667 (2021) Kat:2, Licht: 0,28667,2,7,1,6,12,4,0,0,0,1,0,0,0,0
"POINT (6.710696601000052 51.398165891000076)",Unfall 28684 (2021) Kat:3, Licht: 2,28684,3,3,5,12,18,5,0,2,0,1,0,0,0,0
"POINT (6.778454775000057 51.465389462000076)",Unfall 28690 (2021) Kat:3, Licht: 0,28690,3,2,6,9,17,3,0,0,0,1,1,0,0,0
"POINT (6.732531164000022 51.535902435000025)",Unfall 28691 (2021) Kat:3, Licht: 0,28691,3,2,5,10,16,2,0,0,0,1,0,0,0,0
"POINT (6.698855522000031 51.424757843000066)",Unfall 28696 (2021) Kat:2, Licht: 1,28696,2,6,4,4,20,6,0,1,0,1,0,0,0,0
"POINT (6.774790352000025 51.493361566000033)",Unfall 28702 (2021) Kat:3, Licht: 0,28702,3,6,2,11,16,2,0,0,0,1,0,1,0,0
"POINT (6.764204802000052 51.494873310000060)",Unfall 28706 (2021) Kat:2, Licht: 0,28706,2,1,3,10,13,1,0,0,0,1,0,0,0,0
"POINT (6.767503326000053 51.420611119000057)",Unfall 28708 (2021) Kat:3, Licht: 2,28708,3,3,5,2,17,5,0,2,0,1,0,0,0,0
"POINT (6.743995888000029 51.434875325000064)",Unfall 28722 (2021) Kat:3, Licht: 0,28722,3,7,0,9,15,3,0,0,0,0,0,0,0,1
"POINT (6.761066954000057 51.432017255000062)",Unfall 28734 (2021) Kat:2, Licht: 0,28734,2,3,5,9,10,2,0,0,1,1,0,0,0,0
"POINT (6.718792531000076 51.456592528000044)",Unfall 28735 (2021) Kat:3, Licht: 0,28735,3,6,2,6,13,6,0,0,0,1,0,0,0,0
"POINT (6.698177932000021 51.415635825000038)",Unfall 28738 (2021) Kat:3, Licht: 0,28738,3,2,0,3,13,4,0,0,1,1,0,0,0,0
"POINT (6.741136828000037 51.454483233000076)",Unfall 28743 (2021) Kat:3, Licht: 0,28743,3,3,2,4,8,3,0,0,1,1,0,0,0,0
"POINT (6.774793587000033 51.492955407000068)",Unfall 28745 (2021) Kat:3, Licht: 2,28745,3,6,9,10,2,1,0,2,0,1,0,0,0,0
"POINT (6.740917301000025 51.517006776000073)",Unfall 28757 (2021) Kat:3, Licht: 0,28757,3,6,5,11,15,6,0,0,0,1,0,0,0,1
"POINT (6.768014811000057 51.466207411000028)",Unfall 28778 (2021) Kat:3, Licht: 0,28778,3,6,3,9,14,6,0,0,0,1,0,1,0,0
"POINT (6.729796746000034 51.368614163000075)",Unfall 28780 (2021) Kat:2, Licht: 0,28780,2,7,0,6,19,5,0,0,0,1,0,0,0,0
"POINT (6.751944849000040 51.407606948000080)",Unfall 28785 (2021) Kat:3, Licht: 0,28785,3,6,3,6,14,4,0,0,1,0,0,0,0,0
"POINT (6.771586482000032 51.491307728000038)",Unfall 28788 (2021) Kat:3, Licht: 0,28788,3,2,5,5,8,4,0,0,0,1,0,0,0,1
"POINT (6.694817508000028 51.401878171000078)",Unfall 28797 (2021) Kat:3, Licht: 2,28797,3,1,8,1,16,6,0,2,1,0,0,0,0,0
"POINT (6.752003753000054 51.497937355000033)",Unfall 28814 (2021) Kat:3, Licht: 2,28814,3,1,1,9,21,5,0,2,0,1,0,0,0,1
"POINT (6.734258877000059 51.476616181000054)",Unfall 28816 (2021) Kat:3, Licht: 2,28816,3,1,8,4,21,7,0,2,0,1,1,0,0,0
"POINT (6.674022817000036 51.478873104000058)",Unfall 28817 (2021) Kat:3, Licht: 0,28817,3,6,2,9,17,6,0,0,0,1,0,0,0,0
"POINT (6.769295619000047 51.411746561000029)",Unfall 28831 (2021) Kat:3, Licht: 2,28831,3,2,4,9,20,6,0,2,0,1,0,0,0,0
"POINT (6.759487590000049 51.394885547000058)",Unfall 28836 (2021) Kat:3, Licht: 0,28836,3,2,0,2,11,4,1,0,0,1,0,0,0,1
"POINT (6.710978187000023 51.403438200000039)",Unfall 28837 (2021) Kat:2, Licht: 0,28837,2,7,6,2,11,6,0,0,0,1,1,0,0,0
"POINT (6.779488824000055 51.360130725000033)",Unfall 28843 (2021) Kat:3, Licht: 0,28843,3,5,1,9,13,3,0,0,0,1,0,0,0,0
"POINT (6.775047118000032 51.437636437000037)",Unfall 28856 (2021) Kat:3, Licht: 0,28856,3,2,4,10,8,5,1,0,0,1,0,0,0,0
"POINT (6.766940187000046 51.467883085000040)",Unfall 28861 (2021) Kat:3, Licht: 0,28861,3,6,2,9,11,3,0,0,0,1,0,0,1,0
"POINT (6.738711812000076 51.538089615000047)",Unfall 28868 (2021) Kat:3, Licht: 2,28868,3,2,6,11,6,3,0,2,0,1,1,0,0,0
"POINT (6.707731771000056 51.439816253000060)",Unfall 28870 (2021) Kat:3, Licht: 0,28870,3,1,1,2,11,7,1,0,0,1,0,0,0,0
"POINT (6.660936740000068 51.350891660000059)",Unfall 28886 (2021) Kat:2, Licht: 0,28886,2,6,6,3,16,2,0,0,1,0,1,0,0,0
"POINT (6.728823044000023 51.368503274000034)",Unfall 28890 (2021) Kat:3, Licht: 2,28890,3,1,8,2,18,1,0,2,0,0,0,1,0,0
"POINT (6.751872965000075 51.365831500000070)",Unfall 28895 (2021) Kat:3, Licht: 1,28895,3,3,5,2,18,4,0,1,1,1,0,0,0,0
"POINT (6.734957723000036 51.456019550000065)",Unfall 28896 (2021) Kat:3, Licht: 2,28896,3,6,1,11,17,4,0,2,0,1,0,0,0,0
"POINT (6.703888286000051 51.454260526000041)",Unfall 28899 (2021) Kat:3, Licht: 0,28899,3,3,5,6,13,6,0,0,0,1,0,0,0,0
"POINT (6.742232451000064 51.485149789000047)",Unfall 28904 (2021) Kat:2, Licht: 0,28904,2,6,2,2,14,6,0,0,0,1,0,0,0,1
"POINT (6.755160831000069 51.527565507000077)",Unfall 28910 (2021) Kat:3, Licht: 0,28910,3,5,2,3,16,1,0,0,0,1,0,0,0,0
"POINT (6.760538447000044 51.376507694000054)",Unfall 28917 (2021) Kat:3, Licht: 1,28917,3,6,1,11,15,3,1,1,0,1,0,0,0,0
"POINT (6.701682698000070 51.509731186000067)",Unfall 28930 (2021) Kat:3, Licht: 2,28930,3,1,8,1,21,3,1,2,0,1,0,0,0,0
"POINT (6.792185728000049 51.427661812000053)",Unfall 28945 (2021) Kat:3, Licht: 0,28945,3,4,6,6,15,2,0,0,1,0,1,0,0,0
"POINT (6.811482054000066 51.461018758000080)",Unfall 28949 (2021) Kat:3, Licht: 0,28949,3,6,2,5,14,2,0,0,0,1,0,0,0,0
"POINT (6.812645069000041 51.399009117000048)",Unfall 29012 (2021) Kat:3, Licht: 0,29012,3,6,2,9,14,5,0,0,0,1,0,0,0,0
"POINT (6.818406602000039 51.466711110000062)",Unfall 29037 (2021) Kat:3, Licht: 0,29037,3,5,3,9,16,4,0,0,0,1,0,1,0,0
"POINT (6.785301655000069 51.505324157000075)",Unfall 29074 (2021) Kat:3, Licht: 0,29074,3,3,5,9,16,6,0,0,1,1,0,0,0,0
"POINT (6.810430156000052 51.463186901000029)",Unfall 29080 (2021) Kat:3, Licht: 0,29080,3,3,5,3,15,2,0,0,0,1,0,0,1,0
"POINT (6.799303043000066 51.445536897000068)",Unfall 29148 (2021) Kat:3, Licht: 0,29148,3,6,3,11,15,3,0,0,0,1,0,0,1,0
"POINT (6.795391626000026 51.508552132000034)",Unfall 29188 (2021) Kat:3, Licht: 2,29188,3,7,5,11,6,3,1,2,1,1,0,0,0,0
"POINT (6.799334493000060 51.395231650000028)",Unfall 29199 (2021) Kat:3, Licht: 2,29199,3,1,1,10,21,6,1,2,0,1,0,1,0,0
"POINT (6.792186601000026 51.479126381000071)",Unfall 29223 (2021) Kat:3, Licht: 0,29223,3,2,5,1,13,5,1,0,1,1,0,0,0,0
"POINT (6.790699966000034 51.486787960000072)",Unfall 29257 (2021) Kat:3, Licht: 0,29257,3,3,5,9,19,1,0,0,0,1,0,0,0,0
"POINT (6.784190209000030 51.420967962000077)",Unfall 29293 (2021) Kat:2, Licht: 2,29293,2,2,6,12,8,3,0,2,0,1,1,0,0,0
"POINT (6.806545645000028 51.438834683000039)",Unfall 29325 (2021) Kat:3, Licht: 0,29325,3,6,2,6,9,5,0,0,0,1,0,0,0,0
"POINT (6.797173114000032 51.461803023000073)",Unfall 29363 (2021) Kat:3, Licht: 1,29363,3,2,9,6,22,4,0,1,0,1,0,0,0,0
"POINT (6.804627844000038 51.493899270000043)",Unfall 29410 (2021) Kat:2, Licht: 0,29410,2,3,0,4,15,5,0,0,1,0,0,0,1,0
"POINT (6.790222153000059 51.416999138000051)",Unfall 29437 (2021) Kat:3, Licht: 2,29437,3,3,5,2,5,5,0,2,1,1,0,0,0,0
"POINT (6.796979331000045 51.501478888000065)",Unfall 29462 (2021) Kat:3, Licht: 0,29462,3,3,5,10,12,6,0,0,1,0,0,1,0,0
"POINT (6.784067414000049 51.353076446000046)",Unfall 29473 (2021) Kat:3, Licht: 0,29473,3,2,4,10,17,7,0,0,0,1,0,0,0,0
"POINT (6.821129804000066 51.500426660000073)",Unfall 29478 (2021) Kat:3, Licht: 0,29478,3,6,2,10,11,3,0,0,0,0,0,0,0,1
"POINT (6.793992609000043 51.447668764000070)",Unfall 29498 (2021) Kat:3, Licht: 1,29498,3,6,3,3,7,5,1,1,0,1,0,0,1,0
"POINT (6.818794991000061 51.495631153000033)",Unfall 29529 (2021) Kat:3, Licht: 0,29529,3,6,2,10,8,3,0,0,0,1,0,0,0,0
"POINT (6.785501154000031 51.466582485000060)",Unfall 29568 (2021) Kat:3, Licht: 2,29568,3,2,3,11,7,4,0,2,1,1,0,0,0,0
"POINT (6.818851039000037 51.467114220000042)",Unfall 29625 (2021) Kat:3, Licht: 0,29625,3,6,2,3,15,3,0,0,0,1,0,1,0,0
"POINT (6.796124526000028 51.457576812000070)",Unfall 29644 (2021) Kat:3, Licht: 0,29644,3,2,5,6,17,3,0,0,0,1,0,0,0,0
"POINT (6.789405875000057 51.476053741000044)",Unfall 29658 (2021) Kat:3, Licht: 0,29658,3,3,5,6,17,4,0,0,1,1,0,0,0,0
"POINT (6.793075917000067 51.465418116000080)",Unfall 29681 (2021) Kat:3, Licht: 0,29681,3,6,1,10,13,7,0,0,0,1,0,0,1,0
"POINT (6.799019239000074 51.445958894000057)",Unfall 29692 (2021) Kat:3, Licht: 0,29692,3,6,3,6,7,6,0,0,0,1,0,0,0,0
"POINT (6.796112043000051 51.502648207000050)",Unfall 29740 (2021) Kat:2, Licht: 0,29740,2,6,6,6,11,6,0,0,0,1,1,0,0,0
"POINT (6.815068178000047 51.464615601000048)",Unfall 29748 (2021) Kat:2, Licht: 1,29748,2,6,2,11,7,3,1,1,0,1,0,0,0,0
"POINT (6.783859494000069 51.486082628000077)",Unfall 29750 (2021) Kat:3, Licht: 1,29750,3,6,2,5,5,3,1,1,0,1,0,0,1,0
"POINT (6.795488740000053 51.431714939000074)",Unfall 29776 (2021) Kat:3, Licht: 0,29776,3,1,0,9,17,1,0,0,1,0,0,0,0,0
"POINT (6.805931742000041 51.475684524000030)",Unfall 29783 (2021) Kat:3, Licht: 0,29783,3,7,1,1,12,6,0,0,0,1,0,0,0,0
"POINT (6.791183386000057 51.448332382000046)",Unfall 29899 (2021) Kat:3, Licht: 0,29899,3,2,2,6,15,5,0,0,0,1,0,0,1,0
"POINT (6.796052638000049 51.436329867000040)",Unfall 29909 (2021) Kat:3, Licht: 0,29909,3,2,5,9,19,4,1,0,1,1,0,0,0,0
"POINT (6.803686125000070 51.405819710000060)",Unfall 30002 (2021) Kat:3, Licht: 0,30002,3,1,8,5,11,2,0,0,0,1,0,0,0,0
"POINT (6.786412107000046 51.419522503000053)",Unfall 30027 (2021) Kat:3, Licht: 0,30027,3,3,0,9,14,4,0,0,1,1,0,0,0,0
"POINT (6.790478643000029 51.487061344000040)",Unfall 30029 (2021) Kat:2, Licht: 0,30029,2,4,6,6,19,4,0,0,0,0,1,0,0,1
"POINT (6.815524373000073 51.396069747000070)",Unfall 30112 (2021) Kat:1, Licht: 0,30112,1,1,9,4,16,7,0,0,0,0,0,1,0,0
"POINT (6.789786253000045 51.476603840000053)",Unfall 30118 (2021) Kat:3, Licht: 0,30118,3,3,6,10,9,2,0,0,0,1,1,0,0,0
"POINT (6.793459300000052 51.479709815000035)",Unfall 30178 (2021) Kat:3, Licht: 0,30178,3,6,2,5,17,7,0,0,0,1,0,0,0,0
"POINT (6.816528082000048 51.490949294000075)",Unfall 30210 (2021) Kat:3, Licht: 0,30210,3,6,2,10,14,1,0,0,0,1,0,0,0,0
"POINT (6.785442155000055 51.447295089000079)",Unfall 30212 (2021) Kat:3, Licht: 2,30212,3,6,3,11,18,4,1,2,0,1,0,0,1,0
"POINT (6.783820515000059 51.447109870000077)",Unfall 30250 (2021) Kat:3, Licht: 0,30250,3,6,3,6,9,6,0,0,0,1,0,0,1,0
"POINT (6.820047687000056 51.497613358000081)",Unfall 30254 (2021) Kat:2, Licht: 0,30254,2,1,2,9,10,3,0,0,0,0,0,1,1,0
"POINT (6.805531900000062 51.397834487000068)",Unfall 30282 (2021) Kat:3, Licht: 0,30282,3,2,4,11,7,6,1,0,0,1,0,0,0,0
"POINT (6.787115295000035 51.423450588000037)",Unfall 30288 (2021) Kat:3, Licht: 0,30288,3,6,4,10,18,2,0,0,1,0,0,0,0,0
"POINT (6.816796667000062 51.491473752000047)",Unfall 30304 (2021) Kat:3, Licht: 0,30304,3,6,2,9,14,1,0,0,0,1,0,0,0,0
"POINT (6.802743136000061 51.486046880000060)",Unfall 30314 (2021) Kat:3, Licht: 0,30314,3,6,2,10,12,6,0,0,0,0,0,0,1,1
"POINT (6.785415537000063 51.471340069000064)",Unfall 30392 (2021) Kat:3, Licht: 2,30392,3,2,5,12,5,6,1,2,0,1,0,0,0,0
"POINT (6.820491367000045 51.499121033000051)",Unfall 30434 (2021) Kat:3, Licht: 0,30434,3,6,2,12,14,3,0,0,0,1,0,0,1,0
"POINT (6.818614306000029 51.495253121000076)",Unfall 30450 (2021) Kat:3, Licht: 1,30450,3,6,2,10,7,6,0,1,0,1,0,0,0,1
"POINT (6.792489498000066 51.427923491000058)",Unfall 30454 (2021) Kat:3, Licht: 0,30454,3,7,6,10,10,5,1,0,0,1,1,0,0,0
"POINT (6.804261574000066 51.428076989000033)",Unfall 30462 (2021) Kat:2, Licht: 0,30462,2,1,8,5,20,6,0,0,0,0,0,1,0,0
"POINT (6.795860646000051 51.432259226000042)",Unfall 30513 (2021) Kat:3, Licht: 0,30513,3,7,6,7,13,4,0,0,1,1,1,0,0,0
"POINT (6.784190209000030 51.420967962000077)",Unfall 30523 (2021) Kat:3, Licht: 1,30523,3,7,8,6,21,7,0,1,0,1,0,0,0,0
"POINT (6.820708942000067 51.499561116000052)",Unfall 30528 (2021) Kat:3, Licht: 0,30528,3,6,2,10,10,2,0,0,0,1,0,0,1,0
"POINT (6.810402396000029 51.463173777000065)",Unfall 30579 (2021) Kat:3, Licht: 1,30579,3,3,5,7,21,6,0,1,0,1,0,0,0,0
"POINT (6.799173225000061 51.451707886000065)",Unfall 30609 (2021) Kat:3, Licht: 0,30609,3,6,2,9,17,2,1,0,0,1,0,0,0,0
"POINT (6.792805415000032 51.471736574000033)",Unfall 30634 (2021) Kat:3, Licht: 0,30634,3,3,3,2,13,6,0,0,1,0,0,0,0,1