WKT,Name,OBJECTID,UKATEGORIE,UTYP1,UART,UMONAT,USTUNDE,UWOCHENTAG,STRZUSTAND,ULICHTVERH,ISTRAD,ISTPKW,ISTFUSS,ISTKRAD,ISTGKFZ,ISTSONSTIG
"POINT (6.803595344000030 51.400057355000058)",Unfall 30642 (2021) Kat:3, Licht: 0,30642,3,2,5,7,16,3,0,0,1,1,0,0,0,0
"POINT (6.810649413000021 51.441083641000034)",Unfall 30673 (2021) Kat:2, Licht: 0,30673,2,2,4,1,15,4,1,0,0,1,0,0,0,0
"POINT (6.796076643000049 51.457539384000029)",Unfall 30680 (2021) Kat:3, Licht: 0,30680,3,6,5,6,15,3,0,0,1,1,0,0,0,0
"POINT (6.814142641000046 51.487361244000056)",Unfall 30703 (2021) Kat:2, Licht: 0,30703,2,6,1,6,8,4,0,0,0,0,0,0,1,0
"POINT (6.806466625000041 51.397818715000028)",Unfall 30737 (2021) Kat:3, Licht: 0,30737,3,7,0,11,11,3,0,0,0,0,0,0,0,1
"POINT (6.792501684000058 51.465962317000049)",Unfall 30816 (2021) Kat:3, Licht: 0,30816,3,5,6,12,14,5,0,0,0,1,1,0,0,0
"POINT (6.807747508000034 51.402342893000082)",Unfall 30824 (2021) Kat:3, Licht: 0,30824,3,6,3,12,10,6,1,0,0,1,0,0,1,0
"POINT (6.791409653000073 51.478670559000079)",Unfall 30852 (2021) Kat:3, Licht: 0,30852,3,6,2,3,14,7,0,0,0,1,0,0,0,0
"POINT (6.800945800000022 51.485277205000045)",Unfall 30870 (2021) Kat:3, Licht: 0,30870,3,6,2,9,16,1,0,0,0,1,0,0,0,0
"POINT (6.796876393000048 51.418628348000027)",Unfall 30877 (2021) Kat:2, Licht: 0,30877,2,1,8,4,17,7,0,0,0,1,0,0,0,1
"POINT (6.820348711000065 51.498832314000026)",Unfall 30893 (2021) Kat:3, Licht: 0,30893,3,6,2,4,13,5,0,0,0,1,0,0,0,0
"POINT (6.799822279000068 51.411678882000047)",Unfall 30925 (2021) Kat:3, Licht: 2,30925,3,1,3,2,21,7,2,2,0,1,0,0,0,1
"POINT (6.792567204000022 51.427990430000079)",Unfall 30949 (2021) Kat:3, Licht: 0,30949,3,7,0,6,14,3,0,0,1,0,0,0,0,0
"POINT (6.817522022000048 51.492924163000055)",Unfall 30982 (2021) Kat:2, Licht: 0,30982,2,6,2,9,8,5,0,0,0,1,0,0,0,1
"POINT (6.815855681000073 51.489116067000054)",Unfall 31017 (2021) Kat:2, Licht: 0,31017,2,6,2,1,13,2,0,0,0,1,0,0,1,1
"POINT (6.783986270000071 51.512069956000062)",Unfall 31072 (2021) Kat:3, Licht: 2,31072,3,3,5,2,18,5,1,2,0,1,0,1,0,0
"POINT (6.794420429000070 51.482560847000059)",Unfall 31097 (2021) Kat:2, Licht: 0,31097,2,1,0,4,11,1,0,0,0,1,0,0,0,0
"POINT (6.798700521000058 51.492886264000049)",Unfall 31108 (2021) Kat:3, Licht: 0,31108,3,2,5,1,11,2,1,0,0,1,0,0,0,0
"POINT (6.785955084000022 51.486227156000041)",Unfall 31165 (2021) Kat:3, Licht: 0,31165,3,6,3,5,14,3,1,0,0,1,0,0,1,0
"POINT (6.793895819000056 51.454803974000072)",Unfall 31189 (2021) Kat:3, Licht: 0,31189,3,6,1,9,16,5,0,0,0,1,0,0,0,0
"POINT (6.813438221000069 51.463504532000059)",Unfall 31196 (2021) Kat:3, Licht: 0,31196,3,5,1,7,19,4,0,0,0,1,0,0,0,0
"POINT (6.821337365000034 51.500860637000073)",Unfall 31206 (2021) Kat:3, Licht: 0,31206,3,6,2,11,13,5,0,0,0,1,0,0,1,0
"POINT (6.806967354000051 51.430217443000060)",Unfall 31208 (2021) Kat:3, Licht: 0,31208,3,1,8,3,17,2,0,0,0,1,0,0,0,0
"POINT (6.801878304000070 51.406450122000081)",Unfall 31212 (2021) Kat:3, Licht: 0,31212,3,7,5,7,15,5,1,0,0,1,0,0,0,0
"POINT (6.793140177000055 51.479511736000063)",Unfall 31228 (2021) Kat:2, Licht: 0,31228,2,4,6,9,14,4,0,0,0,1,1,0,0,0
"POINT (6.798895754000057 51.423675220000064)",Unfall 31240 (2021) Kat:3, Licht: 2,31240,3,1,0,1,7,6,1,2,0,1,0,0,0,0
"POINT (6.787322547000031 51.418804269000077)",Unfall 31242 (2021) Kat:3, Licht: 0,31242,3,1,0,10,11,4,0,0,0,0,0,0,0,1
"POINT (6.789978659000042 51.476881309000078)",Unfall 31309 (2021) Kat:3, Licht: 0,31309,3,7,0,9,11,4,0,0,0,0,0,1,0,0
"POINT (6.802712653000071 51.409449254000037)",Unfall 31315 (2021) Kat:3, Licht: 0,31315,3,3,5,6,16,1,0,0,0,1,0,1,0,0
"POINT (6.792332113000043 51.427787914000078)",Unfall 31405 (2021) Kat:3, Licht: 0,31405,3,3,5,10,15,5,0,0,1,1,0,0,0,0
"POINT (6.784635951000041 51.432463952000035)",Unfall 31438 (2021) Kat:3, Licht: 2,31438,3,2,6,11,17,3,1,2,0,1,1,0,0,0
"POINT (6.798157739000033 51.496536994000053)",Unfall 31506 (2021) Kat:3, Licht: 0,31506,3,2,4,11,14,2,1,0,0,1,0,0,0,0
"POINT (6.801084237000055 51.408570959000031)",Unfall 31513 (2021) Kat:2, Licht: 0,31513,2,7,7,3,9,2,0,0,0,1,0,0,1,0
"POINT (6.788144754000029 51.391210080000064)",Unfall 31533 (2021) Kat:3, Licht: 2,31533,3,7,6,12,21,1,1,2,0,1,1,0,0,0
"POINT (6.794204651000030 51.464997753000034)",Unfall 31556 (2021) Kat:3, Licht: 0,31556,3,7,0,4,18,6,0,0,1,1,0,0,0,0
"POINT (6.792611457000021 51.447858116000077)",Unfall 31592 (2021) Kat:3, Licht: 0,31592,3,6,3,5,15,6,0,0,0,1,0,0,1,0
"POINT (6.817804515000034 51.493080906000046)",Unfall 31623 (2021) Kat:2, Licht: 0,31623,2,6,1,9,13,6,0,0,0,1,0,0,0,1
"POINT (6.791147078000051 51.448258731000067)",Unfall 31627 (2021) Kat:3, Licht: 0,31627,3,2,3,9,8,3,0,0,1,1,0,0,0,0
"POINT (6.810510125000064 51.487432130000059)",Unfall 31631 (2021) Kat:3, Licht: 1,31631,3,1,9,5,19,2,0,1,0,1,0,0,0,0
"POINT (6.796008325000059 51.432475360000069)",Unfall 31652 (2021) Kat:3, Licht: 0,31652,3,1,2,11,16,3,0,0,0,1,0,0,0,0
"POINT (6.814151839000033 51.463601686000061)",Unfall 31659 (2021) Kat:3, Licht: 2,31659,3,3,5,1,19,2,1,2,0,1,0,0,0,0
"POINT (6.784190209000030 51.420967962000077)",Unfall 31662 (2021) Kat:2, Licht: 0,31662,2,2,6,2,7,7,2,0,0,1,1,0,0,0
"POINT (6.820975104000070 51.499506341000028)",Unfall 31667 (2021) Kat:3, Licht: 0,31667,3,6,2,4,14,6,0,0,0,1,0,0,0,1
"POINT (6.795100630000036 51.431174308000038)",Unfall 31688 (2021) Kat:3, Licht: 0,31688,3,5,1,2,13,4,1,0,0,1,1,0,0,0
"POINT (6.786727580000047 51.423139643000070)",Unfall 31701 (2021) Kat:3, Licht: 2,31701,3,2,2,2,21,5,0,2,0,1,0,0,0,0
"POINT (6.807933277000075 51.436353405000034)",Unfall 31730 (2021) Kat:3, Licht: 2,31730,3,1,9,2,21,3,2,2,0,1,0,0,0,0
"POINT (6.795418530000063 51.440690772000039)",Unfall 31740 (2021) Kat:3, Licht: 2,31740,3,5,1,11,23,6,1,2,1,1,0,0,0,0
"POINT (6.816752905000044 51.490904085000068)",Unfall 31806 (2021) Kat:3, Licht: 0,31806,3,6,2,9,12,5,0,0,0,0,0,0,1,0
"POINT (6.791368483000042 51.447253227000033)",Unfall 31810 (2021) Kat:3, Licht: 0,31810,3,7,5,10,15,7,0,0,0,1,0,0,0,0
"POINT (6.796645646000059 51.459799981000060)",Unfall 31835 (2021) Kat:2, Licht: 0,31835,2,7,0,3,15,6,0,0,1,0,0,0,0,0
"POINT (6.814756424000052 51.487041056000066)",Unfall 31842 (2021) Kat:3, Licht: 0,31842,3,6,2,1,12,2,0,0,0,1,0,0,0,0
"POINT (6.783681058000070 51.388110228000073)",Unfall 31845 (2021) Kat:3, Licht: 0,31845,3,1,0,11,13,7,1,0,0,0,0,1,0,0
"POINT (6.811867934000077 51.487332710000032)",Unfall 31909 (2021) Kat:3, Licht: 0,31909,3,6,2,5,14,4,0,0,0,1,0,0,0,0
"POINT (6.798514815000033 51.422948848000033)",Unfall 31915 (2021) Kat:3, Licht: 0,31915,3,6,3,10,18,3,1,0,0,1,0,0,1,0
"POINT (6.785296081000070 51.486217372000056)",Unfall 31939 (2021) Kat:3, Licht: 0,31939,3,6,3,12,10,3,0,0,0,1,0,0,1,0
"POINT (6.794509848000075 51.430341321000071)",Unfall 31964 (2021) Kat:3, Licht: 1,31964,3,2,5,7,20,7,0,1,1,1,0,0,0,0
"POINT (6.797183363000045 51.398699015000034)",Unfall 31965 (2021) Kat:2, Licht: 2,31965,2,1,6,2,19,3,0,2,1,0,1,0,0,0
"POINT (6.786180764000051 51.447667379000052)",Unfall 31988 (2021) Kat:3, Licht: 1,31988,3,6,2,12,7,4,1,1,0,1,0,0,0,0
"POINT (6.791730773000040 51.478907865000053)",Unfall 31990 (2021) Kat:3, Licht: 0,31990,3,7,1,9,12,4,0,0,0,0,0,1,1,0
"POINT (6.794534057000021 51.483569347000071)",Unfall 32013 (2021) Kat:3, Licht: 0,32013,3,6,2,10,16,2,0,0,0,1,0,0,0,0
"POINT (6.783772265000039 51.489566080000031)",Unfall 32025 (2021) Kat:3, Licht: 0,32025,3,2,5,6,5,3,0,0,0,1,0,0,0,0
"POINT (6.789418841000042 51.476072540000075)",Unfall 32027 (2021) Kat:3, Licht: 2,32027,3,3,5,11,18,6,0,2,1,1,0,0,0,0
"POINT (6.820493036000073 51.499124411000082)",Unfall 32029 (2021) Kat:3, Licht: 0,32029,3,6,1,2,14,3,0,0,0,0,0,0,1,0
"POINT (6.798607591000064 51.495413805000055)",Unfall 32061 (2021) Kat:2, Licht: 2,32061,2,3,5,5,5,3,1,2,1,1,0,0,0,0
"POINT (6.816088029000070 51.490101407000054)",Unfall 32079 (2021) Kat:3, Licht: 2,32079,3,6,2,10,6,5,1,2,0,1,0,0,0,0
"POINT (6.791152463000060 51.492803126000069)",Unfall 32083 (2021) Kat:3, Licht: 0,32083,3,4,6,5,8,5,1,0,0,1,1,0,0,0
"POINT (6.814141837000022 51.397473826000066)",Unfall 32115 (2021) Kat:3, Licht: 2,32115,3,1,9,12,20,1,0,2,0,1,0,0,0,0
"POINT (6.820106320000036 51.500017439000032)",Unfall 32122 (2021) Kat:3, Licht: 0,32122,3,3,5,6,15,4,0,0,1,0,0,1,0,0
"POINT (6.786853012000051 51.419228805000046)",Unfall 32155 (2021) Kat:2, Licht: 0,32155,2,1,2,2,15,3,0,0,0,1,0,1,0,0
"POINT (6.805047016000060 51.458495983000034)",Unfall 32187 (2021) Kat:3, Licht: 0,32187,3,6,2,12,15,2,0,0,0,0,0,0,1,0
"POINT (6.783831835000058 51.420426318000068)",Unfall 32206 (2021) Kat:3, Licht: 0,32206,3,3,0,4,13,7,0,0,1,1,0,0,0,0
"POINT (6.792943623000042 51.471578400000055)",Unfall 32231 (2021) Kat:3, Licht: 0,32231,3,3,5,5,15,7,0,0,1,1,0,0,0,0
"POINT (6.791147078000051 51.448258731000067)",Unfall 32266 (2021) Kat:3, Licht: 0,32266,3,7,0,4,18,2,0,0,1,0,0,0,0,0
"POINT (6.795893347000060 51.508559272000070)",Unfall 32292 (2021) Kat:3, Licht: 2,32292,3,1,7,11,20,3,0,2,0,1,0,0,0,0
"POINT (6.784635951000041 51.432463952000035)",Unfall 32302 (2021) Kat:3, Licht: 2,32302,3,6,2,1,5,2,0,2,0,1,0,0,0,0
"POINT (6.819028402000072 51.496119586000077)",Unfall 32358 (2021) Kat:3, Licht: 0,32358,3,6,1,7,12,5,1,0,0,1,0,0,0,0
"POINT (6.792802635000044 51.471374329000071)",Unfall 32362 (2021) Kat:3, Licht: 0,32362,3,3,5,7,17,3,0,0,1,1,0,0,0,0
"POINT (6.808186311000043 51.435933230000046)",Unfall 32369 (2021) Kat:3, Licht: 0,32369,3,6,3,9,14,5,0,0,0,1,0,0,0,0
"POINT (6.785754388000043 51.422293028000070)",Unfall 32395 (2021) Kat:2, Licht: 0,32395,2,4,6,1,15,4,0,0,0,1,1,0,0,0
"POINT (6.816384059000029 51.469870011000069)",Unfall 32443 (2021) Kat:3, Licht: 2,32443,3,6,2,12,7,2,0,2,0,1,0,0,0,0
"POINT (6.788689364000049 51.474752079000041)",Unfall 32485 (2021) Kat:2, Licht: 0,32485,2,7,5,7,9,7,0,0,0,1,0,1,0,0
"POINT (6.799112361000027 51.445395769000072)",Unfall 32521 (2021) Kat:3, Licht: 0,32521,3,6,3,12,15,6,0,0,0,1,0,0,1,0
"POINT (6.801811335000025 51.456732940000052)",Unfall 32603 (2021) Kat:3, Licht: 2,32603,3,6,2,1,8,2,0,2,0,0,0,0,0,1
"POINT (6.796159496000030 51.435608782000031)",Unfall 32607 (2021) Kat:3, Licht: 0,32607,3,3,5,3,16,4,0,0,1,1,0,0,0,0
"POINT (6.784067414000049 51.353076446000046)",Unfall 32618 (2021) Kat:2, Licht: 0,32618,2,3,5,3,16,6,0,0,0,1,0,1,0,0
"POINT (6.818706703000032 51.466989682000076)",Unfall 32638 (2021) Kat:3, Licht: 0,32638,3,5,0,6,19,5,0,0,1,1,0,0,0,1
"POINT (6.787630003000061 51.488129214000026)",Unfall 32656 (2021) Kat:3, Licht: 2,32656,3,1,6,9,19,5,0,2,0,1,1,0,0,0
"POINT (6.783806524000056 51.447107541000037)",Unfall 32665 (2021) Kat:3, Licht: 0,32665,3,6,2,6,16,2,0,0,0,1,0,0,1,0
"POINT (6.798574933000054 51.492950033000056)",Unfall 32702 (2021) Kat:2, Licht: 0,32702,2,2,5,2,12,7,0,0,0,1,0,0,0,1
"POINT (6.798502226000039 51.414237931000059)",Unfall 32737 (2021) Kat:2, Licht: 2,32737,2,6,9,3,22,5,1,2,0,1,0,0,0,0
"POINT (6.805963457000075 51.475674955000045)",Unfall 32794 (2021) Kat:2, Licht: 0,32794,2,1,1,6,11,5,0,0,0,1,0,0,0,1
"POINT (6.784531424000022 51.489337189000082)",Unfall 32798 (2021) Kat:2, Licht: 0,32798,2,7,0,3,16,2,0,0,0,0,0,0,0,1
"POINT (6.804085448000023 51.444226946000072)",Unfall 32831 (2021) Kat:3, Licht: 0,32831,3,6,2,10,16,7,0,0,0,1,0,0,1,0
"POINT (6.784968764000041 51.421619698000029)",Unfall 32856 (2021) Kat:3, Licht: 0,32856,3,6,0,11,8,7,0,0,1,0,0,0,0,0
"POINT (6.809854470000062 51.487394239000082)",Unfall 32862 (2021) Kat:3, Licht: 0,32862,3,6,2,9,16,6,0,0,0,1,0,0,0,1
"POINT (6.733060251000040 51.412707423000029)",Unfall 49738 (2021) Kat:3, Licht: 0,49738,3,6,0,8,10,5,0,0,0,0,0,1,0,0
"POINT (6.770834135000030 51.483233914000039)",Unfall 49746 (2021) Kat:3, Licht: 0,49746,3,6,2,8,7,3,0,0,0,1,0,0,1,0
"POINT (6.741880075000040 51.514109144000031)",Unfall 49781 (2021) Kat:3, Licht: 2,49781,3,1,0,8,21,2,0,2,1,0,0,0,0,0
"POINT (6.816359747000035 51.469154843000069)",Unfall 49792 (2021) Kat:3, Licht: 0,49792,3,6,2,8,11,2,0,0,0,1,0,0,0,1
"POINT (6.780261094000025 51.484959591000063)",Unfall 49802 (2021) Kat:2, Licht: 0,49802,2,6,3,7,13,5,0,0,0,1,0,0,1,0
"POINT (6.808528394000064 51.433179120000034)",Unfall 49803 (2021) Kat:3, Licht: 0,49803,3,6,2,7,16,4,1,0,0,1,0,0,0,1
"POINT (6.730382153000050 51.497996822000061)",Unfall 49814 (2021) Kat:2, Licht: 0,49814,2,7,0,4,11,1,1,0,1,0,0,0,0,0
"POINT (6.756834673000071 51.430521131000035)",Unfall 49821 (2021) Kat:3, Licht: 2,49821,3,6,4,8,22,5,0,2,0,1,0,0,0,0
"POINT (6.734957723000036 51.456019550000065)",Unfall 49848 (2021) Kat:2, Licht: 0,49848,2,3,5,8,18,3,0,0,0,1,0,1,0,0
"POINT (6.741725649000045 51.527345140000079)",Unfall 49858 (2021) Kat:3, Licht: 0,49858,3,7,6,7,16,7,0,0,0,0,1,0,0,1
"POINT (6.778328535000071 51.452568950000057)",Unfall 49861 (2021) Kat:3, Licht: 0,49861,3,6,2,5,18,1,0,0,0,1,0,0,0,0
"POINT (6.751418924000063 51.403418071000033)",Unfall 49883 (2021) Kat:3, Licht: 1,49883,3,6,2,8,7,2,0,1,0,1,0,1,0,0
"POINT (6.727541271000064 51.391483888000039)",Unfall 49899 (2021) Kat:3, Licht: 2,49899,3,3,3,8,4,5,1,2,1,1,0,0,0,0
"POINT (6.792211857000041 51.493024683000044)",Unfall 49904 (2021) Kat:2, Licht: 0,49904,2,1,0,8,17,7,0,0,1,0,0,0,0,0
"POINT (6.696788270000070 51.419391274000077)",Unfall 49910 (2021) Kat:3, Licht: 2,49910,3,3,5,7,21,3,0,2,0,1,0,0,0,0
"POINT (6.752428884000039 51.488221937000048)",Unfall 49918 (2021) Kat:3, Licht: 0,49918,3,1,8,8,20,5,0,0,0,1,0,0,0,0
"POINT (6.759004620000042 51.377762389000054)",Unfall 49943 (2021) Kat:3, Licht: 0,49943,3,5,0,7,16,7,0,0,1,1,0,0,0,0
"POINT (6.716646611000044 51.539658214000042)",Unfall 49966 (2021) Kat:3, Licht: 0,49966,3,7,6,8,8,5,0,0,0,1,1,0,0,0
"POINT (6.758763663000025 51.386667220000049)",Unfall 49977 (2021) Kat:3, Licht: 0,49977,3,3,5,8,13,2,0,0,0,1,0,0,0,0
"POINT (6.761532606000060 51.444012019000070)",Unfall 49983 (2021) Kat:3, Licht: 2,49983,3,1,9,7,21,7,0,2,0,1,0,0,0,0
"POINT (6.792133594000063 51.485067440000080)",Unfall 49997 (2021) Kat:3, Licht: 0,49997,3,6,2,8,14,3,0,0,0,1,0,0,0,1
"POINT (6.700881372000026 51.425943465000046)",Unfall 50015 (2021) Kat:2, Licht: 2,50015,2,1,8,8,21,1,1,2,0,1,0,0,0,0
"POINT (6.792110966000052 51.466285735000042)",Unfall 50025 (2021) Kat:3, Licht: 0,50025,3,6,4,8,16,6,0,0,1,0,0,0,0,0
"POINT (6.705322844000023 51.532830073000071)",Unfall 50045 (2021) Kat:2, Licht: 0,50045,2,7,1,8,15,6,0,0,0,1,0,0,0,1
"POINT (6.733701322000059 51.477555282000026)",Unfall 50052 (2021) Kat:3, Licht: 0,50052,3,7,6,7,16,5,0,0,0,1,1,0,0,0
"POINT (6.771617991000028 51.525457255000049)",Unfall 50060 (2021) Kat:3, Licht: 1,50060,3,6,5,8,4,3,0,1,0,0,0,1,0,1
"POINT (6.784193174000052 51.432427924000081)",Unfall 50078 (2021) Kat:3, Licht: 0,50078,3,6,1,8,16,2,0,0,0,1,0,0,0,0
"POINT (6.794810658000074 51.430765416000042)",Unfall 50095 (2021) Kat:3, Licht: 0,50095,3,5,1,8,7,2,0,0,1,1,0,0,0,0
"POINT (6.660036607000052 51.487082696000073)",Unfall 50116 (2021) Kat:3, Licht: 0,50116,3,1,8,7,14,4,0,0,0,1,0,0,0,0
"POINT (6.741273577000072 51.454588348000073)",Unfall 50140 (2021) Kat:3, Licht: 0,50140,3,3,0,8,17,7,0,0,1,1,0,0,0,0
"POINT (6.798220848000028 51.446506671000066)",Unfall 50179 (2021) Kat:3, Licht: 0,50179,3,6,3,8,10,4,0,0,0,1,0,0,1,0
"POINT (6.736296114000027 51.378483484000071)",Unfall 50195 (2021) Kat:3, Licht: 0,50195,3,1,0,7,13,4,0,0,1,0,0,0,0,0
"POINT (6.766886258000056 51.467946486000073)",Unfall 50198 (2021) Kat:3, Licht: 0,50198,3,6,2,6,7,2,0,0,0,1,0,0,0,0
"POINT (6.754335210000022 51.435613166000053)",Unfall 50210 (2021) Kat:3, Licht: 0,50210,3,6,2,8,13,2,0,0,0,1,0,0,0,0
"POINT (6.761707773000069 51.500460774000032)",Unfall 50227 (2021) Kat:3, Licht: 0,50227,3,7,0,8,12,7,0,0,0,0,0,0,0,1
"POINT (6.749693118000039 51.498090009000066)",Unfall 50246 (2021) Kat:3, Licht: 0,50246,3,2,5,8,15,2,1,0,0,1,0,0,0,0
"POINT (6.806723794000050 51.430277704000048)",Unfall 50252 (2021) Kat:3, Licht: 0,50252,3,6,2,8,13,7,0,0,0,1,0,0,0,0
"POINT (6.798816917000067 51.446049776000052)",Unfall 50260 (2021) Kat:3, Licht: 0,50260,3,6,2,8,15,2,0,0,0,1,0,0,0,0
"POINT (6.816250196000055 51.490414236000049)",Unfall 50316 (2021) Kat:2, Licht: 1,50316,2,6,1,8,5,2,0,1,0,1,0,0,1,0
"POINT (6.765670891000070 51.378855244000079)",Unfall 50319 (2021) Kat:2, Licht: 0,50319,2,3,5,7,14,6,0,0,1,1,0,0,0,0
"POINT (6.718839919000061 51.456589660000077)",Unfall 50340 (2021) Kat:3, Licht: 0,50340,3,3,5,8,13,3,0,0,1,1,0,0,0,0
"POINT (6.816058769000051 51.467192798000042)",Unfall 50358 (2021) Kat:3, Licht: 0,50358,3,6,2,7,14,1,0,0,0,1,0,0,0,0
"POINT (6.800181916000042 51.485051341000030)",Unfall 50370 (2021) Kat:3, Licht: 0,50370,3,6,3,6,6,2,0,0,0,1,0,0,1,0
"POINT (6.708907826000029 51.397747761000062)",Unfall 50374 (2021) Kat:3, Licht: 1,50374,3,3,5,7,19,5,0,1,0,1,0,0,0,0
"POINT (6.729585863000068 51.456192276000081)",Unfall 50381 (2021) Kat:3, Licht: 1,50381,3,7,9,7,20,3,1,1,0,1,0,0,0,0
"POINT (6.750836877000040 51.507593076000035)",Unfall 50388 (2021) Kat:3, Licht: 0,50388,3,3,5,8,11,7,0,0,0,1,0,0,0,0
"POINT (6.818858008000063 51.495206603000042)",Unfall 50456 (2021) Kat:3, Licht: 0,50456,3,6,2,7,10,2,0,0,0,1,0,0,0,0
"POINT (6.794374861000051 51.443213530000037)",Unfall 50472 (2021) Kat:3, Licht: 0,50472,3,3,5,8,9,4,0,0,1,1,0,0,0,0
"POINT (6.703846560000045 51.454243954000049)",Unfall 50473 (2021) Kat:3, Licht: 0,50473,3,3,5,7,12,6,0,0,0,1,0,0,0,0
"POINT (6.750850122000031 51.397919751000074)",Unfall 50494 (2021) Kat:2, Licht: 0,50494,2,2,3,7,13,5,0,0,1,1,0,0,0,0
"POINT (6.753646141000047 51.417118663000053)",Unfall 50519 (2021) Kat:3, Licht: 0,50519,3,5,3,8,13,7,0,0,1,1,0,0,0,0
"POINT (6.775206052000044 51.512631813000041)",Unfall 50522 (2021) Kat:2, Licht: 0,50522,2,7,5,7,19,6,0,0,1,1,0,0,0,0
"POINT (6.784858358000065 51.421529622000037)",Unfall 50537 (2021) Kat:3, Licht: 0,50537,3,6,1,7,12,6,0,0,0,1,0,0,0,1
"POINT (6.752912560000027 51.414821969000059)",Unfall 50551 (2021) Kat:3, Licht: 0,50551,3,3,5,7,18,5,0,0,0,1,0,1,0,0
"POINT (6.791570055000022 51.447763312000063)",Unfall 50563 (2021) Kat:3, Licht: 0,50563,3,6,3,8,15,6,0,0,0,1,0,0,1,0
"POINT (6.771900213000038 51.437739062000048)",Unfall 50589 (2021) Kat:3, Licht: 0,50589,3,2,5,8,10,7,1,0,0,1,0,0,0,0
"POINT (6.770966461000057 51.497394517000032)",Unfall 50616 (2021) Kat:3, Licht: 0,50616,3,3,5,8,7,5,0,0,0,1,0,0,0,0
"POINT (6.759100346000025 51.428235985000072)",Unfall 50622 (2021) Kat:3, Licht: 0,50622,3,6,2,8,10,7,0,0,0,1,0,0,0,0
"POINT (6.771407034000049 51.487332721000030)",Unfall 50627 (2021) Kat:3, Licht: 0,50627,3,7,2,7,19,1,0,0,0,1,0,0,0,0
"POINT (6.789025532000039 51.432981336000068)",Unfall 50646 (2021) Kat:3, Licht: 0,50646,3,3,5,5,12,5,0,0,1,1,0,0,0,0
"POINT (6.789974941000025 51.425813501000050)",Unfall 50676 (2021) Kat:3, Licht: 0,50676,3,7,0,7,15,2,0,0,1,1,0,0,0,0
"POINT (6.772861842000054 51.494124387000056)",Unfall 50712 (2021) Kat:3, Licht: 0,50712,3,4,6,8,18,6,1,0,0,0,1,0,0,1
"POINT (6.770688129000064 51.417935657000044)",Unfall 50717 (2021) Kat:3, Licht: 0,50717,3,1,2,4,8,3,0,0,0,1,0,0,0,0
"POINT (6.705841487000043 51.455049001000077)",Unfall 50728 (2021) Kat:3, Licht: 0,50728,3,6,4,8,18,2,0,0,1,0,0,0,0,0
"POINT (6.759069226000065 51.390386107000040)",Unfall 50745 (2021) Kat:3, Licht: 0,50745,3,6,2,8,15,2,0,0,0,1,0,0,0,0
"POINT (6.758978358000036 51.527052852000054)",Unfall 50749 (2021) Kat:3, Licht: 0,50749,3,6,2,8,13,7,0,0,0,1,0,0,0,0
"POINT (6.719682988000045 51.406666238000071)",Unfall 50757 (2021) Kat:3, Licht: 2,50757,3,2,6,8,21,5,0,2,0,1,1,0,0,0
"POINT (6.799160525000048 51.451648525000053)",Unfall 50805 (2021) Kat:3, Licht: 0,50805,3,6,2,8,14,7,0,0,0,1,0,0,0,0
"POINT (6.759952543000054 51.395360951000043)",Unfall 50825 (2021) Kat:2, Licht: 0,50825,2,6,2,8,13,7,0,0,0,1,0,0,0,0
"POINT (6.690267758000061 51.468388719000075)",Unfall 50830 (2021) Kat:3, Licht: 0,50830,3,1,8,7,14,5,0,0,0,1,0,0,0,0
"POINT (6.801743140000042 51.485719147000054)",Unfall 50840 (2021) Kat:3, Licht: 0,50840,3,6,2,8,17,6,0,0,0,1,0,0,0,0
"POINT (6.699102735000054 51.452516926000044)",Unfall 50881 (2021) Kat:3, Licht: 0,50881,3,3,5,8,13,5,0,0,0,1,0,0,0,0
"POINT (6.765235826000037 51.471229127000072)",Unfall 50885 (2021) Kat:3, Licht: 0,50885,3,6,2,8,14,7,0,0,0,1,0,0,0,0
"POINT (6.712049323000031 51.412624637000079)",Unfall 50886 (2021) Kat:3, Licht: 0,50886,3,7,0,8,16,4,0,0,0,0,0,0,0,1
"POINT (6.719256528000074 51.438195430000064)",Unfall 50925 (2021) Kat:3, Licht: 0,50925,3,6,2,5,15,3,0,0,0,0,0,0,1,1
"POINT (6.728968713000029 51.479962461000071)",Unfall 50938 (2021) Kat:3, Licht: 0,50938,3,1,8,8,6,4,0,0,0,1,0,0,0,0
"POINT (6.780688620000035 51.490547472000060)",Unfall 50959 (2021) Kat:3, Licht: 0,50959,3,1,2,8,6,3,1,0,0,0,0,0,0,1
"POINT (6.730614277000029 51.411346046000062)",Unfall 50966 (2021) Kat:3, Licht: 0,50966,3,3,0,8,14,3,1,0,0,1,0,0,0,0
"POINT (6.749527561000036 51.386726720000070)",Unfall 50998 (2021) Kat:3, Licht: 0,50998,3,3,5,8,14,6,0,0,1,1,0,0,0,0
"POINT (6.778886912000075 51.484437437000054)",Unfall 51018 (2021) Kat:2, Licht: 0,51018,2,6,3,7,15,4,0,0,0,1,0,0,1,0
"POINT (6.738827410000056 51.537850379000076)",Unfall 51027 (2021) Kat:3, Licht: 0,51027,3,6,2,8,11,3,0,0,0,1,0,0,0,0
"POINT (6.795793000000060 51.433288944000026)",Unfall 51040 (2021) Kat:3, Licht: 0,51040,3,3,5,8,17,2,1,0,0,1,0,0,0,1
"POINT (6.751308600000073 51.402657352000062)",Unfall 51060 (2021) Kat:1, Licht: 0,51060,1,2,5,4,11,1,0,0,0,1,0,0,0,0
"POINT (6.733228594000025 51.479636836000054)",Unfall 51072 (2021) Kat:3, Licht: 0,51072,3,3,5,7,8,6,0,0,0,1,0,0,0,1
"POINT (6.742850804000057 51.524889880000046)",Unfall 51081 (2021) Kat:3, Licht: 0,51081,3,2,3,8,16,7,0,0,1,1,0,0,0,0