WKT,Name,OBJECTID,UKATEGORIE,UTYP1,UART,UMONAT,USTUNDE,UWOCHENTAG,STRZUSTAND,ULICHTVERH,ISTRAD,ISTPKW,ISTFUSS,ISTKRAD,ISTGKFZ,ISTSONSTIG
"POINT (6.763101271000039 51.489055356000051)",Unfall 51082 (2021) Kat:2, Licht: 0,51082,2,3,5,8,20,7,1,0,0,1,0,0,0,0
"POINT (6.701250329000061 51.415343203000077)",Unfall 51089 (2021) Kat:3, Licht: 0,51089,3,1,2,8,16,3,0,0,0,1,0,0,0,0
"POINT (6.786749797000027 51.486342418000049)",Unfall 51098 (2021) Kat:3, Licht: 0,51098,3,6,2,8,7,2,0,0,0,1,0,0,0,0
"POINT (6.765377433000026 51.406270396000082)",Unfall 51104 (2021) Kat:3, Licht: 0,51104,3,7,1,8,10,6,0,0,0,1,0,0,1,0
"POINT (6.764080530000058 51.498547609000070)",Unfall 51109 (2021) Kat:2, Licht: 0,51109,2,6,2,8,13,1,0,0,0,1,0,0,0,0
"POINT (6.765927571000020 51.473860011000056)",Unfall 51126 (2021) Kat:3, Licht: 2,51126,3,7,7,2,6,4,0,2,0,1,0,0,1,0
"POINT (6.738714824000056 51.515734448000046)",Unfall 51131 (2021) Kat:3, Licht: 2,51131,3,3,5,7,20,7,1,2,0,1,0,0,0,0
"POINT (6.754922249000060 51.424765852000064)",Unfall 51146 (2021) Kat:3, Licht: 1,51146,3,1,0,8,21,1,1,1,0,0,0,1,0,0
"POINT (6.815662830000065 51.487128537000046)",Unfall 51155 (2021) Kat:3, Licht: 0,51155,3,1,9,7,17,7,0,0,0,0,0,1,0,0
"POINT (6.793208214000060 51.453470681000056)",Unfall 51157 (2021) Kat:3, Licht: 0,51157,3,7,3,7,16,5,0,0,0,1,0,1,0,0
"POINT (6.774278549000030 51.463676964000058)",Unfall 51177 (2021) Kat:3, Licht: 2,51177,3,6,4,8,21,4,0,2,1,1,0,0,0,0
"POINT (6.772000782000021 51.405321064000077)",Unfall 51178 (2021) Kat:3, Licht: 0,51178,3,6,2,8,18,4,0,0,0,1,0,0,0,0
"POINT (6.759100346000025 51.428235985000072)",Unfall 51190 (2021) Kat:3, Licht: 0,51190,3,2,4,8,10,5,0,0,0,1,0,0,0,0
"POINT (6.718839919000061 51.456589660000077)",Unfall 51199 (2021) Kat:3, Licht: 0,51199,3,3,5,8,17,4,0,0,1,1,0,0,0,0
"POINT (6.754085439000050 51.418608666000068)",Unfall 51204 (2021) Kat:3, Licht: 0,51204,3,3,5,8,9,4,0,0,0,1,0,0,0,1
"POINT (6.703610342000047 51.454166785000041)",Unfall 51234 (2021) Kat:3, Licht: 0,51234,3,6,1,1,16,6,0,0,0,1,0,0,0,0
"POINT (6.781161175000022 51.485551651000037)",Unfall 51249 (2021) Kat:3, Licht: 0,51249,3,6,0,4,13,5,0,0,0,1,0,0,0,0
"POINT (6.754703738000046 51.432853279000028)",Unfall 51250 (2021) Kat:3, Licht: 2,51250,3,2,1,8,3,6,0,2,1,1,0,0,0,0
"POINT (6.688155834000042 51.417903254000066)",Unfall 51282 (2021) Kat:3, Licht: 0,51282,3,1,8,8,12,7,0,0,0,1,0,0,0,0
"POINT (6.782573773000024 51.432289893000075)",Unfall 51310 (2021) Kat:3, Licht: 0,51310,3,3,5,8,8,2,1,0,1,0,0,0,0,1
"POINT (6.753826831000026 51.372116083000037)",Unfall 51335 (2021) Kat:3, Licht: 2,51335,3,3,5,8,20,3,0,2,1,1,0,0,0,0
"POINT (6.780876037000041 51.355373178000036)",Unfall 51340 (2021) Kat:2, Licht: 0,51340,2,6,2,8,14,7,0,0,1,1,0,0,0,0
"POINT (6.702998634000039 51.449530133000053)",Unfall 51394 (2021) Kat:3, Licht: 2,51394,3,2,1,7,23,2,1,2,0,1,0,0,0,0
"POINT (6.771646509000050 51.494689035000079)",Unfall 51402 (2021) Kat:3, Licht: 0,51402,3,7,5,7,16,2,0,0,0,1,0,0,0,1
"POINT (6.731403697000076 51.456240996000076)",Unfall 51403 (2021) Kat:3, Licht: 0,51403,3,7,0,8,16,3,0,0,1,0,0,0,0,0
"POINT (6.762391713000056 51.434323284000072)",Unfall 53473 (2021) Kat:3, Licht: 1,53473,3,2,5,7,20,1,0,1,0,1,0,0,0,0
"POINT (6.765433468000026 51.485231430000056)",Unfall 53670 (2021) Kat:3, Licht: 0,53670,3,3,5,6,13,7,0,0,0,1,0,0,1,0
"POINT (6.743938295000021 51.446380293000061)",Unfall 53675 (2021) Kat:2, Licht: 0,53675,2,2,3,7,16,2,0,0,1,0,0,0,1,0
"POINT (6.792588689000070 51.447860413000058)",Unfall 53761 (2021) Kat:3, Licht: 0,53761,3,6,3,8,11,5,0,0,0,1,0,0,1,0
"POINT (6.741409655000041 51.480261040000073)",Unfall 53796 (2021) Kat:2, Licht: 0,53796,2,4,6,8,13,2,0,0,1,0,1,0,0,0
"POINT (6.803550778000044 51.405946870000037)",Unfall 53865 (2021) Kat:3, Licht: 0,53865,3,6,3,5,16,7,0,0,0,1,0,0,0,0
"POINT (6.754567004000023 51.438939594000033)",Unfall 53883 (2021) Kat:3, Licht: 0,53883,3,2,5,8,11,5,0,0,1,1,0,0,0,0
"POINT (6.750232144000051 51.435544637000078)",Unfall 53921 (2021) Kat:2, Licht: 2,53921,2,1,7,8,5,3,1,2,0,1,0,0,0,1
"POINT (6.686083389000032 51.444981571000028)",Unfall 53926 (2021) Kat:3, Licht: 0,53926,3,6,2,8,19,4,0,0,0,1,0,0,0,0
"POINT (6.664400390000026 51.484474839000029)",Unfall 54216 (2021) Kat:2, Licht: 0,54216,2,1,8,8,19,6,1,0,0,1,0,0,1,0
"POINT (6.809031540000035 51.487324494000063)",Unfall 54272 (2021) Kat:3, Licht: 0,54272,3,6,3,8,12,2,0,0,0,1,0,0,1,0
"POINT (6.796633358000065 51.447032559000036)",Unfall 54315 (2021) Kat:3, Licht: 0,54315,3,6,2,8,11,3,0,0,0,1,0,0,1,1
"POINT (6.797641559000056 51.422165997000036)",Unfall 54419 (2021) Kat:2, Licht: 0,54419,2,1,9,8,19,7,1,0,0,1,0,0,0,0
"POINT (6.754413604000035 51.422845908000056)",Unfall 54430 (2021) Kat:3, Licht: 0,54430,3,6,3,4,14,2,0,0,0,1,0,1,0,0
"POINT (6.783206208000024 51.485972921000041)",Unfall 54647 (2021) Kat:3, Licht: 0,54647,3,6,3,7,16,6,0,0,0,1,0,0,1,0
"POINT (6.726916674000051 51.543603824000058)",Unfall 155220 (2021) Kat:3, Licht: 0,155220,3,3,5,4,11,5,0,0,1,1,0,0,0,0
"POINT (6.664538258000050 51.397360197000069)",Unfall 155222 (2021) Kat:3, Licht: 0,155222,3,7,0,6,7,2,0,0,1,1,0,0,0,0
"POINT (6.712605894000035 51.421048836000068)",Unfall 155226 (2021) Kat:3, Licht: 0,155226,3,7,0,10,13,1,0,0,0,0,0,1,0,0
"POINT (6.739863061000051 51.441661252000074)",Unfall 155227 (2021) Kat:3, Licht: 2,155227,3,3,0,1,20,5,0,2,0,0,0,0,1,0
"POINT (6.706156148000048 51.406275526000059)",Unfall 155233 (2021) Kat:3, Licht: 0,155233,3,2,5,9,18,3,0,0,1,1,0,0,0,0
"POINT (6.757839327000056 51.429359486000067)",Unfall 155234 (2021) Kat:3, Licht: 0,155234,3,7,6,4,17,4,0,0,0,1,1,0,0,0
"POINT (6.735690118000036 51.524754827000038)",Unfall 155237 (2021) Kat:2, Licht: 0,155237,2,7,7,6,17,2,0,0,0,1,0,0,0,1
"POINT (6.778567528000053 51.430603905000055)",Unfall 155244 (2021) Kat:3, Licht: 0,155244,3,2,5,9,10,2,0,0,1,1,0,0,0,0
"POINT (6.763583871000037 51.405032755000036)",Unfall 155249 (2021) Kat:3, Licht: 0,155249,3,4,6,4,16,6,0,0,0,1,1,0,0,0
"POINT (6.720280202000026 51.405938644000059)",Unfall 155256 (2021) Kat:3, Licht: 0,155256,3,6,9,5,17,7,0,0,0,1,0,0,0,0
"POINT (6.680732526000043 51.447320929000057)",Unfall 155261 (2021) Kat:3, Licht: 0,155261,3,1,0,6,10,3,0,0,1,0,0,0,0,0
"POINT (6.734969679000073 51.453908017000060)",Unfall 155262 (2021) Kat:3, Licht: 0,155262,3,1,0,9,12,4,0,0,1,0,0,0,0,0
"POINT (6.707311731000061 51.449834043000067)",Unfall 155269 (2021) Kat:3, Licht: 2,155269,3,3,5,12,17,6,1,2,1,1,0,0,0,0
"POINT (6.751221233000024 51.502155362000053)",Unfall 155274 (2021) Kat:3, Licht: 2,155274,3,2,6,10,20,1,0,2,0,1,1,0,0,0
"POINT (6.708842988000072 51.398512029000074)",Unfall 155282 (2021) Kat:3, Licht: 0,155282,3,7,1,9,17,2,0,0,0,1,0,1,0,0
"POINT (6.758938456000067 51.463380956000037)",Unfall 155283 (2021) Kat:3, Licht: 0,155283,3,1,8,12,11,1,1,0,0,1,0,0,0,0
"POINT (6.730528378000031 51.453045040000063)",Unfall 155286 (2021) Kat:2, Licht: 2,155286,2,6,7,6,3,6,0,2,1,1,0,0,0,0
"POINT (6.765030144000036 51.434758944000066)",Unfall 155287 (2021) Kat:3, Licht: 2,155287,3,4,6,11,17,5,1,2,0,1,1,0,0,0
"POINT (6.757272741000065 51.419689770000048)",Unfall 155289 (2021) Kat:2, Licht: 0,155289,2,1,0,2,16,5,2,0,0,0,0,1,0,0
"POINT (6.654973911000070 51.394034217000069)",Unfall 155291 (2021) Kat:3, Licht: 0,155291,3,6,6,5,16,5,1,0,0,1,1,0,0,0
"POINT (6.700617464000061 51.460403222000082)",Unfall 155292 (2021) Kat:3, Licht: 2,155292,3,6,1,10,7,6,0,2,0,1,0,0,0,1
"POINT (6.672576047000064 51.497393836000072)",Unfall 155294 (2021) Kat:3, Licht: 0,155294,3,2,5,7,11,7,0,0,1,1,0,0,0,0
"POINT (6.764226695000048 51.379185623000069)",Unfall 155298 (2021) Kat:2, Licht: 1,155298,2,2,0,12,8,6,1,1,1,0,0,0,0,0
"POINT (6.741499605000058 51.538558854000030)",Unfall 155303 (2021) Kat:3, Licht: 0,155303,3,7,0,9,17,5,0,0,0,0,0,1,0,0
"POINT (6.718838356000049 51.453973954000048)",Unfall 155307 (2021) Kat:2, Licht: 0,155307,2,7,9,5,14,6,0,0,0,1,0,0,0,0
"POINT (6.765363087000026 51.491626996000036)",Unfall 155315 (2021) Kat:3, Licht: 1,155315,3,3,0,9,20,2,0,1,1,1,0,0,0,0
"POINT (6.754592022000054 51.382486645000029)",Unfall 155317 (2021) Kat:3, Licht: 2,155317,3,2,5,2,20,7,0,2,1,1,0,0,0,0
"POINT (6.710522887000025 51.407046876000038)",Unfall 155319 (2021) Kat:3, Licht: 2,155319,3,7,6,12,7,4,0,2,0,1,1,0,0,0
"POINT (6.778252305000024 51.427362051000046)",Unfall 155322 (2021) Kat:3, Licht: 0,155322,3,3,0,3,11,3,0,0,1,1,0,0,0,0
"POINT (6.733099487000061 51.466072756000074)",Unfall 155325 (2021) Kat:3, Licht: 0,155325,3,6,6,11,15,4,0,0,0,1,1,0,0,0
"POINT (6.752957088000073 51.504646453000078)",Unfall 155328 (2021) Kat:3, Licht: 0,155328,3,3,5,9,19,4,0,0,1,1,0,0,0,0
"POINT (6.685347942000021 51.427164589000029)",Unfall 155329 (2021) Kat:3, Licht: 1,155329,3,3,5,3,7,3,0,1,1,1,0,0,0,0
"POINT (6.764020343000027 51.412225761000059)",Unfall 155343 (2021) Kat:3, Licht: 0,155343,3,3,5,9,12,6,0,0,1,1,0,0,0,0
"POINT (6.745858265000038 51.441419944000074)",Unfall 155344 (2021) Kat:3, Licht: 0,155344,3,7,0,7,15,2,0,0,0,1,1,0,0,0
"POINT (6.753132302000040 51.506079093000039)",Unfall 155345 (2021) Kat:3, Licht: 0,155345,3,3,5,9,13,6,0,0,0,1,0,0,0,0
"POINT (6.682267609000064 51.446994855000071)",Unfall 155346 (2021) Kat:3, Licht: 0,155346,3,3,5,10,10,6,0,0,0,1,0,0,0,0
"POINT (6.759943478000025 51.373779870000078)",Unfall 155355 (2021) Kat:3, Licht: 0,155355,3,1,9,5,12,2,0,0,1,0,0,0,0,0
"POINT (6.739267286000029 51.517816477000054)",Unfall 155360 (2021) Kat:3, Licht: 0,155360,3,3,5,6,5,2,0,0,0,1,0,0,0,0
"POINT (6.658243547000041 51.401288689000069)",Unfall 155366 (2021) Kat:3, Licht: 0,155366,3,3,0,6,10,6,0,0,1,1,0,0,0,0
"POINT (6.765456803000063 51.431112203000055)",Unfall 155371 (2021) Kat:3, Licht: 2,155371,3,6,2,12,17,4,1,2,0,1,0,0,0,0
"POINT (6.748368754000069 51.416689460000043)",Unfall 155372 (2021) Kat:3, Licht: 0,155372,3,3,5,10,15,4,0,0,1,1,0,0,0,0
"POINT (6.756303412000022 51.431343532000028)",Unfall 155373 (2021) Kat:3, Licht: 0,155373,3,5,1,6,14,3,0,0,0,1,0,1,0,0
"POINT (6.687562720000074 51.383278937000057)",Unfall 155374 (2021) Kat:2, Licht: 1,155374,2,3,5,3,17,5,1,1,0,1,0,1,0,0
"POINT (6.706156148000048 51.406275526000059)",Unfall 155376 (2021) Kat:3, Licht: 0,155376,3,2,4,11,13,3,0,0,0,1,0,0,0,0
"POINT (6.777072746000044 51.402786012000035)",Unfall 155377 (2021) Kat:3, Licht: 0,155377,3,3,5,11,14,5,0,0,0,1,0,0,0,0
"POINT (6.715204631000063 51.455741817000046)",Unfall 155386 (2021) Kat:3, Licht: 0,155386,3,1,0,9,19,2,0,0,1,0,0,0,0,0
"POINT (6.703530032000060 51.405139300000030)",Unfall 155387 (2021) Kat:3, Licht: 0,155387,3,7,0,9,12,2,0,0,1,0,0,0,0,0
"POINT (6.776052496000034 51.491726290000031)",Unfall 155388 (2021) Kat:3, Licht: 0,155388,3,3,5,5,10,3,0,0,1,1,0,0,0,0
"POINT (6.772624039000050 51.490987878000055)",Unfall 155391 (2021) Kat:3, Licht: 2,155391,3,7,1,11,18,4,0,2,0,1,0,0,0,0
"POINT (6.767828088000044 51.415509102000044)",Unfall 155401 (2021) Kat:3, Licht: 0,155401,3,2,5,3,14,4,0,0,0,1,0,0,0,0
"POINT (6.723063859000035 51.543322524000075)",Unfall 155403 (2021) Kat:3, Licht: 0,155403,3,1,6,11,15,6,0,0,0,1,1,0,0,0
"POINT (6.758412769000074 51.392893510000079)",Unfall 155407 (2021) Kat:3, Licht: 2,155407,3,6,1,2,18,6,0,2,0,1,0,0,0,0
"POINT (6.658250488000022 51.399412595000058)",Unfall 155417 (2021) Kat:3, Licht: 0,155417,3,5,5,6,9,6,0,0,1,1,0,0,0,0
"POINT (6.707139321000056 51.393153629000039)",Unfall 155418 (2021) Kat:3, Licht: 0,155418,3,7,6,11,13,3,1,0,0,1,1,0,0,0
"POINT (6.711938943000064 51.405461731000059)",Unfall 155421 (2021) Kat:3, Licht: 0,155421,3,6,3,6,9,4,0,0,0,1,0,0,0,1
"POINT (6.765037850000056 51.383956787000045)",Unfall 155423 (2021) Kat:3, Licht: 2,155423,3,2,6,12,17,6,1,2,0,1,1,0,0,0
"POINT (6.747172413000044 51.508911887000068)",Unfall 155424 (2021) Kat:3, Licht: 0,155424,3,6,2,2,11,5,1,0,0,1,0,0,0,0
"POINT (6.755697445000067 51.482425796000030)",Unfall 155425 (2021) Kat:3, Licht: 0,155425,3,1,0,2,13,6,2,0,0,0,0,1,0,0
"POINT (6.686496623000039 51.456067551000046)",Unfall 155426 (2021) Kat:3, Licht: 2,155426,3,1,9,9,5,1,0,2,0,1,0,0,0,0
"POINT (6.773736397000050 51.489705581000067)",Unfall 155432 (2021) Kat:2, Licht: 2,155432,2,3,5,7,0,4,1,2,0,1,0,0,0,0
"POINT (6.732135713000048 51.543640064000044)",Unfall 155433 (2021) Kat:3, Licht: 0,155433,3,3,5,5,16,2,0,0,0,1,0,0,0,0
"POINT (6.752953512000033 51.504671084000051)",Unfall 155436 (2021) Kat:2, Licht: 2,155436,2,2,8,10,1,5,0,2,0,1,0,0,0,1
"POINT (6.776950263000060 51.494469012000081)",Unfall 155443 (2021) Kat:3, Licht: 0,155443,3,6,2,10,22,7,0,0,0,1,0,0,0,0
"POINT (6.662380464000023 51.397389978000035)",Unfall 155446 (2021) Kat:3, Licht: 0,155446,3,3,0,6,11,4,0,0,1,1,0,0,0,0
"POINT (6.761837949000039 51.460837884000057)",Unfall 155447 (2021) Kat:3, Licht: 0,155447,3,2,5,6,11,5,0,0,1,1,0,0,0,0
"POINT (6.751940243000035 51.499576137000076)",Unfall 155448 (2021) Kat:3, Licht: 0,155448,3,7,0,2,7,6,0,0,1,1,0,0,0,0
"POINT (6.757804693000026 51.467144255000051)",Unfall 155458 (2021) Kat:3, Licht: 0,155458,3,6,0,6,15,1,0,0,0,1,0,0,0,1
"POINT (6.672875021000038 51.418932372000029)",Unfall 155460 (2021) Kat:3, Licht: 0,155460,3,7,0,5,17,1,0,0,1,0,0,0,0,0
"POINT (6.766656212000044 51.465757717000031)",Unfall 155462 (2021) Kat:3, Licht: 0,155462,3,3,5,12,15,2,1,0,0,1,0,0,0,0
"POINT (6.714053625000076 51.413400722000063)",Unfall 155466 (2021) Kat:3, Licht: 2,155466,3,3,5,10,21,5,0,2,0,1,0,0,0,0
"POINT (6.701250329000061 51.415343203000077)",Unfall 155468 (2021) Kat:3, Licht: 0,155468,3,3,0,6,15,4,0,0,1,1,0,0,0,0
"POINT (6.700024477000056 51.401093043000060)",Unfall 155479 (2021) Kat:3, Licht: 2,155479,3,5,3,11,18,6,0,2,1,1,0,0,0,0
"POINT (6.746899475000021 51.421414882000079)",Unfall 155480 (2021) Kat:3, Licht: 0,155480,3,6,2,6,9,5,0,0,0,1,0,0,1,0
"POINT (6.757483286000024 51.417147478000061)",Unfall 155481 (2021) Kat:3, Licht: 0,155481,3,3,5,7,8,1,0,0,0,1,0,0,0,0
"POINT (6.777977210000074 51.426392482000040)",Unfall 155485 (2021) Kat:2, Licht: 2,155485,2,3,0,6,23,4,0,2,1,1,0,0,0,0
"POINT (6.732172513000023 51.480237044000035)",Unfall 155488 (2021) Kat:3, Licht: 0,155488,3,6,5,9,15,1,0,0,1,1,0,0,0,0
"POINT (6.764798828000039 51.466504916000076)",Unfall 155489 (2021) Kat:3, Licht: 1,155489,3,7,2,1,16,2,1,1,0,1,0,1,0,0
"POINT (6.712335863000021 51.405809984000030)",Unfall 155493 (2021) Kat:3, Licht: 2,155493,3,2,6,4,21,7,1,2,0,1,1,0,0,0
"POINT (6.762090716000046 51.433912556000053)",Unfall 155501 (2021) Kat:3, Licht: 0,155501,3,6,3,10,15,2,0,0,0,1,0,1,0,0
"POINT (6.750811016000057 51.381419917000073)",Unfall 155502 (2021) Kat:2, Licht: 0,155502,2,2,5,5,17,3,1,0,1,1,0,0,0,0
"POINT (6.735513251000043 51.453804005000052)",Unfall 155504 (2021) Kat:3, Licht: 2,155504,3,3,5,11,4,5,0,2,1,0,0,0,0,1
"POINT (6.659794190000071 51.406266718000040)",Unfall 155509 (2021) Kat:3, Licht: 0,155509,3,7,0,5,17,5,0,0,1,0,0,0,0,1
"POINT (6.703833547000045 51.454239703000042)",Unfall 155520 (2021) Kat:3, Licht: 0,155520,3,3,4,11,14,2,0,0,0,1,0,0,0,0
"POINT (6.762265309000043 51.428004214000055)",Unfall 155526 (2021) Kat:3, Licht: 2,155526,3,5,7,10,19,5,0,2,1,1,0,0,0,0
"POINT (6.690716255000041 51.446688998000070)",Unfall 155536 (2021) Kat:3, Licht: 0,155536,3,7,6,2,10,4,1,0,0,1,1,0,0,0
"POINT (6.765846628000077 51.489682687000027)",Unfall 155543 (2021) Kat:3, Licht: 0,155543,3,5,0,12,8,4,1,0,1,1,0,0,0,0
"POINT (6.754948339000066 51.526930056000026)",Unfall 155545 (2021) Kat:3, Licht: 0,155545,3,3,5,5,17,1,0,0,1,1,0,0,0,0
"POINT (6.707798853000043 51.393525886000077)",Unfall 155548 (2021) Kat:3, Licht: 0,155548,3,6,5,6,8,2,0,0,1,1,0,0,0,0
"POINT (6.692634459000033 51.411900486000036)",Unfall 155553 (2021) Kat:3, Licht: 2,155553,3,1,0,9,21,6,0,2,1,0,0,0,0,0
"POINT (6.655039142000021 51.395150417000082)",Unfall 155554 (2021) Kat:3, Licht: 0,155554,3,3,5,11,9,4,0,0,1,1,0,0,0,0
"POINT (6.750494100000026 51.415306699000041)",Unfall 155557 (2021) Kat:3, Licht: 0,155557,3,6,2,4,9,3,1,0,0,1,0,0,1,0
"POINT (6.746520462000035 51.526028350000047)",Unfall 155563 (2021) Kat:3, Licht: 0,155563,3,3,5,4,15,5,0,0,0,1,0,0,0,1
"POINT (6.709461933000057 51.450010959000053)",Unfall 155567 (2021) Kat:3, Licht: 0,155567,3,1,2,2,8,6,2,0,0,1,0,0,0,0
"POINT (6.758986066000034 51.402837500000032)",Unfall 155568 (2021) Kat:3, Licht: 0,155568,3,7,6,5,15,5,0,0,0,1,1,0,0,0
"POINT (6.778651786000069 51.359690176000072)",Unfall 155569 (2021) Kat:3, Licht: 0,155569,3,1,0,6,14,5,0,0,1,0,0,0,0,0
"POINT (6.733221841000045 51.364640979000058)",Unfall 155571 (2021) Kat:2, Licht: 0,155571,2,7,8,6,17,7,0,0,0,1,0,0,0,0
"POINT (6.745731428000056 51.525159060000078)",Unfall 155573 (2021) Kat:3, Licht: 0,155573,3,5,0,6,15,3,0,0,1,1,0,0,0,0
"POINT (6.714566057000070 51.387495167000054)",Unfall 155576 (2021) Kat:3, Licht: 0,155576,3,6,9,6,14,5,0,0,0,0,0,1,0,1
"POINT (6.724279813000066 51.401666542000044)",Unfall 155582 (2021) Kat:3, Licht: 0,155582,3,6,1,2,6,3,0,0,0,0,0,1,0,1
"POINT (6.760605213000076 51.397349497000050)",Unfall 155584 (2021) Kat:3, Licht: 2,155584,3,3,5,12,17,3,0,2,0,1,0,0,0,1
"POINT (6.740237345000025 51.384191126000076)",Unfall 155589 (2021) Kat:3, Licht: 2,155589,3,7,0,2,20,1,2,2,1,1,0,0,0,0
"POINT (6.759909478000054 51.424576021000064)",Unfall 155597 (2021) Kat:3, Licht: 0,155597,3,3,0,11,8,6,0,0,0,1,0,0,0,0
"POINT (6.676507740000034 51.458330678000038)",Unfall 155598 (2021) Kat:3, Licht: 0,155598,3,6,2,11,11,2,0,0,1,1,0,0,0,0
"POINT (6.735649490000071 51.406031333000044)",Unfall 155600 (2021) Kat:3, Licht: 0,155600,3,6,2,6,6,5,0,0,0,1,0,0,0,0
"POINT (6.756235656000058 51.487602255000070)",Unfall 155603 (2021) Kat:3, Licht: 0,155603,3,6,4,5,17,7,0,0,0,1,0,0,0,0
"POINT (6.698414792000051 51.407957792000047)",Unfall 155617 (2021) Kat:3, Licht: 0,155617,3,4,6,10,12,4,1,0,0,1,1,0,0,0
"POINT (6.772069208000062 51.430194435000033)",Unfall 155620 (2021) Kat:3, Licht: 0,155620,3,4,6,6,15,3,0,0,0,1,1,0,0,0
"POINT (6.778689383000028 51.420685964000029)",Unfall 155623 (2021) Kat:3, Licht: 0,155623,3,1,5,4,13,3,0,0,1,1,0,0,0,0
"POINT (6.745661319000021 51.533571819000031)",Unfall 155627 (2021) Kat:2, Licht: 0,155627,2,2,0,7,10,5,0,0,1,1,0,0,0,0
"POINT (6.723691424000037 51.405218655000056)",Unfall 155636 (2021) Kat:3, Licht: 0,155636,3,3,5,11,7,2,0,0,1,1,0,0,0,0
"POINT (6.760935716000063 51.404316481000080)",Unfall 155638 (2021) Kat:3, Licht: 0,155638,3,3,5,12,10,7,1,0,0,1,0,0,0,0
"POINT (6.697984590000033 51.408152545000064)",Unfall 155641 (2021) Kat:3, Licht: 0,155641,3,1,4,6,12,6,0,0,0,1,0,1,0,0
"POINT (6.717044582000028 51.409772639000039)",Unfall 155642 (2021) Kat:3, Licht: 0,155642,3,7,0,2,16,2,0,0,1,0,0,0,0,0
"POINT (6.653395478000050 51.395477842000048)",Unfall 155657 (2021) Kat:3, Licht: 0,155657,3,3,5,6,16,3,0,0,0,1,0,1,0,0
"POINT (6.669278089000045 51.397417671000028)",Unfall 155661 (2021) Kat:3, Licht: 2,155661,3,6,2,9,22,5,0,2,0,1,0,0,0,1
"POINT (6.762732024000059 51.468267335000064)",Unfall 155664 (2021) Kat:3, Licht: 0,155664,3,3,0,10,17,2,1,0,1,1,0,0,0,0
"POINT (6.746442680000030 51.418087562000039)",Unfall 155665 (2021) Kat:3, Licht: 0,155665,3,6,2,1,14,2,0,0,0,1,0,0,0,0
"POINT (6.686467025000070 51.396577353000055)",Unfall 155667 (2021) Kat:3, Licht: 0,155667,3,7,0,12,10,2,2,0,1,0,0,0,0,0
"POINT (6.666723309000076 51.412386617000038)",Unfall 155669 (2021) Kat:3, Licht: 1,155669,3,7,8,12,16,4,0,1,0,1,0,0,0,0
"POINT (6.772333345000050 51.405758218000074)",Unfall 155671 (2021) Kat:3, Licht: 2,155671,3,7,1,2,19,6,0,2,0,1,0,0,0,0
"POINT (6.726082034000058 51.429222107000044)",Unfall 155673 (2021) Kat:3, Licht: 0,155673,3,2,9,12,9,6,0,0,0,1,0,0,1,0
"POINT (6.760514486000034 51.434658269000067)",Unfall 155676 (2021) Kat:3, Licht: 2,155676,3,6,3,11,22,4,0,2,1,1,0,0,0,0
"POINT (6.751837871000021 51.486332764000053)",Unfall 155677 (2021) Kat:3, Licht: 0,155677,3,4,6,9,13,3,0,0,0,1,1,0,0,0
"POINT (6.770039275000045 51.434666702000072)",Unfall 155680 (2021) Kat:3, Licht: 2,155680,3,4,6,7,1,2,0,2,0,1,1,0,0,0
"POINT (6.758412769000074 51.392893510000079)",Unfall 155686 (2021) Kat:3, Licht: 0,155686,3,2,0,4,14,2,0,0,0,1,0,0,0,1
"POINT (6.727529305000076 51.433094300000050)",Unfall 155687 (2021) Kat:3, Licht: 0,155687,3,1,6,6,17,7,0,0,0,1,1,0,0,0
"POINT (6.743230919000041 51.481282092000072)",Unfall 155693 (2021) Kat:3, Licht: 2,155693,3,7,7,11,16,3,1,2,0,0,0,1,0,0
"POINT (6.767685689000075 51.401158911000039)",Unfall 155694 (2021) Kat:3, Licht: 0,155694,3,2,4,11,10,4,1,0,0,1,0,0,0,0
"POINT (6.692618957000036 51.411916319000056)",Unfall 155697 (2021) Kat:3, Licht: 0,155697,3,3,0,7,14,3,0,0,0,1,0,0,0,0
"POINT (6.736438967000026 51.442159685000036)",Unfall 155703 (2021) Kat:3, Licht: 0,155703,3,3,5,6,18,2,0,0,1,1,0,0,0,0
"POINT (6.764820637000071 51.438425733000031)",Unfall 155704 (2021) Kat:3, Licht: 0,155704,3,1,0,7,9,5,0,0,1,0,0,0,0,0
"POINT (6.778250970000045 51.429441165000071)",Unfall 155710 (2021) Kat:2, Licht: 2,155710,2,2,6,11,0,1,1,2,0,1,1,0,0,0
"POINT (6.754170552000062 51.503933181000036)",Unfall 155717 (2021) Kat:3, Licht: 2,155717,3,3,5,7,1,2,0,2,0,1,0,0,0,0
"POINT (6.760188945000039 51.501867647000040)",Unfall 155727 (2021) Kat:3, Licht: 0,155727,3,5,0,9,14,7,0,0,0,1,0,0,0,0
"POINT (6.765053829000067 51.383728242000075)",Unfall 155732 (2021) Kat:2, Licht: 0,155732,2,7,6,4,16,1,1,0,0,1,1,0,0,0
"POINT (6.705972216000021 51.405839470000046)",Unfall 155737 (2021) Kat:3, Licht: 0,155737,3,3,5,5,13,5,0,0,1,1,0,0,0,0
"POINT (6.758838431000072 51.429783698000051)",Unfall 155738 (2021) Kat:3, Licht: 0,155738,3,3,0,7,13,2,0,0,1,0,0,0,0,1