WKT,Name,OBJECTID,UKATEGORIE,UTYP1,UART,UMONAT,USTUNDE,UWOCHENTAG,STRZUSTAND,ULICHTVERH,ISTRAD,ISTPKW,ISTFUSS,ISTKRAD,ISTGKFZ,ISTSONSTIG
"POINT (6.779597348000038 51.495690361000072)",Unfall 155739 (2021) Kat:2, Licht: 0,155739,2,3,5,3,14,2,1,0,1,1,0,0,0,0
"POINT (6.745469392000075 51.502838647000033)",Unfall 155743 (2021) Kat:3, Licht: 1,155743,3,6,1,6,22,3,1,1,1,1,0,0,0,0
"POINT (6.713122134000059 51.393983838000054)",Unfall 155746 (2021) Kat:3, Licht: 1,155746,3,2,6,9,19,3,0,1,0,1,1,0,0,0
"POINT (6.749020947000076 51.505948151000041)",Unfall 155758 (2021) Kat:3, Licht: 2,155758,3,3,5,9,20,4,1,2,0,1,0,1,0,0
"POINT (6.754716275000021 51.503580296000052)",Unfall 155759 (2021) Kat:3, Licht: 0,155759,3,6,4,2,12,7,0,0,1,1,0,0,0,0
"POINT (6.689863836000029 51.400513438000075)",Unfall 155760 (2021) Kat:3, Licht: 1,155760,3,1,0,1,16,7,1,1,1,0,0,0,0,0
"POINT (6.713426890000051 51.395434014000045)",Unfall 155761 (2021) Kat:3, Licht: 0,155761,3,3,5,6,18,2,0,0,1,1,0,0,0,0
"POINT (6.671143705000077 51.397441016000073)",Unfall 155765 (2021) Kat:3, Licht: 0,155765,3,3,5,6,7,2,1,0,1,1,0,0,0,0
"POINT (6.772200220000059 51.470635135000066)",Unfall 155766 (2021) Kat:3, Licht: 0,155766,3,6,0,12,10,6,0,0,0,1,0,0,0,1
"POINT (6.726689496000063 51.399987696000039)",Unfall 155767 (2021) Kat:3, Licht: 0,155767,3,7,4,7,19,5,1,0,0,1,0,0,0,0
"POINT (6.770452401000057 51.481924273000061)",Unfall 155776 (2021) Kat:2, Licht: 0,155776,2,6,5,10,10,2,0,0,0,1,0,0,1,0
"POINT (6.760917169000038 51.430669162000072)",Unfall 155782 (2021) Kat:3, Licht: 0,155782,3,1,0,11,14,4,1,0,1,0,0,0,0,0
"POINT (6.762685402000045 51.498423454000033)",Unfall 155797 (2021) Kat:3, Licht: 0,155797,3,7,6,6,15,4,0,0,0,1,1,0,0,0
"POINT (6.745296468000049 51.526061853000044)",Unfall 155798 (2021) Kat:3, Licht: 0,155798,3,7,7,12,12,4,1,0,1,0,0,0,0,0
"POINT (6.752302212000075 51.397837167000034)",Unfall 155799 (2021) Kat:2, Licht: 0,155799,2,5,6,5,15,3,0,0,0,1,1,0,0,0
"POINT (6.714097541000058 51.415046494000080)",Unfall 155801 (2021) Kat:2, Licht: 0,155801,2,1,2,10,10,4,0,0,1,0,0,0,0,1
"POINT (6.725383811000029 51.409715133000077)",Unfall 155808 (2021) Kat:3, Licht: 0,155808,3,7,4,3,9,4,0,0,0,1,0,1,0,0
"POINT (6.761095959000045 51.504366074000075)",Unfall 155810 (2021) Kat:3, Licht: 0,155810,3,3,0,5,13,2,0,0,1,1,0,0,0,0
"POINT (6.712416464000057 51.389062757000033)",Unfall 155814 (2021) Kat:3, Licht: 0,155814,3,5,1,6,15,4,0,0,0,1,0,0,0,0
"POINT (6.768332065000038 51.521647314000063)",Unfall 155817 (2021) Kat:3, Licht: 0,155817,3,6,1,5,9,4,0,0,1,1,0,0,0,0
"POINT (6.774907279000047 51.406284712000058)",Unfall 155818 (2021) Kat:3, Licht: 2,155818,3,1,0,11,22,7,0,2,0,0,0,0,0,1
"POINT (6.707891465000046 51.396580046000054)",Unfall 155822 (2021) Kat:3, Licht: 0,155822,3,7,1,7,11,5,0,0,0,1,0,0,0,1
"POINT (6.761935370000060 51.502713804000052)",Unfall 155825 (2021) Kat:3, Licht: 0,155825,3,3,5,4,15,7,1,0,0,1,0,0,0,0
"POINT (6.743022194000048 51.372153706000063)",Unfall 155826 (2021) Kat:3, Licht: 0,155826,3,6,1,12,10,5,0,0,0,1,0,0,0,0
"POINT (6.750735831000043 51.503407932000073)",Unfall 155827 (2021) Kat:3, Licht: 0,155827,3,3,5,7,17,1,0,0,0,1,0,0,0,0
"POINT (6.698398107000060 51.397227797000028)",Unfall 155829 (2021) Kat:3, Licht: 2,155829,3,3,8,6,23,4,0,2,0,1,0,0,0,0
"POINT (6.774719924000067 51.490732750000063)",Unfall 155833 (2021) Kat:3, Licht: 0,155833,3,5,1,11,8,2,0,0,0,1,0,0,0,0
"POINT (6.694224225000028 51.410211469000046)",Unfall 155837 (2021) Kat:3, Licht: 2,155837,3,7,6,11,17,6,1,2,0,1,1,0,0,0
"POINT (6.677219046000062 51.417389312000068)",Unfall 155839 (2021) Kat:3, Licht: 0,155839,3,3,5,5,11,3,0,0,0,1,0,0,0,0
"POINT (6.748701490000030 51.382041454000046)",Unfall 155842 (2021) Kat:3, Licht: 0,155842,3,1,0,9,19,2,0,0,0,0,0,0,0,1
"POINT (6.773331525000060 51.374730718000080)",Unfall 155850 (2021) Kat:2, Licht: 0,155850,2,1,8,4,16,1,0,0,0,1,0,0,0,0
"POINT (6.754377603000023 51.503791240000055)",Unfall 155854 (2021) Kat:3, Licht: 2,155854,3,7,4,12,20,3,0,2,0,1,0,0,0,1
"POINT (6.728898904000062 51.393170428000076)",Unfall 155862 (2021) Kat:3, Licht: 0,155862,3,4,6,12,8,3,0,0,0,1,1,0,0,0
"POINT (6.761983957000041 51.502684496000029)",Unfall 155864 (2021) Kat:3, Licht: 0,155864,3,3,5,9,13,4,0,0,0,1,0,0,0,0
"POINT (6.740917775000071 51.380303777000051)",Unfall 155867 (2021) Kat:3, Licht: 0,155867,3,3,5,9,10,2,0,0,0,1,0,0,0,0
"POINT (6.717725000000030 51.410768743000062)",Unfall 155870 (2021) Kat:3, Licht: 0,155870,3,7,0,10,10,3,0,0,0,1,0,1,0,0
"POINT (6.759522724000021 51.418448838000074)",Unfall 155874 (2021) Kat:3, Licht: 0,155874,3,5,1,10,15,6,0,0,0,1,0,0,0,0
"POINT (6.696783188000040 51.428368354000042)",Unfall 155878 (2021) Kat:3, Licht: 2,155878,3,3,5,2,21,3,1,2,0,1,0,0,0,0
"POINT (6.747029975000032 51.502575848000049)",Unfall 155881 (2021) Kat:3, Licht: 0,155881,3,3,5,1,11,5,1,0,0,1,0,0,0,0
"POINT (6.701158434000035 51.415101409000044)",Unfall 155885 (2021) Kat:2, Licht: 2,155885,2,1,8,12,23,4,1,2,0,1,0,0,0,0
"POINT (6.735873455000046 51.522572346000061)",Unfall 155891 (2021) Kat:3, Licht: 2,155891,3,7,8,12,23,6,0,2,0,1,0,0,0,0
"POINT (6.764855216000058 51.383950309000056)",Unfall 155892 (2021) Kat:3, Licht: 0,155892,3,6,0,6,11,4,0,0,1,1,0,0,0,0
"POINT (6.703172973000051 51.402195013000039)",Unfall 155897 (2021) Kat:3, Licht: 0,155897,3,2,5,9,18,6,0,0,1,1,0,0,0,0
"POINT (6.777385420000030 51.466960467000035)",Unfall 155898 (2021) Kat:3, Licht: 0,155898,3,5,1,3,17,2,0,0,0,1,0,0,0,0
"POINT (6.778912609000031 51.410578434000058)",Unfall 155899 (2021) Kat:3, Licht: 0,155899,3,3,0,10,16,4,0,0,1,0,0,0,0,0
"POINT (6.740410127000075 51.526233792000028)",Unfall 155918 (2021) Kat:3, Licht: 2,155918,3,2,6,12,18,7,1,2,0,1,1,0,0,0
"POINT (6.770197097000050 51.497162680000031)",Unfall 155919 (2021) Kat:3, Licht: 1,155919,3,7,5,5,20,7,0,1,1,1,0,0,0,0
"POINT (6.722901850000028 51.402814614000079)",Unfall 155921 (2021) Kat:2, Licht: 2,155921,2,2,4,11,17,2,0,2,1,1,0,0,0,0
"POINT (6.661469995000061 51.397385202000066)",Unfall 155923 (2021) Kat:3, Licht: 0,155923,3,4,6,7,11,3,1,0,0,1,1,0,0,0
"POINT (6.715950476000046 51.410322398000062)",Unfall 155928 (2021) Kat:3, Licht: 0,155928,3,1,5,10,14,5,0,0,0,1,1,0,0,0
"POINT (6.738698337000073 51.524672671000076)",Unfall 155929 (2021) Kat:3, Licht: 0,155929,3,7,0,6,15,2,0,0,1,0,0,1,0,0
"POINT (6.749579623000045 51.428812348000065)",Unfall 155931 (2021) Kat:3, Licht: 0,155931,3,6,2,6,13,2,1,0,0,1,0,0,1,0
"POINT (6.778485206000028 51.473025910000047)",Unfall 155936 (2021) Kat:3, Licht: 0,155936,3,7,6,12,10,4,0,0,0,1,1,0,0,0
"POINT (6.670981568000059 51.397665887000073)",Unfall 155937 (2021) Kat:3, Licht: 0,155937,3,3,0,11,11,6,1,0,0,1,0,0,0,0
"POINT (6.764445635000072 51.417320895000046)",Unfall 155941 (2021) Kat:3, Licht: 0,155941,3,3,5,9,11,2,0,0,0,1,0,0,0,0
"POINT (6.760485031000030 51.383804434000069)",Unfall 155951 (2021) Kat:3, Licht: 0,155951,3,7,6,5,13,2,0,0,0,1,1,0,0,0
"POINT (6.751639483000076 51.507085128000028)",Unfall 155952 (2021) Kat:3, Licht: 0,155952,3,7,6,9,15,3,0,0,0,1,1,0,0,0
"POINT (6.746371645000067 51.503895812000053)",Unfall 155956 (2021) Kat:2, Licht: 0,155956,2,4,6,3,11,7,0,0,0,1,1,0,0,0
"POINT (6.753448874000071 51.382063001000063)",Unfall 155957 (2021) Kat:3, Licht: 0,155957,3,3,5,6,10,2,0,0,1,1,0,0,0,0
"POINT (6.730394745000069 51.538238484000033)",Unfall 155964 (2021) Kat:2, Licht: 0,155964,2,3,5,4,13,6,0,0,1,1,0,0,0,0
"POINT (6.751334115000020 51.505777290000026)",Unfall 155968 (2021) Kat:2, Licht: 1,155968,2,4,6,6,21,2,0,1,0,1,1,0,0,0
"POINT (6.767821207000054 51.384067879000042)",Unfall 155972 (2021) Kat:2, Licht: 0,155972,2,2,6,11,10,2,0,0,0,1,1,0,0,0
"POINT (6.717944399000032 51.410554375000061)",Unfall 155974 (2021) Kat:3, Licht: 0,155974,3,5,3,10,9,2,1,0,1,1,0,0,0,0
"POINT (6.707405199000050 51.393264439000063)",Unfall 155977 (2021) Kat:3, Licht: 0,155977,3,1,0,6,16,2,1,0,1,1,0,0,0,0
"POINT (6.758367494000026 51.392795721000027)",Unfall 155978 (2021) Kat:3, Licht: 1,155978,3,2,5,1,16,5,0,1,1,1,0,0,0,0
"POINT (6.779354697000031 51.513264193000055)",Unfall 155979 (2021) Kat:3, Licht: 0,155979,3,3,5,6,13,2,0,0,0,1,0,0,0,1
"POINT (6.715687541000023 51.414110724000068)",Unfall 155981 (2021) Kat:3, Licht: 0,155981,3,3,5,5,14,5,0,0,0,1,0,0,0,0
"POINT (6.733026002000031 51.477482607000070)",Unfall 155982 (2021) Kat:3, Licht: 0,155982,3,5,5,5,16,2,0,0,0,1,0,0,0,0
"POINT (6.700761976000024 51.396394819000079)",Unfall 155988 (2021) Kat:3, Licht: 0,155988,3,7,0,2,13,7,0,0,1,1,0,0,0,0
"POINT (6.772983973000066 51.493150599000046)",Unfall 155991 (2021) Kat:3, Licht: 0,155991,3,6,2,11,13,7,1,0,0,1,0,0,0,1
"POINT (6.745002490000047 51.424899522000032)",Unfall 155995 (2021) Kat:3, Licht: 0,155995,3,6,2,2,14,5,1,0,0,1,0,0,1,0
"POINT (6.754266683000026 51.505346444000054)",Unfall 155996 (2021) Kat:3, Licht: 0,155996,3,2,6,5,20,6,0,0,0,1,1,0,0,0
"POINT (6.770411996000064 51.508298924000030)",Unfall 156001 (2021) Kat:3, Licht: 0,156001,3,5,0,7,15,5,0,0,1,1,0,0,0,0
"POINT (6.775262868000027 51.462283410000055)",Unfall 156002 (2021) Kat:3, Licht: 0,156002,3,7,0,5,16,6,0,0,0,0,0,0,0,1
"POINT (6.722180025000057 51.408140223000032)",Unfall 156003 (2021) Kat:3, Licht: 0,156003,3,6,0,5,14,3,1,0,0,0,1,0,0,1
"POINT (6.758630332000052 51.501188610000042)",Unfall 156006 (2021) Kat:3, Licht: 0,156006,3,6,0,7,18,2,0,0,0,1,0,0,0,1
"POINT (6.716888561000076 51.409661264000079)",Unfall 156011 (2021) Kat:3, Licht: 0,156011,3,6,2,4,16,6,0,0,0,1,0,0,0,0
"POINT (6.672286514000064 51.496466844000054)",Unfall 156020 (2021) Kat:3, Licht: 0,156020,3,1,9,3,13,6,0,0,0,1,0,0,0,0
"POINT (6.730816126000036 51.537834456000041)",Unfall 156022 (2021) Kat:3, Licht: 0,156022,3,2,5,1,13,6,1,0,1,1,0,0,0,0
"POINT (6.762702076000039 51.498271687000056)",Unfall 156023 (2021) Kat:3, Licht: 0,156023,3,2,4,11,5,6,1,0,1,1,0,0,0,0
"POINT (6.745858265000038 51.441419944000074)",Unfall 156024 (2021) Kat:3, Licht: 2,156024,3,1,8,6,23,6,0,2,0,0,0,0,1,0
"POINT (6.746746171000041 51.373531251000031)",Unfall 156030 (2021) Kat:3, Licht: 2,156030,3,3,5,5,21,7,1,2,0,1,0,1,0,0
"POINT (6.652760117000071 51.397850183000060)",Unfall 156033 (2021) Kat:3, Licht: 0,156033,3,1,0,9,7,4,0,0,1,0,0,0,0,1
"POINT (6.752823679000073 51.425737343000037)",Unfall 156041 (2021) Kat:3, Licht: 0,156041,3,2,3,11,12,6,0,0,0,1,0,1,0,0
"POINT (6.771924605000038 51.466848149000043)",Unfall 156046 (2021) Kat:3, Licht: 0,156046,3,6,2,10,16,1,0,0,0,1,0,0,0,0
"POINT (6.760997786000075 51.406427579000081)",Unfall 156050 (2021) Kat:3, Licht: 0,156050,3,6,0,10,15,2,0,0,0,1,0,1,0,0
"POINT (6.742501444000027 51.486127389000046)",Unfall 156051 (2021) Kat:2, Licht: 0,156051,2,1,0,6,17,4,0,0,1,0,0,0,0,0
"POINT (6.751213785000061 51.500592955000059)",Unfall 156052 (2021) Kat:2, Licht: 0,156052,2,3,5,10,17,2,0,0,0,1,0,1,0,0
"POINT (6.712384349000047 51.421407926000029)",Unfall 156054 (2021) Kat:3, Licht: 0,156054,3,7,0,12,9,2,0,0,0,1,1,0,0,0
"POINT (6.716416270000025 51.409314098000038)",Unfall 156066 (2021) Kat:3, Licht: 0,156066,3,7,0,10,12,6,0,0,1,0,0,0,0,0
"POINT (6.748045427000022 51.456813380000028)",Unfall 156068 (2021) Kat:3, Licht: 0,156068,3,7,2,10,8,4,0,0,0,0,0,0,1,0
"POINT (6.777643228000045 51.501750211000058)",Unfall 156073 (2021) Kat:3, Licht: 2,156073,3,1,9,10,4,7,1,2,0,1,0,0,0,0
"POINT (6.779632229000072 51.458328655000059)",Unfall 156074 (2021) Kat:3, Licht: 0,156074,3,6,0,12,14,4,0,0,0,1,1,1,0,0
"POINT (6.754305144000057 51.402474414000039)",Unfall 156080 (2021) Kat:3, Licht: 0,156080,3,3,3,1,15,2,0,0,1,1,0,0,0,0
"POINT (6.700653443000022 51.418862711000031)",Unfall 156082 (2021) Kat:2, Licht: 0,156082,2,4,6,12,12,4,1,0,0,1,1,0,0,0
"POINT (6.741278237000074 51.489146585000071)",Unfall 156093 (2021) Kat:2, Licht: 1,156093,2,1,0,9,19,1,0,1,1,0,0,0,0,0
"POINT (6.695939657000054 51.451351587000033)",Unfall 156098 (2021) Kat:3, Licht: 0,156098,3,3,5,1,8,6,1,0,0,1,0,0,0,1
"POINT (6.729208693000032 51.536657265000031)",Unfall 156101 (2021) Kat:3, Licht: 0,156101,3,7,0,10,13,6,0,0,1,1,0,0,0,0
"POINT (6.750744448000034 51.421544896000057)",Unfall 156105 (2021) Kat:3, Licht: 0,156105,3,4,6,9,7,2,0,0,0,1,1,0,0,0
"POINT (6.707795705000024 51.393437527000060)",Unfall 156114 (2021) Kat:3, Licht: 2,156114,3,4,6,10,19,2,0,2,0,1,1,0,0,0
"POINT (6.759075773000063 51.415328144000057)",Unfall 156115 (2021) Kat:3, Licht: 0,156115,3,6,4,6,16,2,0,0,1,1,0,0,0,0
"POINT (6.738589762000061 51.442007489000048)",Unfall 156118 (2021) Kat:3, Licht: 2,156118,3,1,0,2,18,4,0,2,0,1,0,0,0,1
"POINT (6.756123614000046 51.423647528000060)",Unfall 156121 (2021) Kat:3, Licht: 0,156121,3,4,6,7,18,7,0,0,0,1,1,0,0,0
"POINT (6.700978923000037 51.403697287000057)",Unfall 156124 (2021) Kat:2, Licht: 1,156124,2,7,8,3,18,6,1,1,0,1,0,0,0,0
"POINT (6.778645639000047 51.485101386000053)",Unfall 156126 (2021) Kat:3, Licht: 0,156126,3,3,5,9,16,5,0,0,0,1,0,1,0,0
"POINT (6.762675266000031 51.498541571000032)",Unfall 156130 (2021) Kat:2, Licht: 0,156130,2,6,0,9,12,3,0,0,1,0,0,0,1,0
"POINT (6.770657898000024 51.430580321000036)",Unfall 156137 (2021) Kat:3, Licht: 0,156137,3,4,0,5,14,3,1,0,0,0,1,0,0,1
"POINT (6.723718648000045 51.405097777000037)",Unfall 156139 (2021) Kat:3, Licht: 0,156139,3,7,0,6,17,6,0,0,0,0,0,0,0,1
"POINT (6.679243823000036 51.455699717000073)",Unfall 156144 (2021) Kat:2, Licht: 0,156144,2,3,5,6,16,6,0,0,0,1,0,1,0,0
"POINT (6.718309001000023 51.410519242000078)",Unfall 156148 (2021) Kat:3, Licht: 0,156148,3,7,4,10,17,4,1,0,1,1,0,0,0,0
"POINT (6.749444468000036 51.507152325000050)",Unfall 156157 (2021) Kat:3, Licht: 0,156157,3,6,0,6,17,1,0,0,0,0,0,1,0,0
"POINT (6.778316389000054 51.428888167000082)",Unfall 156162 (2021) Kat:3, Licht: 0,156162,3,5,0,6,18,4,0,0,1,1,0,0,0,1
"POINT (6.705320043000029 51.457246205000047)",Unfall 156166 (2021) Kat:3, Licht: 0,156166,3,2,5,4,15,5,0,0,0,1,0,1,0,0
"POINT (6.673397423000040 51.414754120000055)",Unfall 156169 (2021) Kat:3, Licht: 0,156169,3,5,1,5,10,2,0,0,0,1,0,0,0,0
"POINT (6.737957123000058 51.476255992000063)",Unfall 156170 (2021) Kat:3, Licht: 0,156170,3,3,5,1,14,3,0,0,1,1,0,0,0,0
"POINT (6.765045077000025 51.492948939000030)",Unfall 156171 (2021) Kat:3, Licht: 2,156171,3,6,2,9,19,1,0,2,0,1,0,1,0,0
"POINT (6.669278089000045 51.397417671000028)",Unfall 156178 (2021) Kat:3, Licht: 2,156178,3,2,6,11,18,4,1,2,0,1,1,0,0,0
"POINT (6.773868906000075 51.464179624000053)",Unfall 156179 (2021) Kat:3, Licht: 0,156179,3,6,2,5,11,2,0,0,0,1,0,0,0,0
"POINT (6.746309247000056 51.380872780000061)",Unfall 156183 (2021) Kat:3, Licht: 0,156183,3,6,1,10,10,2,0,0,0,1,0,0,0,0
"POINT (6.753875033000043 51.365961945000038)",Unfall 156184 (2021) Kat:3, Licht: 0,156184,3,7,0,12,10,5,0,0,1,0,0,0,0,0
"POINT (6.665314928000043 51.397606439000072)",Unfall 156187 (2021) Kat:3, Licht: 0,156187,3,1,0,2,11,6,0,0,1,0,0,0,0,0
"POINT (6.693365749000066 51.425641562000067)",Unfall 156188 (2021) Kat:2, Licht: 0,156188,2,3,0,9,10,4,0,0,1,0,0,0,0,1
"POINT (6.772040600000025 51.425292258000070)",Unfall 156189 (2021) Kat:3, Licht: 0,156189,3,6,2,7,10,6,0,0,0,1,0,0,0,0
"POINT (6.776539482000032 51.410080985000036)",Unfall 156190 (2021) Kat:2, Licht: 0,156190,2,4,6,11,12,2,0,0,0,1,1,0,0,0
"POINT (6.723079757000050 51.402668285000061)",Unfall 156191 (2021) Kat:3, Licht: 0,156191,3,3,5,4,7,2,1,0,1,1,0,0,0,0
"POINT (6.645794147000061 51.393537089000063)",Unfall 156192 (2021) Kat:3, Licht: 0,156192,3,1,0,1,8,4,2,0,0,0,0,1,0,0
"POINT (6.750456705000033 51.524358519000032)",Unfall 156195 (2021) Kat:3, Licht: 0,156195,3,6,0,6,16,4,0,0,1,0,1,0,0,0
"POINT (6.716411535000020 51.409310618000063)",Unfall 156197 (2021) Kat:3, Licht: 0,156197,3,4,6,4,12,6,0,0,0,1,1,0,0,0
"POINT (6.715339378000067 51.419704387000081)",Unfall 156198 (2021) Kat:3, Licht: 0,156198,3,1,4,2,12,3,1,0,1,1,0,0,0,0
"POINT (6.735303143000067 51.529236750000052)",Unfall 156199 (2021) Kat:3, Licht: 2,156199,3,1,2,10,18,1,1,2,0,1,0,0,0,0
"POINT (6.774754580000035 51.492916793000063)",Unfall 156201 (2021) Kat:3, Licht: 0,156201,3,6,2,5,10,3,1,0,0,1,0,0,0,0
"POINT (6.722616053000024 51.410022457000082)",Unfall 156203 (2021) Kat:3, Licht: 0,156203,3,3,5,9,19,4,0,0,0,1,0,0,0,0
"POINT (6.687993503000030 51.396167635000040)",Unfall 156204 (2021) Kat:3, Licht: 0,156204,3,1,8,3,13,6,1,0,0,1,0,0,0,0
"POINT (6.707311731000061 51.449834043000067)",Unfall 156206 (2021) Kat:3, Licht: 0,156206,3,3,5,3,16,2,0,0,1,1,0,0,0,0
"POINT (6.763320758000020 51.423422266000046)",Unfall 156211 (2021) Kat:3, Licht: 0,156211,3,7,5,5,9,7,1,0,0,1,0,0,0,1
"POINT (6.754020491000063 51.400134825000066)",Unfall 156213 (2021) Kat:3, Licht: 0,156213,3,3,5,12,12,6,1,0,0,1,0,0,0,0
"POINT (6.703860327000029 51.454224127000032)",Unfall 156216 (2021) Kat:3, Licht: 0,156216,3,3,0,9,13,5,0,0,1,1,0,0,0,0
"POINT (6.777937459000043 51.492731444000071)",Unfall 156217 (2021) Kat:3, Licht: 0,156217,3,3,0,10,16,7,0,0,1,1,0,0,0,0
"POINT (6.751496561000067 51.502323302000036)",Unfall 156225 (2021) Kat:3, Licht: 1,156225,3,4,6,11,7,4,1,1,0,1,1,0,0,0
"POINT (6.770003771000063 51.489185618000079)",Unfall 156229 (2021) Kat:3, Licht: 2,156229,3,3,5,4,22,6,0,2,0,1,0,0,0,0
"POINT (6.712301654000044 51.546159736000050)",Unfall 156243 (2021) Kat:2, Licht: 0,156243,2,7,6,7,11,5,1,0,0,0,1,0,0,1
"POINT (6.691178979000028 51.415184180000040)",Unfall 156248 (2021) Kat:3, Licht: 0,156248,3,2,5,9,16,2,0,0,1,1,0,0,0,0
"POINT (6.761992118000023 51.415294460000041)",Unfall 156251 (2021) Kat:3, Licht: 0,156251,3,3,0,9,17,2,0,0,1,1,0,0,0,0
"POINT (6.751356453000028 51.437405121000040)",Unfall 156252 (2021) Kat:3, Licht: 0,156252,3,1,1,6,16,6,0,0,1,0,0,0,0,1
"POINT (6.766134987000044 51.498430412000062)",Unfall 156257 (2021) Kat:3, Licht: 0,156257,3,7,0,9,9,5,0,0,0,0,0,0,0,1
"POINT (6.757303517000025 51.406625810000037)",Unfall 156259 (2021) Kat:3, Licht: 2,156259,3,3,5,2,19,2,1,2,0,1,0,0,0,1
"POINT (6.706156148000048 51.406275526000059)",Unfall 156262 (2021) Kat:3, Licht: 2,156262,3,2,5,1,22,6,2,2,0,1,0,0,0,0
"POINT (6.759804383000073 51.417465020000066)",Unfall 156263 (2021) Kat:3, Licht: 0,156263,3,2,5,9,9,1,0,0,0,1,0,0,0,0
"POINT (6.733044861000053 51.516365556000039)",Unfall 156266 (2021) Kat:3, Licht: 2,156266,3,1,0,2,21,1,2,2,0,0,0,1,0,0
"POINT (6.663286309000057 51.397380310000074)",Unfall 156273 (2021) Kat:3, Licht: 0,156273,3,3,5,4,11,6,0,0,0,1,0,0,0,0
"POINT (6.776074979000043 51.365527323000038)",Unfall 156276 (2021) Kat:3, Licht: 0,156276,3,7,5,5,16,4,1,0,1,1,0,0,0,0
"POINT (6.729800805000025 51.463853717000063)",Unfall 156277 (2021) Kat:3, Licht: 0,156277,3,6,6,4,9,4,0,0,0,1,1,0,0,0
"POINT (6.739315881000039 51.517812043000049)",Unfall 156284 (2021) Kat:3, Licht: 2,156284,3,3,5,1,22,4,0,2,0,1,0,0,0,0
"POINT (6.768678309000052 51.430909158000077)",Unfall 156287 (2021) Kat:3, Licht: 0,156287,3,2,0,12,10,4,1,0,0,1,0,0,0,1
"POINT (6.717563887000040 51.412217050000038)",Unfall 156289 (2021) Kat:3, Licht: 0,156289,3,3,5,7,13,6,0,0,0,1,0,0,0,0
"POINT (6.693760203000068 51.410847535000073)",Unfall 156292 (2021) Kat:3, Licht: 0,156292,3,7,8,3,13,7,0,0,0,1,0,0,0,0
"POINT (6.735381603000064 51.476518511000052)",Unfall 156296 (2021) Kat:3, Licht: 0,156296,3,3,5,9,11,7,0,0,0,1,0,0,0,0
"POINT (6.765074262000041 51.383435979000069)",Unfall 156297 (2021) Kat:3, Licht: 0,156297,3,2,0,4,11,6,0,0,0,1,1,0,0,0
"POINT (6.756689440000059 51.416083877000062)",Unfall 156299 (2021) Kat:3, Licht: 0,156299,3,7,0,6,9,4,0,0,1,0,0,0,0,0
"POINT (6.653509159000066 51.402093046000061)",Unfall 156302 (2021) Kat:3, Licht: 0,156302,3,7,6,12,9,3,0,0,0,1,1,0,0,0
"POINT (6.703379367000025 51.347245316000055)",Unfall 156303 (2021) Kat:2, Licht: 0,156303,2,7,0,2,7,5,0,0,1,0,1,0,0,0
"POINT (6.773758980000025 51.472256249000054)",Unfall 156307 (2021) Kat:3, Licht: 2,156307,3,3,5,9,21,4,0,2,0,1,0,0,0,1
"POINT (6.759072880000076 51.423795559000041)",Unfall 156308 (2021) Kat:3, Licht: 2,156308,3,3,5,9,23,3,0,2,0,1,0,0,0,0
"POINT (6.738768150000055 51.441331546000072)",Unfall 156312 (2021) Kat:3, Licht: 2,156312,3,3,5,11,17,6,1,2,0,0,0,0,0,1
"POINT (6.756947769000021 51.512599877000071)",Unfall 156315 (2021) Kat:3, Licht: 0,156315,3,3,5,2,16,3,1,0,0,1,0,0,0,0
"POINT (6.706025866000061 51.457631487000072)",Unfall 156319 (2021) Kat:3, Licht: 0,156319,3,7,0,7,11,1,0,0,1,0,0,0,0,0
"POINT (6.672097614000052 51.491502033000074)",Unfall 156322 (2021) Kat:3, Licht: 0,156322,3,2,4,11,13,7,1,0,0,1,0,0,0,0
"POINT (6.733565092000049 51.534351927000046)",Unfall 156323 (2021) Kat:2, Licht: 0,156323,2,3,0,6,14,7,0,0,1,0,0,1,0,0
"POINT (6.683416566000062 51.450414402000035)",Unfall 156327 (2021) Kat:3, Licht: 2,156327,3,2,6,11,19,5,1,2,0,1,1,0,0,0
"POINT (6.702393523000069 51.423134992000030)",Unfall 156328 (2021) Kat:2, Licht: 0,156328,2,5,1,9,18,6,0,0,1,1,0,0,0,0
"POINT (6.679225781000071 51.484986868000078)",Unfall 156339 (2021) Kat:3, Licht: 0,156339,3,7,6,3,13,4,0,0,0,1,1,0,0,0
"POINT (6.739693545000023 51.536866990000078)",Unfall 156341 (2021) Kat:3, Licht: 0,156341,3,3,5,6,6,4,0,0,0,1,0,0,0,0
"POINT (6.707338757000059 51.408665015000054)",Unfall 156347 (2021) Kat:3, Licht: 0,156347,3,4,6,9,17,4,0,0,0,1,1,0,0,0
"POINT (6.736544348000052 51.450517528000034)",Unfall 156350 (2021) Kat:3, Licht: 0,156350,3,7,6,9,9,6,0,0,0,1,1,0,0,0
"POINT (6.765977200000066 51.467101316000026)",Unfall 156351 (2021) Kat:3, Licht: 0,156351,3,6,2,3,18,3,0,0,1,1,0,0,0,0
"POINT (6.755296671000053 51.501215488000071)",Unfall 156353 (2021) Kat:3, Licht: 0,156353,3,7,0,4,17,1,0,0,1,0,0,0,0,0
"POINT (6.773276317000068 51.374697835000063)",Unfall 156359 (2021) Kat:2, Licht: 0,156359,2,6,0,5,20,6,0,0,1,0,0,1,0,0