WKT,Name,OBJECTID,UKATEGORIE,UTYP1,UART,UMONAT,USTUNDE,UWOCHENTAG,STRZUSTAND,ULICHTVERH,ISTRAD,ISTPKW,ISTFUSS,ISTKRAD,ISTGKFZ,ISTSONSTIG
"POINT (6.665309623000041 51.397554575000072)",Unfall 156365 (2021) Kat:3, Licht: 0,156365,3,6,2,9,14,5,0,0,0,1,0,0,0,0
"POINT (6.771685216000037 51.481751709000036)",Unfall 156367 (2021) Kat:3, Licht: 2,156367,3,6,2,11,18,6,0,2,0,1,0,0,0,0
"POINT (6.776091506000057 51.409913923000033)",Unfall 156368 (2021) Kat:3, Licht: 0,156368,3,3,5,9,15,3,0,0,1,1,0,0,0,0
"POINT (6.761442527000042 51.432800705000034)",Unfall 156371 (2021) Kat:3, Licht: 0,156371,3,2,3,6,14,4,0,0,0,1,0,1,0,0
"POINT (6.788961301000029 51.430760044000067)",Unfall 156373 (2021) Kat:3, Licht: 0,156373,3,4,6,6,15,4,0,0,0,0,1,0,0,1
"POINT (6.786107505000075 51.427078993000066)",Unfall 156386 (2021) Kat:2, Licht: 0,156386,2,7,0,11,15,5,0,0,0,1,0,0,0,0
"POINT (6.796226339000043 51.463025845000061)",Unfall 156393 (2021) Kat:3, Licht: 0,156393,3,5,0,2,10,4,2,0,0,1,0,0,0,0
"POINT (6.787661766000042 51.426296417000060)",Unfall 156411 (2021) Kat:3, Licht: 0,156411,3,3,5,3,12,2,0,0,0,1,0,0,0,0
"POINT (6.810464453000066 51.379526323000050)",Unfall 156429 (2021) Kat:3, Licht: 1,156429,3,7,0,11,16,1,1,1,1,0,1,0,0,0
"POINT (6.788589479000052 51.475761287000068)",Unfall 156462 (2021) Kat:3, Licht: 0,156462,3,7,1,5,15,7,0,0,1,1,0,0,0,0
"POINT (6.786656026000060 51.438301000000081)",Unfall 156475 (2021) Kat:3, Licht: 0,156475,3,3,0,10,14,4,1,0,1,1,0,0,0,0
"POINT (6.804202805000045 51.494861352000044)",Unfall 156506 (2021) Kat:3, Licht: 0,156506,3,5,1,9,8,4,1,0,1,1,0,0,0,0
"POINT (6.794323377000069 51.495836493000070)",Unfall 156518 (2021) Kat:3, Licht: 0,156518,3,3,5,6,15,7,0,0,1,1,0,0,0,0
"POINT (6.786392492000061 51.515031113000077)",Unfall 156521 (2021) Kat:3, Licht: 2,156521,3,5,1,3,20,5,0,2,1,1,0,0,0,0
"POINT (6.796299596000040 51.392125662000069)",Unfall 156529 (2021) Kat:2, Licht: 0,156529,2,7,9,12,14,6,1,0,0,1,0,0,0,0
"POINT (6.783576653000068 51.426903769000035)",Unfall 156584 (2021) Kat:3, Licht: 0,156584,3,4,0,10,10,2,0,0,0,0,1,0,0,1
"POINT (6.795339238000054 51.510707907000040)",Unfall 156597 (2021) Kat:3, Licht: 0,156597,3,4,6,5,13,4,0,0,0,1,1,0,0,0
"POINT (6.797169122000071 51.490415682000048)",Unfall 156619 (2021) Kat:3, Licht: 0,156619,3,3,0,5,16,2,0,0,0,1,0,0,0,1
"POINT (6.783586916000047 51.431630770000027)",Unfall 156624 (2021) Kat:2, Licht: 0,156624,2,3,5,9,17,3,0,0,0,1,1,0,0,0
"POINT (6.782283353000025 51.469128299000033)",Unfall 156634 (2021) Kat:3, Licht: 0,156634,3,7,1,5,9,3,1,0,0,1,0,0,0,0
"POINT (6.794092966000051 51.419245547000060)",Unfall 156638 (2021) Kat:3, Licht: 0,156638,3,3,5,9,17,3,0,0,1,1,0,0,0,0
"POINT (6.819179727000062 51.503942028000040)",Unfall 156647 (2021) Kat:3, Licht: 0,156647,3,7,6,1,10,4,0,0,0,1,1,0,0,0
"POINT (6.787583038000037 51.429857885000047)",Unfall 156656 (2021) Kat:3, Licht: 0,156656,3,3,0,10,8,6,0,0,1,0,0,0,0,0
"POINT (6.782040616000074 51.356359536000070)",Unfall 156665 (2021) Kat:3, Licht: 0,156665,3,3,5,9,11,2,0,0,0,1,0,1,0,0
"POINT (6.785106469000027 51.474062612000068)",Unfall 156668 (2021) Kat:3, Licht: 0,156668,3,7,6,6,20,4,0,0,1,0,1,0,0,0
"POINT (6.783291552000037 51.499900545000060)",Unfall 156679 (2021) Kat:3, Licht: 0,156679,3,3,0,2,16,7,1,0,0,1,0,1,0,0
"POINT (6.782337724000058 51.441692003000071)",Unfall 156690 (2021) Kat:3, Licht: 0,156690,3,2,4,6,19,4,0,0,0,1,0,0,0,0
"POINT (6.793521377000047 51.432816114000047)",Unfall 156694 (2021) Kat:3, Licht: 0,156694,3,4,0,11,16,1,1,0,1,0,1,0,0,0
"POINT (6.796613710000031 51.391399736000039)",Unfall 156704 (2021) Kat:3, Licht: 0,156704,3,7,1,10,13,6,0,0,0,1,0,0,0,0
"POINT (6.784654871000043 51.371737624000048)",Unfall 156708 (2021) Kat:3, Licht: 0,156708,3,7,0,4,15,7,0,0,0,1,0,1,0,0
"POINT (6.783251346000043 51.499882863000039)",Unfall 156747 (2021) Kat:3, Licht: 0,156747,3,3,5,6,10,1,0,0,1,1,0,0,0,0
"POINT (6.787200441000039 51.416192658000057)",Unfall 156754 (2021) Kat:3, Licht: 2,156754,3,7,6,11,21,3,1,2,0,1,1,0,0,0
"POINT (6.792695493000053 51.434334269000033)",Unfall 156761 (2021) Kat:3, Licht: 0,156761,3,3,5,6,14,3,0,0,0,1,0,0,1,0
"POINT (6.784282015000031 51.370383964000041)",Unfall 156766 (2021) Kat:2, Licht: 0,156766,2,3,5,2,11,5,0,0,1,1,0,0,0,0
"POINT (6.804791623000028 51.475129322000043)",Unfall 156784 (2021) Kat:3, Licht: 2,156784,3,3,0,11,5,3,0,2,1,1,0,0,0,0
"POINT (6.787797276000049 51.496469344000047)",Unfall 156797 (2021) Kat:3, Licht: 2,156797,3,7,9,9,20,6,0,2,0,1,0,0,0,0
"POINT (6.781064495000066 51.369238093000035)",Unfall 156808 (2021) Kat:3, Licht: 0,156808,3,5,1,6,9,1,0,0,1,1,0,0,0,0
"POINT (6.784572153000056 51.472268837000058)",Unfall 156822 (2021) Kat:3, Licht: 0,156822,3,4,6,9,12,2,0,0,0,1,1,0,0,0
"POINT (6.802942946000030 51.494715172000042)",Unfall 156838 (2021) Kat:3, Licht: 0,156838,3,7,4,10,14,2,0,0,0,1,0,0,0,0
"POINT (6.797823023000035 51.476558925000063)",Unfall 156852 (2021) Kat:3, Licht: 0,156852,3,7,0,9,14,5,0,0,0,1,0,0,0,0
"POINT (6.785026063000032 51.365766872000052)",Unfall 156857 (2021) Kat:2, Licht: 0,156857,2,6,3,7,18,5,1,0,0,1,0,0,0,0
"POINT (6.798318937000033 51.505993143000069)",Unfall 156865 (2021) Kat:3, Licht: 2,156865,3,4,6,4,22,7,0,2,0,0,1,1,0,0
"POINT (6.809180584000046 51.497622062000062)",Unfall 156868 (2021) Kat:3, Licht: 2,156868,3,2,0,12,7,4,1,2,0,1,1,0,0,0
"POINT (6.784311303000038 51.351709869000047)",Unfall 156869 (2021) Kat:3, Licht: 0,156869,3,4,6,1,13,3,1,0,0,1,1,0,0,0
"POINT (6.787860711000064 51.357128895000073)",Unfall 156883 (2021) Kat:3, Licht: 0,156883,3,7,1,6,10,1,0,0,1,1,0,0,0,0
"POINT (6.799695812000039 51.497775321000063)",Unfall 156889 (2021) Kat:3, Licht: 0,156889,3,1,5,9,14,4,1,0,1,1,0,0,0,0
"POINT (6.819869291000032 51.495015928000043)",Unfall 156893 (2021) Kat:3, Licht: 2,156893,3,1,0,10,20,2,0,2,1,0,1,0,0,0
"POINT (6.783761665000043 51.471728335000080)",Unfall 156905 (2021) Kat:3, Licht: 0,156905,3,6,5,6,19,3,0,0,0,1,0,0,0,0
"POINT (6.781702238000037 51.500745792000032)",Unfall 156921 (2021) Kat:3, Licht: 0,156921,3,1,9,12,14,7,1,0,0,1,0,0,0,0
"POINT (6.793344560000037 51.497279029000026)",Unfall 156936 (2021) Kat:3, Licht: 0,156936,3,3,5,3,17,3,0,0,0,1,0,0,0,1
"POINT (6.785849805000055 51.420517213000039)",Unfall 156951 (2021) Kat:3, Licht: 0,156951,3,4,6,6,9,4,0,0,0,1,1,0,0,0
"POINT (6.808325301000025 51.470919575000039)",Unfall 156960 (2021) Kat:2, Licht: 0,156960,2,3,5,4,18,2,0,0,0,1,0,0,0,0
"POINT (6.811959120000040 51.395191089000036)",Unfall 156967 (2021) Kat:3, Licht: 0,156967,3,6,6,2,12,2,2,0,0,1,1,0,0,0
"POINT (6.787231437000059 51.501691136000034)",Unfall 156979 (2021) Kat:3, Licht: 0,156979,3,3,5,6,18,5,0,0,1,1,0,0,0,0
"POINT (6.783668460000058 51.476389590000053)",Unfall 156991 (2021) Kat:3, Licht: 0,156991,3,5,0,12,10,5,0,0,1,1,0,0,0,0
"POINT (6.803235706000066 51.496235278000029)",Unfall 156996 (2021) Kat:3, Licht: 2,156996,3,1,0,12,23,7,0,2,0,0,0,1,0,0
"POINT (6.795017293000058 51.479499515000043)",Unfall 157016 (2021) Kat:3, Licht: 0,157016,3,7,0,6,13,5,0,0,0,1,0,0,0,0
"POINT (6.780737528000031 51.381323681000026)",Unfall 157023 (2021) Kat:3, Licht: 0,157023,3,1,1,4,18,3,0,0,0,1,0,0,0,1
"POINT (6.780724862000056 51.420985452000082)",Unfall 157079 (2021) Kat:3, Licht: 0,157079,3,3,5,2,11,4,0,0,1,0,0,0,0,1
"POINT (6.786290999000073 51.474877426000035)",Unfall 157081 (2021) Kat:3, Licht: 0,157081,3,3,5,5,16,1,0,0,0,1,0,0,0,0
"POINT (6.782514266000021 51.500321486000075)",Unfall 157102 (2021) Kat:3, Licht: 2,157102,3,1,9,6,1,2,1,2,0,1,0,0,0,0
"POINT (6.792170302000045 51.422165971000027)",Unfall 157115 (2021) Kat:3, Licht: 1,157115,3,5,0,9,19,3,0,1,1,1,0,0,0,0
"POINT (6.798621144000037 51.492173122000054)",Unfall 157128 (2021) Kat:3, Licht: 2,157128,3,2,6,12,16,2,0,2,0,1,1,0,0,0
"POINT (6.793347989000040 51.487582706000069)",Unfall 157161 (2021) Kat:3, Licht: 0,157161,3,2,3,2,17,4,0,0,0,1,0,1,0,0
"POINT (6.801029586000027 51.477331201000027)",Unfall 157168 (2021) Kat:3, Licht: 2,157168,3,1,8,4,0,3,0,2,0,1,0,0,0,0
"POINT (6.791802561000054 51.511074031000078)",Unfall 157170 (2021) Kat:3, Licht: 0,157170,3,4,6,3,16,2,0,0,0,1,1,0,0,0
"POINT (6.783737659000053 51.480737970000064)",Unfall 157174 (2021) Kat:3, Licht: 0,157174,3,7,6,10,15,7,0,0,1,0,1,0,0,0
"POINT (6.781377936000069 51.437373426000079)",Unfall 157218 (2021) Kat:3, Licht: 0,157218,3,5,0,3,12,4,0,0,1,1,0,0,0,0
"POINT (6.793219957000076 51.476634953000030)",Unfall 157256 (2021) Kat:3, Licht: 0,157256,3,2,5,3,9,4,0,0,0,1,0,0,0,0
"POINT (6.780780060000041 51.428797978000034)",Unfall 157257 (2021) Kat:3, Licht: 2,157257,3,4,6,10,19,4,0,2,1,1,1,0,0,0
"POINT (6.785228300000028 51.498597306000079)",Unfall 157259 (2021) Kat:3, Licht: 2,157259,3,7,6,11,16,5,0,2,0,1,1,0,0,0
"POINT (6.801726351000070 51.391867717000082)",Unfall 157269 (2021) Kat:3, Licht: 0,157269,3,1,1,4,18,7,0,0,0,1,0,1,0,0
"POINT (6.794943564000050 51.438164412000049)",Unfall 157297 (2021) Kat:3, Licht: 0,157297,3,7,5,6,15,6,0,0,1,1,0,0,0,0
"POINT (6.784286490000056 51.475994844000070)",Unfall 157322 (2021) Kat:3, Licht: 0,157322,3,5,8,9,18,4,0,0,1,1,0,0,0,0
"POINT (6.782252851000067 51.422853229000054)",Unfall 157332 (2021) Kat:2, Licht: 0,157332,2,3,5,7,14,1,0,0,0,1,0,0,0,1
"POINT (6.788304587000027 51.500853099000039)",Unfall 157352 (2021) Kat:2, Licht: 0,157352,2,3,5,9,8,3,0,0,0,1,0,0,0,0
"POINT (6.794467148000024 51.433857926000030)",Unfall 157360 (2021) Kat:3, Licht: 0,157360,3,3,5,12,13,2,0,0,1,0,0,0,0,0
"POINT (6.792604069000049 51.451981788000069)",Unfall 157371 (2021) Kat:3, Licht: 0,157371,3,7,4,3,13,2,0,0,1,0,1,0,0,0
"POINT (6.783241386000043 51.371351619000052)",Unfall 157389 (2021) Kat:3, Licht: 0,157389,3,3,5,11,10,1,1,0,1,1,0,0,0,0
"POINT (6.786413170000060 51.479011048000075)",Unfall 157396 (2021) Kat:3, Licht: 0,157396,3,3,5,9,16,4,1,0,0,1,0,0,0,0
"POINT (6.784045363000075 51.503599823000059)",Unfall 157435 (2021) Kat:3, Licht: 0,157435,3,3,5,4,13,6,0,0,0,1,0,1,0,0
"POINT (6.798815855000043 51.429321899000058)",Unfall 157459 (2021) Kat:3, Licht: 2,157459,3,2,3,12,18,4,0,2,1,0,0,0,0,1
"POINT (6.792356374000065 51.452209767000056)",Unfall 157462 (2021) Kat:3, Licht: 0,157462,3,7,4,10,16,3,1,0,0,1,0,0,0,0
"POINT (6.810453982000070 51.490576073000057)",Unfall 157474 (2021) Kat:3, Licht: 0,157474,3,3,5,7,11,3,1,0,0,1,0,0,0,1
"POINT (6.795546529000035 51.510534827000072)",Unfall 157481 (2021) Kat:3, Licht: 0,157481,3,3,5,9,8,4,0,0,0,1,0,0,1,0
"POINT (6.784527729000047 51.351834110000027)",Unfall 157482 (2021) Kat:3, Licht: 0,157482,3,7,6,10,14,6,0,0,0,1,1,0,0,0
"POINT (6.810128299000041 51.491533234000030)",Unfall 157490 (2021) Kat:3, Licht: 0,157490,3,7,1,6,7,5,0,0,0,1,0,1,0,0
"POINT (6.807364423000024 51.472035785000060)",Unfall 157500 (2021) Kat:3, Licht: 0,157500,3,3,5,1,14,6,1,0,0,1,0,0,0,0
"POINT (6.781100293000065 51.478386168000043)",Unfall 157502 (2021) Kat:3, Licht: 0,157502,3,3,5,10,13,7,0,0,1,1,0,0,0,0
"POINT (6.780680895000046 51.498737792000043)",Unfall 157509 (2021) Kat:3, Licht: 0,157509,3,3,5,10,13,4,1,0,0,1,0,0,0,0
"POINT (6.785484383000039 51.355012973000044)",Unfall 157511 (2021) Kat:3, Licht: 1,157511,3,7,4,10,19,6,0,1,0,1,0,0,0,1
"POINT (6.803197820000037 51.474493092000046)",Unfall 157514 (2021) Kat:3, Licht: 0,157514,3,3,5,12,12,5,0,0,0,1,0,0,0,0
"POINT (6.807874874000049 51.499765108000076)",Unfall 157521 (2021) Kat:3, Licht: 0,157521,3,2,6,4,19,5,0,0,0,1,1,0,0,0
"POINT (6.800734443000067 51.390739490000044)",Unfall 157541 (2021) Kat:2, Licht: 0,157541,2,2,6,9,10,2,0,0,0,1,1,0,0,0
"POINT (6.773603357000070 51.359170234000032)",Unfall 167866 (2021) Kat:3, Licht: 0,167866,3,1,0,8,15,1,0,0,0,0,0,1,0,0
"POINT (6.751782141000035 51.404815270000029)",Unfall 167954 (2021) Kat:3, Licht: 0,167954,3,6,4,7,16,5,0,0,1,0,0,0,0,0
"POINT (6.656593469000029 51.398096674000044)",Unfall 167968 (2021) Kat:3, Licht: 2,167968,3,5,5,8,6,3,0,2,0,1,0,0,0,1
"POINT (6.712162787000068 51.410492779000037)",Unfall 168098 (2021) Kat:3, Licht: 0,168098,3,6,2,6,12,3,0,0,0,1,0,0,0,0
"POINT (6.704716601000030 51.384461292000026)",Unfall 168158 (2021) Kat:3, Licht: 0,168158,3,5,0,8,15,7,0,0,1,0,0,0,0,1
"POINT (6.692142081000043 51.398609087000068)",Unfall 168223 (2021) Kat:3, Licht: 0,168223,3,1,2,8,15,3,0,0,0,1,0,0,0,0
"POINT (6.689690889000076 51.394964010000081)",Unfall 168270 (2021) Kat:3, Licht: 0,168270,3,3,5,8,16,5,0,0,1,1,0,0,0,0
"POINT (6.652410057000054 51.386896588000070)",Unfall 168278 (2021) Kat:3, Licht: 2,168278,3,1,8,8,21,7,0,2,0,0,0,0,0,1
"POINT (6.730913247000046 51.406030570000041)",Unfall 168351 (2021) Kat:3, Licht: 2,168351,3,7,7,8,22,4,0,2,0,1,1,0,0,0
"POINT (6.719917048000070 51.406378965000044)",Unfall 168502 (2021) Kat:3, Licht: 2,168502,3,1,2,8,23,1,1,2,0,1,0,0,0,0
"POINT (6.776338339000063 51.364184761000047)",Unfall 168524 (2021) Kat:3, Licht: 0,168524,3,3,3,7,14,2,0,0,1,1,0,0,0,0
"POINT (6.753809216000036 51.363967157000047)",Unfall 168657 (2021) Kat:3, Licht: 0,168657,3,5,3,8,15,6,0,0,1,1,0,0,0,0
"POINT (6.660756758000048 51.397377989000063)",Unfall 168674 (2021) Kat:3, Licht: 0,168674,3,3,0,8,14,6,1,0,1,0,0,0,0,1
"POINT (6.757624965000048 51.386959611000066)",Unfall 168847 (2021) Kat:3, Licht: 2,168847,3,6,2,7,4,5,1,2,0,1,0,0,0,0
"POINT (6.678200174000040 51.411228340000036)",Unfall 168899 (2021) Kat:3, Licht: 0,168899,3,3,0,8,11,6,0,0,1,1,0,0,0,0
"POINT (6.814151913000046 51.498691014000030)",Unfall 169011 (2021) Kat:3, Licht: 0,169011,3,3,5,8,15,2,1,0,0,1,0,0,0,0
"POINT (6.731519606000063 51.451791582000055)",Unfall 169100 (2021) Kat:3, Licht: 2,169100,3,7,0,9,21,6,0,2,0,1,0,0,0,0
"POINT (6.725903551000044 51.436157650000041)",Unfall 169111 (2021) Kat:3, Licht: 0,169111,3,2,5,7,13,4,0,0,1,1,0,0,0,0
"POINT (6.761917778000054 51.433889413000031)",Unfall 169122 (2021) Kat:3, Licht: 0,169122,3,7,6,8,12,2,0,0,1,0,1,0,0,0
"POINT (6.777024199000039 51.471638705000032)",Unfall 169124 (2021) Kat:3, Licht: 0,169124,3,6,2,8,13,2,0,0,0,1,0,1,0,0
"POINT (6.756561476000059 51.505284904000064)",Unfall 169163 (2021) Kat:3, Licht: 0,169163,3,3,5,8,19,5,0,0,0,1,0,0,0,0
"POINT (6.802275798000039 51.429940070000043)",Unfall 169165 (2021) Kat:2, Licht: 0,169165,2,5,1,8,15,2,0,0,0,1,0,0,0,0
"POINT (6.752577179000070 51.504913938000072)",Unfall 169214 (2021) Kat:3, Licht: 0,169214,3,5,0,7,15,3,0,0,1,1,0,0,0,0
"POINT (6.687015752000036 51.448132898000040)",Unfall 169232 (2021) Kat:3, Licht: 2,169232,3,2,5,8,23,3,0,2,0,1,0,0,0,0
"POINT (6.721382616000028 51.539725225000041)",Unfall 169240 (2021) Kat:3, Licht: 0,169240,3,3,5,7,19,6,0,0,0,1,0,0,0,0
"POINT (6.780464674000029 51.496088250000071)",Unfall 169262 (2021) Kat:3, Licht: 0,169262,3,1,0,7,14,5,0,0,0,1,0,0,0,1
"POINT (6.688898830000028 51.456160165000028)",Unfall 169268 (2021) Kat:3, Licht: 0,169268,3,3,5,8,15,6,0,0,1,1,0,0,0,0
"POINT (6.705925571000023 51.538189879000072)",Unfall 169286 (2021) Kat:3, Licht: 0,169286,3,7,2,4,12,5,0,0,0,1,0,0,0,0
"POINT (6.801756085000022 51.503961563000075)",Unfall 169287 (2021) Kat:3, Licht: 1,169287,3,2,5,8,6,3,1,1,0,1,0,0,0,0
"POINT (6.694479597000054 51.419552867000050)",Unfall 169289 (2021) Kat:3, Licht: 0,169289,3,3,4,8,14,2,0,0,1,1,0,0,0,0
"POINT (6.775254505000021 51.491551938000043)",Unfall 169316 (2021) Kat:3, Licht: 2,169316,3,7,0,8,21,3,1,2,1,0,0,0,0,0
"POINT (6.664595289000033 51.418309832000034)",Unfall 169334 (2021) Kat:3, Licht: 1,169334,3,3,5,7,5,5,1,1,0,1,0,1,0,0
"POINT (6.750186146000033 51.484939694000047)",Unfall 169341 (2021) Kat:3, Licht: 0,169341,3,7,0,7,16,5,0,0,0,1,1,0,0,0
"POINT (6.768062358000066 51.441169684000045)",Unfall 169346 (2021) Kat:3, Licht: 2,169346,3,1,0,7,0,3,0,2,0,1,0,0,0,0
"POINT (6.754374931000029 51.424885058000029)",Unfall 169380 (2021) Kat:3, Licht: 1,169380,3,6,4,7,21,3,0,1,0,1,0,0,0,0
"POINT (6.737695959000064 51.521192280000037)",Unfall 169389 (2021) Kat:2, Licht: 2,169389,2,1,0,8,0,1,0,2,1,0,0,0,0,0
"POINT (6.722942623000051 51.441291814000067)",Unfall 169396 (2021) Kat:3, Licht: 0,169396,3,1,9,8,18,5,0,0,0,0,0,1,0,0
"POINT (6.753093314000068 51.430355601000031)",Unfall 169406 (2021) Kat:3, Licht: 0,169406,3,3,5,8,10,3,1,0,0,1,0,0,1,0
"POINT (6.749492914000029 51.468988588000059)",Unfall 169424 (2021) Kat:3, Licht: 0,169424,3,4,6,8,15,4,0,0,0,1,1,0,0,0
"POINT (6.765998516000025 51.530526672000065)",Unfall 169428 (2021) Kat:3, Licht: 0,169428,3,2,4,4,10,1,0,0,1,1,0,0,0,0
"POINT (6.686092109000072 51.454629967000074)",Unfall 169435 (2021) Kat:3, Licht: 0,169435,3,1,0,8,14,3,1,0,0,0,0,1,0,0
"POINT (6.778739273000042 51.472961197000075)",Unfall 169448 (2021) Kat:2, Licht: 0,169448,2,6,0,4,19,4,0,0,0,1,0,1,0,0
"POINT (6.759079361000033 51.470045852000055)",Unfall 169526 (2021) Kat:3, Licht: 0,169526,3,3,5,8,12,6,0,0,0,1,0,1,0,0
"POINT (6.692520814000034 51.414909787000056)",Unfall 169579 (2021) Kat:3, Licht: 2,169579,3,6,0,8,21,6,0,2,0,1,0,1,0,0
"POINT (6.702632580000056 51.449953886000060)",Unfall 169608 (2021) Kat:3, Licht: 0,169608,3,7,0,7,18,7,1,0,1,1,0,0,0,0
"POINT (6.795654866000064 51.509675041000037)",Unfall 169615 (2021) Kat:2, Licht: 2,169615,2,7,1,8,0,3,0,2,0,1,0,0,0,0
"POINT (6.767879038000046 51.436390942000060)",Unfall 169619 (2021) Kat:3, Licht: 2,169619,3,5,1,8,2,7,0,2,0,1,0,0,0,1
"POINT (6.778136081000071 51.465937161000056)",Unfall 169622 (2021) Kat:3, Licht: 2,169622,3,3,5,8,20,1,1,2,0,1,0,0,0,0
"POINT (6.706581710000023 51.447555388000069)",Unfall 169644 (2021) Kat:3, Licht: 1,169644,3,7,0,8,21,5,0,1,0,0,0,0,0,1
"POINT (6.759112937000054 51.469978391000041)",Unfall 169656 (2021) Kat:3, Licht: 1,169656,3,7,0,7,21,2,1,1,0,0,0,1,0,0
"POINT (6.708982778000063 51.414625199000056)",Unfall 169661 (2021) Kat:3, Licht: 0,169661,3,3,5,7,15,6,0,0,1,1,0,0,0,0
"POINT (6.761334352000063 51.470558177000044)",Unfall 169667 (2021) Kat:3, Licht: 0,169667,3,6,6,8,13,2,0,0,1,0,1,0,0,0
"POINT (6.791318091000051 51.413570115000027)",Unfall 169673 (2021) Kat:3, Licht: 0,169673,3,2,0,8,14,4,0,0,1,1,0,0,0,0
"POINT (6.727364321000039 51.462092774000041)",Unfall 169702 (2021) Kat:3, Licht: 2,169702,3,1,9,7,23,4,1,2,0,1,0,0,0,0
"POINT (6.743360405000033 51.524064215000067)",Unfall 169729 (2021) Kat:3, Licht: 2,169729,3,7,0,8,22,4,0,2,0,1,0,1,0,0
"POINT (6.789437896000038 51.471325614000079)",Unfall 169736 (2021) Kat:3, Licht: 0,169736,3,7,5,8,16,5,0,0,1,1,0,0,0,0
"POINT (6.787360673000023 51.471164083000076)",Unfall 169747 (2021) Kat:2, Licht: 0,169747,2,1,6,8,17,2,1,0,0,1,1,0,0,0
"POINT (6.754450064000025 51.506769014000042)",Unfall 169790 (2021) Kat:3, Licht: 0,169790,3,3,5,8,18,3,0,0,0,1,0,0,0,0
"POINT (6.771062498000049 51.431684020000034)",Unfall 169818 (2021) Kat:3, Licht: 0,169818,3,2,6,8,12,3,0,0,0,1,1,0,0,0
"POINT (6.752825196000060 51.530196369000066)",Unfall 169831 (2021) Kat:3, Licht: 0,169831,3,2,5,7,12,5,0,0,0,1,0,1,0,0
"POINT (6.790452748000064 51.447805637000044)",Unfall 169845 (2021) Kat:3, Licht: 0,169845,3,6,2,8,17,7,1,0,0,1,0,0,0,0
"POINT (6.761983957000041 51.502684496000029)",Unfall 169900 (2021) Kat:3, Licht: 0,169900,3,3,5,8,16,3,0,0,0,1,0,0,0,0
"POINT (6.757005173000039 51.503639873000054)",Unfall 169985 (2021) Kat:3, Licht: 0,169985,3,3,5,7,14,4,0,0,1,1,0,0,0,0
"POINT (6.791711088000056 51.441789746000040)",Unfall 170312 (2021) Kat:3, Licht: 0,170312,3,5,0,8,12,3,0,0,1,1,0,0,0,0
"POINT (6.712735741000074 51.405810606000045)",Unfall 170335 (2021) Kat:3, Licht: 0,170335,3,7,1,8,18,2,0,0,1,1,0,0,0,0
"POINT (6.772637889000066 51.467325028000062)",Unfall 170358 (2021) Kat:3, Licht: 0,170358,3,7,0,7,17,3,0,0,0,0,1,0,0,1
"POINT (6.753132302000040 51.506079093000039)",Unfall 170426 (2021) Kat:3, Licht: 0,170426,3,3,5,5,15,7,0,0,0,1,0,0,0,0
"POINT (6.761420631000021 51.402100427000050)",Unfall 170465 (2021) Kat:3, Licht: 0,170465,3,6,6,8,11,7,0,0,1,0,1,0,0,0
"POINT (6.747200886000030 51.508880975000068)",Unfall 170631 (2021) Kat:3, Licht: 1,170631,3,2,5,8,21,4,0,1,0,1,0,1,0,0
"POINT (6.804869108000048 51.475160251000034)",Unfall 170679 (2021) Kat:3, Licht: 0,170679,3,3,5,8,17,2,0,0,1,1,0,0,0,0
"POINT (6.704992580000066 51.458140062000041)",Unfall 234112 (2021) Kat:3, Licht: 0,234112,3,7,0,5,13,1,0,0,1,0,1,0,0,0
"POINT (6.715124156000059 51.336633490000054)",Unfall 234115 (2021) Kat:2, Licht: 0,234115,2,1,0,2,14,3,1,0,1,0,0,0,0,0
"POINT (6.796808022000050 51.421606231000055)",Unfall 234148 (2021) Kat:2, Licht: 0,234148,2,1,0,4,18,5,0,0,1,0,0,0,0,0
"POINT (6.688651913000058 51.348835311000073)",Unfall 234899 (2021) Kat:3, Licht: 0,234899,3,6,4,8,13,7,0,0,1,0,0,0,0,0
"POINT (6.745214499000042 51.351968394000039)",Unfall 234901 (2021) Kat:3, Licht: 0,234901,3,7,0,7,8,6,0,0,1,0,0,0,0,0
"POINT (6.816487643000073 51.466121791000035)",Unfall 234917 (2021) Kat:3, Licht: 0,234917,3,7,0,8,15,4,0,0,1,1,0,0,0,0
"POINT (6.815670344000068 51.368021840000040)",Unfall 235002 (2021) Kat:2, Licht: 1,235002,2,1,0,8,20,1,0,1,1,0,0,0,0,0
"POINT (6.742809763000030 51.527324169000103)",Unfall 22208 (2022) Kat:3, Licht: 2,22208,3,3,5,01,20,4,1,2,1,1,0,0,0,0
"POINT (6.733337300000070 51.478783411000101)",Unfall 22334 (2022) Kat:3, Licht: 2,22334,3,7,0,01,22,4,1,2,0,0,0,1,0,0
"POINT (6.734323342000040 51.369178154000103)",Unfall 22491 (2022) Kat:3, Licht: 0,22491,3,4,6,01,15,2,1,0,0,1,1,0,0,0
"POINT (6.762989734000030 51.527782391000102)",Unfall 22913 (2022) Kat:2, Licht: 2,22913,2,2,6,01,06,5,1,2,0,1,1,0,0,0
"POINT (6.707491556000040 51.455877665999999)",Unfall 23328 (2022) Kat:3, Licht: 2,23328,3,6,1,01,18,5,0,2,0,1,0,0,0,0
"POINT (6.707651886000060 51.532931985000097)",Unfall 23386 (2022) Kat:3, Licht: 0,23386,3,3,5,01,09,3,1,0,0,1,0,0,0,1