WKT,Name,OBJECTID,UKATEGORIE,UTYP1,UART,UMONAT,USTUNDE,UWOCHENTAG,STRZUSTAND,ULICHTVERH,ISTRAD,ISTPKW,ISTFUSS,ISTKRAD,ISTGKFZ,ISTSONSTIG
"POINT (6.763115573000050 51.473394790000000)",Unfall 23435 (2022) Kat:3, Licht: 2,23435,3,2,6,01,17,4,1,2,0,1,1,0,0,0
"POINT (6.751330305000070 51.402803652000003)",Unfall 23958 (2022) Kat:3, Licht: 2,23958,3,2,3,01,18,5,0,2,0,1,0,0,0,0
"POINT (6.734957723000040 51.456019550000100)",Unfall 24144 (2022) Kat:3, Licht: 2,24144,3,3,5,01,06,3,1,2,1,1,0,0,0,0
"POINT (6.735381596000020 51.541893401000003)",Unfall 24552 (2022) Kat:3, Licht: 2,24552,3,3,6,01,07,5,0,2,0,1,1,0,0,0
"POINT (6.804730753000060 51.398849644999999)",Unfall 24569 (2022) Kat:3, Licht: 2,24569,3,1,7,01,18,2,0,2,0,1,0,0,0,0
"POINT (6.717762296000050 51.456662545000000)",Unfall 24724 (2022) Kat:3, Licht: 2,24724,3,1,0,01,05,2,2,2,1,0,0,0,0,0
"POINT (6.733286239000050 51.543625986000102)",Unfall 24780 (2022) Kat:3, Licht: 0,24780,3,6,1,01,11,2,0,0,0,1,0,0,0,0
"POINT (6.794707038000070 51.458484031000097)",Unfall 24811 (2022) Kat:3, Licht: 2,24811,3,1,0,01,05,2,2,2,0,0,0,1,0,0
"POINT (6.793676239000040 51.447547545000099)",Unfall 24850 (2022) Kat:3, Licht: 0,24850,3,6,3,01,07,5,0,0,0,1,0,0,1,0
"POINT (6.731268560000050 51.466527612000000)",Unfall 24967 (2022) Kat:2, Licht: 0,24967,2,7,0,01,09,2,2,0,1,0,0,0,0,0
"POINT (6.779260737000070 51.469406128000102)",Unfall 24969 (2022) Kat:3, Licht: 2,24969,3,5,0,01,21,7,1,2,0,1,1,0,0,0
"POINT (6.772608004000060 51.459739501000101)",Unfall 25001 (2022) Kat:3, Licht: 0,25001,3,6,2,01,14,3,0,0,0,1,0,0,0,1
"POINT (6.702363744000020 51.476985646999999)",Unfall 25056 (2022) Kat:3, Licht: 0,25056,3,1,1,01,10,2,1,0,0,1,0,0,0,0
"POINT (6.736617858000050 51.482953624000103)",Unfall 25078 (2022) Kat:3, Licht: 2,25078,3,7,2,01,05,4,1,2,0,1,0,0,0,0
"POINT (6.738776736000030 51.537955251000000)",Unfall 25096 (2022) Kat:3, Licht: 0,25096,3,2,3,01,11,3,1,0,1,1,0,0,0,1
"POINT (6.766647814000070 51.490763376000103)",Unfall 25175 (2022) Kat:3, Licht: 1,25175,3,6,2,01,16,4,1,1,0,1,0,0,0,0
"POINT (6.779972361000030 51.490862129999996)",Unfall 25187 (2022) Kat:3, Licht: 2,25187,3,6,2,01,22,7,1,2,0,1,0,0,0,0
"POINT (6.766844347000070 51.489867629000102)",Unfall 25195 (2022) Kat:3, Licht: 2,25195,3,6,1,01,07,2,1,2,0,1,0,0,1,0
"POINT (6.787220644000060 51.432833114000097)",Unfall 25200 (2022) Kat:3, Licht: 0,25200,3,3,5,01,14,5,0,0,1,1,0,0,0,0
"POINT (6.718173048000040 51.365315601000098)",Unfall 25217 (2022) Kat:3, Licht: 1,25217,3,1,6,01,16,2,1,1,1,0,1,0,0,0
"POINT (6.753300746000040 51.433880719000101)",Unfall 25271 (2022) Kat:3, Licht: 2,25271,3,6,2,01,05,2,2,2,0,1,0,0,0,1
"POINT (6.758934421000050 51.383508038000102)",Unfall 25361 (2022) Kat:3, Licht: 2,25361,3,6,2,01,06,2,0,2,0,1,0,0,0,0
"POINT (6.770659322000030 51.498013077000103)",Unfall 25455 (2022) Kat:3, Licht: 0,25455,3,7,6,01,15,2,1,0,0,1,1,0,0,0
"POINT (6.764609631000040 51.502462099000098)",Unfall 25492 (2022) Kat:3, Licht: 2,25492,3,2,4,01,21,2,1,2,0,1,0,0,0,0
"POINT (6.781749367000030 51.380277649000000)",Unfall 25493 (2022) Kat:3, Licht: 0,25493,3,7,6,01,14,3,0,0,0,0,1,0,0,1
"POINT (6.738217100000040 51.479847080000098)",Unfall 25513 (2022) Kat:3, Licht: 0,25513,3,7,0,01,09,2,2,0,0,0,0,1,0,0
"POINT (6.808064312000060 51.432960036000097)",Unfall 25524 (2022) Kat:3, Licht: 2,25524,3,1,8,01,18,6,1,2,0,1,0,0,0,0
"POINT (6.770480723000050 51.484055361000102)",Unfall 25571 (2022) Kat:3, Licht: 0,25571,3,6,3,01,10,4,0,0,0,1,0,0,0,1
"POINT (6.760878005000050 51.374188172000103)",Unfall 25600 (2022) Kat:3, Licht: 0,25600,3,2,5,01,11,2,2,0,1,1,0,0,0,0
"POINT (6.798532811000030 51.449878319000000)",Unfall 25675 (2022) Kat:3, Licht: 2,25675,3,6,3,01,19,4,1,2,0,1,0,0,1,0
"POINT (6.769184173000040 51.486583469999999)",Unfall 25679 (2022) Kat:3, Licht: 0,25679,3,6,2,01,12,5,0,0,0,1,0,0,0,0
"POINT (6.770953553000030 51.414118535000100)",Unfall 25716 (2022) Kat:3, Licht: 0,25716,3,1,3,01,08,2,2,0,0,1,0,0,0,0
"POINT (6.760953386000040 51.500216699000099)",Unfall 25740 (2022) Kat:3, Licht: 0,25740,3,6,1,01,14,6,1,0,0,1,0,0,0,0
"POINT (6.742809763000030 51.527324169000103)",Unfall 25756 (2022) Kat:3, Licht: 0,25756,3,2,4,01,14,7,1,0,0,1,0,0,0,0
"POINT (6.706732405000030 51.436176031999999)",Unfall 25818 (2022) Kat:3, Licht: 0,25818,3,6,2,01,10,5,0,0,0,1,0,0,0,0
"POINT (6.788694150000030 51.505044730000101)",Unfall 25827 (2022) Kat:3, Licht: 2,25827,3,5,1,01,07,6,1,2,0,1,0,1,0,0
"POINT (6.797301416000040 51.500949527000003)",Unfall 25829 (2022) Kat:3, Licht: 0,25829,3,5,3,01,15,3,0,0,1,1,0,0,0,0
"POINT (6.723489447000080 51.412539229000103)",Unfall 25838 (2022) Kat:3, Licht: 0,25838,3,3,5,01,12,2,1,0,0,1,0,0,0,0
"POINT (6.757608851000040 51.487598921000000)",Unfall 25857 (2022) Kat:2, Licht: 2,25857,2,7,8,01,01,7,1,2,1,1,0,0,0,0
"POINT (6.820493030000020 51.499124399999999)",Unfall 25895 (2022) Kat:2, Licht: 0,25895,2,6,3,01,15,2,0,0,0,1,0,0,0,0
"POINT (6.795047231000070 51.456643350000000)",Unfall 25974 (2022) Kat:3, Licht: 2,25974,3,1,4,02,05,2,1,2,0,1,0,1,0,0
"POINT (6.765768312000030 51.424766212000101)",Unfall 26030 (2022) Kat:3, Licht: 2,26030,3,3,5,01,18,2,1,2,1,1,0,0,0,0
"POINT (6.789405875000060 51.476053741000001)",Unfall 26032 (2022) Kat:3, Licht: 2,26032,3,7,0,01,19,5,1,2,1,0,0,0,0,0
"POINT (6.742855523000060 51.524436495000003)",Unfall 26060 (2022) Kat:3, Licht: 2,26060,3,6,5,02,23,6,1,2,0,1,0,0,0,0
"POINT (6.816196254000030 51.467860229000102)",Unfall 26096 (2022) Kat:3, Licht: 2,26096,3,7,8,02,20,4,0,2,0,1,0,0,1,0
"POINT (6.792133596000040 51.485067438999998)",Unfall 26133 (2022) Kat:3, Licht: 2,26133,3,6,3,02,21,6,1,2,0,1,0,0,0,1
"POINT (6.765059806000070 51.498104661000099)",Unfall 26223 (2022) Kat:3, Licht: 2,26223,3,1,2,01,23,7,0,2,0,1,0,0,0,0
"POINT (6.768510557000070 51.491080089000000)",Unfall 26258 (2022) Kat:3, Licht: 1,26258,3,4,6,02,17,3,1,1,0,1,1,0,0,0
"POINT (6.771611896000020 51.462937926999999)",Unfall 26439 (2022) Kat:3, Licht: 0,26439,3,6,3,02,13,5,1,0,0,1,0,0,0,0
"POINT (6.772208777000060 51.460113241999998)",Unfall 26503 (2022) Kat:2, Licht: 0,26503,2,6,2,02,15,5,0,0,0,1,0,0,0,0
"POINT (6.783808489000020 51.421219041000001)",Unfall 26530 (2022) Kat:3, Licht: 2,26530,3,1,0,01,19,6,0,2,0,0,0,1,0,0
"POINT (6.773872301000040 51.414079510000100)",Unfall 26536 (2022) Kat:3, Licht: 0,26536,3,2,5,01,13,2,1,0,1,1,0,0,0,0
"POINT (6.768892317000050 51.477946867000099)",Unfall 26544 (2022) Kat:3, Licht: 2,26544,3,6,2,02,18,3,1,2,0,1,0,0,0,0
"POINT (6.767503326000050 51.420611119000100)",Unfall 26624 (2022) Kat:3, Licht: 0,26624,3,2,3,02,17,2,0,0,1,1,0,0,0,0
"POINT (6.732555310000070 51.535907819999998)",Unfall 26660 (2022) Kat:3, Licht: 2,26660,3,2,4,02,18,1,1,2,0,1,0,0,0,0
"POINT (6.796559707000030 51.433282308999999)",Unfall 26663 (2022) Kat:2, Licht: 0,26663,2,2,6,01,08,2,1,0,0,1,1,0,0,0
"POINT (6.775077363000040 51.437549951000101)",Unfall 26709 (2022) Kat:3, Licht: 0,26709,3,2,4,02,16,3,1,0,0,1,0,0,0,0
"POINT (6.732709578000030 51.480535491000097)",Unfall 26741 (2022) Kat:3, Licht: 0,26741,3,6,2,02,15,7,0,0,0,1,0,0,0,0
"POINT (6.799238889000040 51.484817104999998)",Unfall 26744 (2022) Kat:3, Licht: 1,26744,3,1,9,01,16,7,0,1,0,1,0,0,0,0
"POINT (6.788179192000030 51.486165496000098)",Unfall 26757 (2022) Kat:3, Licht: 2,26757,3,6,2,02,19,5,1,2,0,1,0,0,0,0
"POINT (6.751406210000030 51.462310172000102)",Unfall 26771 (2022) Kat:3, Licht: 2,26771,3,1,9,02,01,1,0,2,0,1,0,0,0,0
"POINT (6.790554461000060 51.492202782000000)",Unfall 26844 (2022) Kat:3, Licht: 2,26844,3,2,6,02,19,6,1,2,0,1,1,0,0,0
"POINT (6.722106551000020 51.353532649999998)",Unfall 26850 (2022) Kat:3, Licht: 0,26850,3,6,1,02,14,4,0,0,0,1,0,0,0,0
"POINT (6.698130658000030 51.451979825000102)",Unfall 26879 (2022) Kat:3, Licht: 0,26879,3,2,5,01,12,7,1,0,1,1,0,0,0,0
"POINT (6.796076643000050 51.457539384000000)",Unfall 26929 (2022) Kat:3, Licht: 2,26929,3,2,5,01,19,5,1,2,0,1,0,0,0,0
"POINT (6.815200817000060 51.488387514000102)",Unfall 26937 (2022) Kat:3, Licht: 0,26937,3,6,2,02,07,4,0,0,0,1,0,0,0,0
"POINT (6.757185026000060 51.486881686000103)",Unfall 26946 (2022) Kat:3, Licht: 2,26946,3,6,3,02,05,5,0,2,0,1,0,0,1,0
"POINT (6.765059806000070 51.498104661000099)",Unfall 26972 (2022) Kat:3, Licht: 0,26972,3,6,2,02,15,2,0,0,0,1,0,0,0,0
"POINT (6.734901559000040 51.456537660999999)",Unfall 27006 (2022) Kat:3, Licht: 0,27006,3,1,6,01,16,2,1,0,0,1,1,0,0,0
"POINT (6.733190219000050 51.479386079999998)",Unfall 27079 (2022) Kat:3, Licht: 0,27079,3,4,0,01,16,2,0,0,0,1,1,0,0,0
"POINT (6.677066197000040 51.437525997000101)",Unfall 27098 (2022) Kat:3, Licht: 2,27098,3,1,8,02,21,5,1,2,0,1,0,0,0,0
"POINT (6.781161178000050 51.485551651999998)",Unfall 27103 (2022) Kat:3, Licht: 1,27103,3,6,3,02,18,3,1,1,0,1,0,0,1,0
"POINT (6.704908860000050 51.420990650000100)",Unfall 27115 (2022) Kat:3, Licht: 0,27115,3,1,0,02,13,4,0,0,0,1,0,0,0,0
"POINT (6.786935379000060 51.440652360999998)",Unfall 27157 (2022) Kat:2, Licht: 0,27157,2,6,0,01,12,6,0,0,1,0,0,0,0,0
"POINT (6.779575331000050 51.370798695000097)",Unfall 27164 (2022) Kat:3, Licht: 0,27164,3,2,4,02,12,7,0,0,1,1,0,0,0,0
"POINT (6.763777781000040 51.505656956999999)",Unfall 27201 (2022) Kat:3, Licht: 2,27201,3,6,1,01,19,7,1,2,0,1,0,0,0,0
"POINT (6.779172535000040 51.403800149000098)",Unfall 27230 (2022) Kat:3, Licht: 2,27230,3,1,1,01,20,7,0,2,0,1,0,0,0,0
"POINT (6.798905607000050 51.447185785999999)",Unfall 27233 (2022) Kat:3, Licht: 2,27233,3,6,3,01,20,6,0,2,0,1,0,0,1,0
"POINT (6.685135716000050 51.408857251000001)",Unfall 27238 (2022) Kat:3, Licht: 0,27238,3,4,6,02,16,3,1,0,0,1,1,0,0,0
"POINT (6.790141908000070 51.425958817000001)",Unfall 27251 (2022) Kat:3, Licht: 0,27251,3,2,6,01,07,2,1,0,0,1,1,0,0,0
"POINT (6.800319848000070 51.455159878000103)",Unfall 27283 (2022) Kat:3, Licht: 2,27283,3,1,8,02,22,6,0,2,0,1,0,0,0,0
"POINT (6.766077665000070 51.497375266000098)",Unfall 27286 (2022) Kat:3, Licht: 2,27286,3,7,1,02,22,2,0,2,0,1,0,0,0,0
"POINT (6.780133531000050 51.490791328000100)",Unfall 27297 (2022) Kat:3, Licht: 0,27297,3,1,2,01,12,7,1,0,0,1,0,0,0,0
"POINT (6.700737809000030 51.362677185999999)",Unfall 27335 (2022) Kat:3, Licht: 2,27335,3,5,8,02,07,4,0,2,0,1,0,0,1,0
"POINT (6.712049323000030 51.412624637000100)",Unfall 27359 (2022) Kat:3, Licht: 2,27359,3,3,5,02,18,6,0,2,1,1,0,0,0,0
"POINT (6.778742055000070 51.446163378000101)",Unfall 27366 (2022) Kat:3, Licht: 0,27366,3,6,3,02,15,2,0,0,0,1,0,0,1,0
"POINT (6.742883833000060 51.522794797000103)",Unfall 27373 (2022) Kat:3, Licht: 0,27373,3,6,0,01,09,1,0,0,1,0,1,0,0,0
"POINT (6.743164596000040 51.370129476999999)",Unfall 27383 (2022) Kat:3, Licht: 2,27383,3,1,2,01,21,2,1,2,0,1,0,0,0,0
"POINT (6.797470706000070 51.500527389000098)",Unfall 27499 (2022) Kat:3, Licht: 0,27499,3,7,6,02,11,3,1,0,0,1,1,0,0,0
"POINT (6.707498952000040 51.438130886000103)",Unfall 27507 (2022) Kat:3, Licht: 2,27507,3,1,1,01,07,2,1,2,0,1,0,0,1,0
"POINT (6.712074365000030 51.406036831000101)",Unfall 27553 (2022) Kat:3, Licht: 0,27553,3,7,0,02,09,2,0,0,1,0,0,0,0,0
"POINT (6.773353802000030 51.437675902000102)",Unfall 27606 (2022) Kat:3, Licht: 0,27606,3,2,5,02,14,4,0,0,1,1,0,0,0,0
"POINT (6.740919292000060 51.454476432000000)",Unfall 27628 (2022) Kat:3, Licht: 2,27628,3,7,5,02,20,6,1,2,1,1,0,0,0,0
"POINT (6.795586170000040 51.431857522000001)",Unfall 27681 (2022) Kat:3, Licht: 0,27681,3,6,2,02,16,4,0,0,0,1,0,0,0,0
"POINT (6.754117646000050 51.480563876000097)",Unfall 27732 (2022) Kat:3, Licht: 0,27732,3,3,5,02,14,6,1,0,1,1,0,0,0,0
"POINT (6.798537584000030 51.448070676999997)",Unfall 27752 (2022) Kat:3, Licht: 0,27752,3,6,2,03,17,5,0,0,0,1,0,0,1,0
"POINT (6.783681058000070 51.388110228000102)",Unfall 27773 (2022) Kat:2, Licht: 0,27773,2,1,0,02,07,6,2,0,0,0,0,1,0,0
"POINT (6.762933898000030 51.498943656999998)",Unfall 27781 (2022) Kat:3, Licht: 2,27781,3,2,3,03,04,3,0,2,1,0,0,0,0,1
"POINT (6.703666990000040 51.435507352999998)",Unfall 27787 (2022) Kat:3, Licht: 0,27787,3,6,2,03,16,6,0,0,0,1,0,1,0,0
"POINT (6.820459492000050 51.498453941999998)",Unfall 27796 (2022) Kat:3, Licht: 0,27796,3,6,2,03,15,3,0,0,0,1,0,0,1,0
"POINT (6.770985607000060 51.434179062000098)",Unfall 27841 (2022) Kat:3, Licht: 0,27841,3,3,5,03,16,6,0,0,0,0,0,1,0,1
"POINT (6.753179398000040 51.395729271999997)",Unfall 27987 (2022) Kat:3, Licht: 1,27987,3,3,0,02,07,4,1,1,0,1,0,0,0,1
"POINT (6.792185728000050 51.427661812000103)",Unfall 28049 (2022) Kat:3, Licht: 0,28049,3,1,0,03,15,2,0,0,1,0,0,0,0,0
"POINT (6.734842357000050 51.475033634000098)",Unfall 28091 (2022) Kat:3, Licht: 2,28091,3,6,1,02,17,4,1,2,0,1,0,0,0,0
"POINT (6.779554611000040 51.437734733000099)",Unfall 28165 (2022) Kat:3, Licht: 0,28165,3,6,2,03,15,3,0,0,0,1,0,0,0,1
"POINT (6.765186068000050 51.429859008000101)",Unfall 28178 (2022) Kat:3, Licht: 0,28178,3,2,6,03,16,6,0,0,1,0,1,0,0,0
"POINT (6.712146158000050 51.407350037000100)",Unfall 28252 (2022) Kat:2, Licht: 0,28252,2,2,6,03,11,2,0,0,0,1,1,0,0,0
"POINT (6.728823044000020 51.368503273999998)",Unfall 28254 (2022) Kat:3, Licht: 0,28254,3,6,1,03,12,6,0,0,0,1,0,0,0,0
"POINT (6.762351356000070 51.434278491000001)",Unfall 28280 (2022) Kat:3, Licht: 1,28280,3,3,5,03,09,6,0,1,0,1,0,0,0,0
"POINT (6.693413247000020 51.501118089999999)",Unfall 28298 (2022) Kat:1, Licht: 0,28298,1,1,8,03,10,1,0,0,0,1,0,0,0,0
"POINT (6.739339713000050 51.450673000999998)",Unfall 28306 (2022) Kat:2, Licht: 2,28306,2,6,0,02,19,3,1,2,1,0,0,0,0,0
"POINT (6.713480081000060 51.406018379000002)",Unfall 28389 (2022) Kat:3, Licht: 0,28389,3,2,4,03,14,4,0,0,1,1,0,0,0,0
"POINT (6.768189768000070 51.462282849000097)",Unfall 28436 (2022) Kat:3, Licht: 0,28436,3,1,2,03,11,6,0,0,0,1,0,0,0,1
"POINT (6.791662762000040 51.478875260000102)",Unfall 28533 (2022) Kat:3, Licht: 0,28533,3,3,5,03,19,7,0,0,1,1,0,0,0,0
"POINT (6.734257613000070 51.470342025999997)",Unfall 28535 (2022) Kat:3, Licht: 0,28535,3,1,0,02,07,4,1,0,0,0,0,1,0,0
"POINT (6.710696601000050 51.398165891000097)",Unfall 28550 (2022) Kat:3, Licht: 2,28550,3,6,2,02,21,7,1,2,0,1,0,0,0,0
"POINT (6.742815149000020 51.525761005000000)",Unfall 28558 (2022) Kat:3, Licht: 0,28558,3,7,6,02,17,3,1,0,0,1,1,0,0,0
"POINT (6.747099982000070 51.419782192000099)",Unfall 28587 (2022) Kat:3, Licht: 0,28587,3,6,2,02,13,4,0,0,0,1,0,0,0,1
"POINT (6.808876304000020 51.487308855000002)",Unfall 28597 (2022) Kat:2, Licht: 0,28597,2,6,3,02,17,4,0,0,0,1,0,0,0,1
"POINT (6.752858846000040 51.395994366000103)",Unfall 28646 (2022) Kat:3, Licht: 0,28646,3,7,6,02,16,6,0,0,0,1,1,0,0,0
"POINT (6.819494816000030 51.496494735000098)",Unfall 28655 (2022) Kat:2, Licht: 0,28655,2,6,2,03,13,5,0,0,0,1,0,0,0,0
"POINT (6.704462671000040 51.421191545000099)",Unfall 28754 (2022) Kat:3, Licht: 0,28754,3,1,9,03,14,4,0,0,0,1,0,0,0,0
"POINT (6.756842679000040 51.430648459000103)",Unfall 28757 (2022) Kat:3, Licht: 0,28757,3,3,5,03,11,6,0,0,0,1,0,0,0,0
"POINT (6.766844347000070 51.489867629000102)",Unfall 28758 (2022) Kat:2, Licht: 2,28758,2,7,7,02,18,6,0,2,0,1,0,0,0,0
"POINT (6.784908170000050 51.466919783999998)",Unfall 28759 (2022) Kat:3, Licht: 2,28759,3,2,0,03,20,4,0,2,1,1,0,0,0,0
"POINT (6.784954677000030 51.466754999000003)",Unfall 28811 (2022) Kat:3, Licht: 0,28811,3,6,6,02,09,6,0,0,0,1,1,0,0,0
"POINT (6.763712120000040 51.442510761000101)",Unfall 28835 (2022) Kat:3, Licht: 0,28835,3,6,3,03,08,6,0,0,0,1,0,0,1,0
"POINT (6.684422575000040 51.409732517000101)",Unfall 28875 (2022) Kat:3, Licht: 1,28875,3,3,0,02,07,4,1,1,0,1,0,0,0,1
"POINT (6.730670875000040 51.480413132000102)",Unfall 28909 (2022) Kat:3, Licht: 0,28909,3,6,0,03,12,6,0,0,0,1,0,0,1,0
"POINT (6.775812741000040 51.433247203000100)",Unfall 28917 (2022) Kat:3, Licht: 1,28917,3,2,5,03,17,4,0,1,0,1,0,0,0,0
"POINT (6.742856352000050 51.524030460000098)",Unfall 29005 (2022) Kat:3, Licht: 0,29005,3,2,4,03,11,5,0,0,1,1,0,0,0,0
"POINT (6.759366109000040 51.527659626000101)",Unfall 29032 (2022) Kat:3, Licht: 2,29032,3,2,5,02,18,1,0,2,0,1,0,0,0,1
"POINT (6.696865404000050 51.480465289000101)",Unfall 29033 (2022) Kat:2, Licht: 0,29033,2,1,9,02,15,3,1,0,0,1,0,0,0,0
"POINT (6.775780412000070 51.440280037000001)",Unfall 29036 (2022) Kat:2, Licht: 0,29036,2,6,3,02,11,2,0,0,0,1,0,0,0,0
"POINT (6.770866256000030 51.497510460000100)",Unfall 29038 (2022) Kat:3, Licht: 2,29038,3,2,4,03,20,5,0,2,0,1,0,0,0,0
"POINT (6.786935379000060 51.440652360999998)",Unfall 29073 (2022) Kat:3, Licht: 0,29073,3,7,0,02,08,4,0,0,0,1,0,0,0,1
"POINT (6.774786462000070 51.512014115000099)",Unfall 29097 (2022) Kat:3, Licht: 0,29097,3,2,5,03,13,6,0,0,1,1,0,0,0,0
"POINT (6.746464772000020 51.442850528000100)",Unfall 29131 (2022) Kat:3, Licht: 0,29131,3,7,9,02,08,6,1,0,0,1,0,0,0,0
"POINT (6.785289288000060 51.486368935000002)",Unfall 29143 (2022) Kat:3, Licht: 2,29143,3,6,3,03,05,2,0,2,0,1,0,0,1,0
"POINT (6.737233740000020 51.479946406000103)",Unfall 29172 (2022) Kat:3, Licht: 0,29172,3,3,0,03,14,2,0,0,0,1,0,0,0,1
"POINT (6.760709556000050 51.500103233000097)",Unfall 29174 (2022) Kat:3, Licht: 0,29174,3,3,0,03,14,6,0,0,0,1,0,0,0,1
"POINT (6.800624492000050 51.443295842000097)",Unfall 29178 (2022) Kat:2, Licht: 2,29178,2,6,2,02,18,2,1,2,0,1,0,0,0,0
"POINT (6.798659820000070 51.450779975000003)",Unfall 29241 (2022) Kat:3, Licht: 0,29241,3,6,2,02,14,4,1,0,0,1,0,0,0,0
"POINT (6.769184173000040 51.486583469999999)",Unfall 29260 (2022) Kat:2, Licht: 1,29260,2,6,2,03,06,4,0,1,0,1,0,0,0,0
"POINT (6.808192429000030 51.441496266999998)",Unfall 29279 (2022) Kat:2, Licht: 1,29279,2,1,9,03,18,6,0,1,0,0,0,1,0,0
"POINT (6.766487602000040 51.461776008000101)",Unfall 29296 (2022) Kat:2, Licht: 2,29296,2,3,0,03,21,7,0,2,0,0,0,1,0,0
"POINT (6.818432822000030 51.494347725000097)",Unfall 29323 (2022) Kat:2, Licht: 0,29323,2,6,3,02,15,6,1,0,0,1,0,0,1,0
"POINT (6.739736257000060 51.455427692000100)",Unfall 29358 (2022) Kat:3, Licht: 0,29358,3,6,0,03,17,6,0,0,1,1,0,0,0,0
"POINT (6.702535653000040 51.398962984999997)",Unfall 29364 (2022) Kat:3, Licht: 0,29364,3,7,0,03,07,4,0,0,0,1,0,0,0,1
"POINT (6.770209114000070 51.461981301000002)",Unfall 29414 (2022) Kat:3, Licht: 0,29414,3,6,2,03,16,2,0,0,0,1,0,0,0,1
"POINT (6.797832353000050 51.484583338999997)",Unfall 29415 (2022) Kat:3, Licht: 0,29415,3,6,3,02,15,3,0,0,0,1,0,1,0,0
"POINT (6.774865188000040 51.457438504999999)",Unfall 29417 (2022) Kat:2, Licht: 0,29417,2,6,2,02,13,4,0,0,0,1,0,0,0,0
"POINT (6.794374377000050 51.430151802000097)",Unfall 29455 (2022) Kat:3, Licht: 2,29455,3,4,0,03,18,7,0,2,0,1,1,0,0,0
"POINT (6.767503326000050 51.420611119000100)",Unfall 29543 (2022) Kat:3, Licht: 0,29543,3,6,4,03,16,6,0,0,1,0,0,0,0,0
"POINT (6.765616727000070 51.436849999000103)",Unfall 29584 (2022) Kat:2, Licht: 0,29584,2,2,6,03,08,5,0,0,0,1,1,0,0,0
"POINT (6.768784474000030 51.483799480000101)",Unfall 29617 (2022) Kat:3, Licht: 0,29617,3,6,2,03,12,2,0,0,0,1,0,0,0,0
"POINT (6.779353328000070 51.445467113000099)",Unfall 29619 (2022) Kat:3, Licht: 0,29619,3,6,2,03,15,6,0,0,0,1,0,0,0,1
"POINT (6.778886914000050 51.484437438000000)",Unfall 29647 (2022) Kat:3, Licht: 1,29647,3,6,2,02,17,7,0,1,0,1,0,0,0,0
"POINT (6.782930577000060 51.385246221000003)",Unfall 29674 (2022) Kat:1, Licht: 0,29674,1,2,3,02,14,4,0,0,0,1,0,1,0,0
"POINT (6.782717022000040 51.439151631000101)",Unfall 29751 (2022) Kat:3, Licht: 0,29751,3,3,5,03,16,6,0,0,0,1,0,1,0,0
"POINT (6.792652192000050 51.486289394000003)",Unfall 29840 (2022) Kat:3, Licht: 0,29840,3,3,5,03,13,6,0,0,1,1,0,0,0,0
"POINT (6.733873077000060 51.519430415999999)",Unfall 29864 (2022) Kat:3, Licht: 0,29864,3,6,2,03,07,2,1,0,0,1,0,1,0,0
"POINT (6.735652485000060 51.369283414999998)",Unfall 29871 (2022) Kat:3, Licht: 0,29871,3,6,2,03,14,3,0,0,0,1,0,1,0,0
"POINT (6.771009759000040 51.461234465000103)",Unfall 29873 (2022) Kat:3, Licht: 0,29873,3,6,2,03,14,6,0,0,0,1,0,0,0,1
"POINT (6.772084064000070 51.427268873999999)",Unfall 29941 (2022) Kat:3, Licht: 1,29941,3,2,5,03,06,2,1,1,0,1,0,0,0,0
"POINT (6.806633247000040 51.412418263000099)",Unfall 29961 (2022) Kat:3, Licht: 0,29961,3,7,0,03,15,2,0,0,0,1,0,0,0,0
"POINT (6.715414208000030 51.406194126000102)",Unfall 30024 (2022) Kat:3, Licht: 0,30024,3,4,6,03,15,1,1,0,0,1,1,0,0,0
"POINT (6.782739289000060 51.489870308000000)",Unfall 30123 (2022) Kat:3, Licht: 0,30123,3,3,5,03,18,3,0,0,1,0,0,1,0,1
"POINT (6.742321554000060 51.513265038000000)",Unfall 30152 (2022) Kat:3, Licht: 0,30152,3,3,5,03,08,5,1,0,0,1,0,1,0,0
"POINT (6.738638588000070 51.381566394000103)",Unfall 30257 (2022) Kat:3, Licht: 2,30257,3,6,2,03,20,3,0,2,0,1,0,0,0,0
"POINT (6.814301007000040 51.486667784000097)",Unfall 30290 (2022) Kat:3, Licht: 0,30290,3,6,2,03,08,4,0,0,0,1,0,0,0,1
"POINT (6.821632413000030 51.501445253999997)",Unfall 30404 (2022) Kat:3, Licht: 2,30404,3,1,9,03,22,3,0,2,0,1,0,0,0,0
"POINT (6.792192281000040 51.509105800999997)",Unfall 30408 (2022) Kat:3, Licht: 0,30408,3,7,6,03,12,3,0,0,0,1,1,0,0,0
"POINT (6.781933853000060 51.467877224000098)",Unfall 30417 (2022) Kat:3, Licht: 0,30417,3,5,3,03,15,4,0,0,0,0,0,0,0,1
"POINT (6.750850122000030 51.397919751000103)",Unfall 30462 (2022) Kat:3, Licht: 0,30462,3,3,5,03,09,5,0,0,1,1,0,0,0,0
"POINT (6.672609598000070 51.437406572000000)",Unfall 30490 (2022) Kat:3, Licht: 2,30490,3,6,3,03,20,3,0,2,0,1,0,0,0,1
"POINT (6.740919292000060 51.454476432000000)",Unfall 30498 (2022) Kat:3, Licht: 0,30498,3,6,5,03,10,7,0,0,1,1,0,0,0,0
"POINT (6.789472445000060 51.485750019000101)",Unfall 30509 (2022) Kat:3, Licht: 0,30509,3,6,3,03,11,4,0,0,0,1,0,0,1,0