WKT,Name,OBJECTID,UKATEGORIE,UTYP1,UART,UMONAT,USTUNDE,UWOCHENTAG,STRZUSTAND,ULICHTVERH,ISTRAD,ISTPKW,ISTFUSS,ISTKRAD,ISTGKFZ,ISTSONSTIG
"POINT (6.757013975000060 51.436926954999997)",Unfall 30521 (2022) Kat:3, Licht: 0,30521,3,2,5,03,12,2,0,0,1,0,0,0,0,1
"POINT (6.734820784000020 51.458108408999998)",Unfall 30573 (2022) Kat:3, Licht: 0,30573,3,1,8,03,13,2,0,0,0,1,0,0,0,0
"POINT (6.798560338000070 51.447869193000002)",Unfall 30577 (2022) Kat:3, Licht: 2,30577,3,6,2,03,02,1,0,2,0,1,0,0,0,0
"POINT (6.696364283000040 51.450955776999997)",Unfall 30596 (2022) Kat:3, Licht: 0,30596,3,3,5,03,10,7,0,0,0,1,0,1,0,0
"POINT (6.683586295000050 51.443533784000103)",Unfall 30599 (2022) Kat:3, Licht: 0,30599,3,1,1,03,14,3,0,0,0,1,0,0,0,0
"POINT (6.774865188000040 51.457438504999999)",Unfall 30660 (2022) Kat:3, Licht: 2,30660,3,6,3,03,22,1,0,2,0,1,0,0,0,0
"POINT (6.734957723000040 51.456019550000100)",Unfall 30689 (2022) Kat:3, Licht: 2,30689,3,6,0,03,22,6,0,2,0,1,0,1,0,0
"POINT (6.773884880000030 51.437564981000001)",Unfall 30693 (2022) Kat:2, Licht: 2,30693,2,2,5,03,22,5,0,2,0,1,0,0,0,0
"POINT (6.806843191000040 51.403002389000100)",Unfall 30728 (2022) Kat:3, Licht: 0,30728,3,6,2,03,07,2,0,0,0,1,0,0,0,0
"POINT (6.691751805000020 51.387586673999998)",Unfall 30731 (2022) Kat:3, Licht: 0,30731,3,5,2,03,07,4,0,0,0,1,0,0,0,0
"POINT (6.755364584000060 51.432338186000003)",Unfall 30840 (2022) Kat:3, Licht: 2,30840,3,3,5,03,20,6,0,2,1,1,0,0,0,0
"POINT (6.763594758000070 51.505564675000102)",Unfall 30890 (2022) Kat:3, Licht: 0,30890,3,2,6,03,06,6,1,0,0,1,1,0,0,0
"POINT (6.750850122000030 51.397919751000103)",Unfall 30977 (2022) Kat:3, Licht: 1,30977,3,7,0,03,18,7,0,1,0,0,1,0,0,1
"POINT (6.702535653000040 51.398962984999997)",Unfall 30978 (2022) Kat:3, Licht: 1,30978,3,3,4,03,05,6,0,1,0,1,0,1,0,0
"POINT (6.805848513000060 51.433178320000103)",Unfall 31023 (2022) Kat:3, Licht: 0,31023,3,5,3,04,14,3,0,0,1,0,1,0,0,0
"POINT (6.802921890000050 51.457304471000000)",Unfall 31048 (2022) Kat:2, Licht: 0,31048,2,7,9,04,08,1,0,0,0,1,0,0,0,0
"POINT (6.751308600000070 51.402657352000098)",Unfall 31053 (2022) Kat:2, Licht: 0,31053,2,2,3,04,17,5,0,0,0,1,0,0,0,0
"POINT (6.780843818000050 51.490479291000000)",Unfall 31089 (2022) Kat:3, Licht: 0,31089,3,1,8,04,15,4,1,0,0,1,0,0,0,0
"POINT (6.771785015000030 51.496328752000103)",Unfall 31093 (2022) Kat:3, Licht: 0,31093,3,5,3,04,15,5,1,0,1,1,0,0,0,0
"POINT (6.651290225000030 51.391694590000000)",Unfall 31109 (2022) Kat:3, Licht: 0,31109,3,2,0,03,15,7,0,0,0,1,0,1,0,0
"POINT (6.738147334000080 51.516215093000000)",Unfall 31116 (2022) Kat:3, Licht: 0,31116,3,7,1,04,19,3,0,0,0,1,0,0,0,0
"POINT (6.752222154000040 51.409247323000002)",Unfall 31137 (2022) Kat:3, Licht: 2,31137,3,7,0,04,05,6,1,2,1,0,0,0,0,0
"POINT (6.762532944000040 51.401329994000001)",Unfall 31195 (2022) Kat:3, Licht: 0,31195,3,6,2,03,17,2,0,0,0,1,0,0,0,0
"POINT (6.797830296000030 51.394634735000103)",Unfall 31295 (2022) Kat:3, Licht: 0,31295,3,6,1,04,12,1,0,0,0,1,0,0,0,0
"POINT (6.790699966000030 51.486787960000100)",Unfall 31320 (2022) Kat:3, Licht: 0,31320,3,6,2,04,12,6,1,0,0,1,0,0,0,0
"POINT (6.701250329000060 51.415343203000099)",Unfall 31343 (2022) Kat:3, Licht: 0,31343,3,3,5,03,09,2,0,0,1,1,0,0,0,0
"POINT (6.773300884000040 51.491814494000003)",Unfall 31345 (2022) Kat:3, Licht: 2,31345,3,1,7,03,02,7,0,2,0,1,0,0,0,0
"POINT (6.711640551000070 51.405748394000099)",Unfall 31379 (2022) Kat:3, Licht: 2,31379,3,2,0,03,22,5,1,2,0,1,0,0,0,0
"POINT (6.790141908000070 51.425958817000001)",Unfall 31461 (2022) Kat:3, Licht: 0,31461,3,3,0,04,07,6,1,0,1,1,0,0,0,0
"POINT (6.754912356000030 51.487093328000100)",Unfall 31509 (2022) Kat:3, Licht: 0,31509,3,6,3,04,12,4,0,0,0,1,0,0,1,0
"POINT (6.767192022000070 51.407352426999999)",Unfall 31550 (2022) Kat:2, Licht: 0,31550,2,3,0,04,07,2,0,0,1,1,0,0,0,0
"POINT (6.743164596000040 51.370129476999999)",Unfall 31600 (2022) Kat:3, Licht: 0,31600,3,7,8,03,15,7,0,0,0,1,0,0,0,0
"POINT (6.778049577000050 51.405019276000097)",Unfall 31610 (2022) Kat:3, Licht: 0,31610,3,5,1,04,14,7,0,0,0,1,0,0,0,0
"POINT (6.742413419000060 51.521234548999999)",Unfall 31640 (2022) Kat:3, Licht: 0,31640,3,3,0,04,16,6,1,0,1,1,0,0,0,0
"POINT (6.802615945000070 51.409410874999999)",Unfall 31642 (2022) Kat:3, Licht: 0,31642,3,2,5,03,14,5,1,0,0,1,0,0,0,0
"POINT (6.717239031000080 51.414969513000102)",Unfall 31677 (2022) Kat:3, Licht: 0,31677,3,1,2,04,16,3,0,0,0,1,0,0,0,0
"POINT (6.791773204000040 51.427310308000102)",Unfall 31728 (2022) Kat:3, Licht: 2,31728,3,4,6,04,22,7,0,2,0,1,1,0,0,0
"POINT (6.752005318000040 51.441061550000001)",Unfall 31733 (2022) Kat:3, Licht: 2,31733,3,4,6,04,22,3,1,2,0,0,1,0,0,1
"POINT (6.763993776000060 51.496778012999997)",Unfall 31738 (2022) Kat:3, Licht: 2,31738,3,6,3,04,22,2,1,2,0,1,0,0,0,0
"POINT (6.751871374000070 51.527374899999998)",Unfall 31740 (2022) Kat:3, Licht: 0,31740,3,2,5,03,13,1,0,0,0,1,0,0,0,0
"POINT (6.765079646000060 51.498095499999998)",Unfall 31767 (2022) Kat:3, Licht: 2,31767,3,7,6,03,20,4,0,2,0,1,0,0,0,1
"POINT (6.758297273000040 51.435828350000101)",Unfall 31786 (2022) Kat:3, Licht: 0,31786,3,3,5,04,14,3,1,0,1,1,0,0,0,0
"POINT (6.766308736000040 51.468686816000101)",Unfall 31828 (2022) Kat:3, Licht: 0,31828,3,1,2,04,15,4,0,0,0,1,0,0,0,1
"POINT (6.729075827000030 51.479361427000100)",Unfall 31857 (2022) Kat:3, Licht: 2,31857,3,1,8,03,03,2,0,2,0,1,0,0,0,0
"POINT (6.734739785000040 51.473522244000002)",Unfall 31935 (2022) Kat:2, Licht: 0,31935,2,2,5,03,10,7,0,0,1,0,0,0,0,1
"POINT (6.743036950000030 51.383743450000097)",Unfall 31981 (2022) Kat:3, Licht: 0,31981,3,6,1,04,14,5,0,0,0,1,0,0,1,0
"POINT (6.783966227000060 51.489507600000103)",Unfall 31984 (2022) Kat:3, Licht: 0,31984,3,6,6,04,16,6,1,0,0,1,1,0,0,0
"POINT (6.756811828000020 51.430704644000102)",Unfall 32041 (2022) Kat:3, Licht: 0,32041,3,3,3,03,15,5,1,0,1,1,0,0,0,0
"POINT (6.765235826000040 51.471229127000100)",Unfall 32108 (2022) Kat:3, Licht: 0,32108,3,1,0,04,13,1,0,0,0,0,0,1,0,0
"POINT (6.687291913000020 51.407393123000098)",Unfall 32124 (2022) Kat:3, Licht: 0,32124,3,5,1,03,17,2,0,0,0,1,0,1,0,0
"POINT (6.798508519000050 51.422941139999999)",Unfall 32149 (2022) Kat:3, Licht: 0,32149,3,6,2,04,15,4,0,0,0,1,0,0,0,0
"POINT (6.769275257000060 51.405169831000102)",Unfall 32160 (2022) Kat:3, Licht: 0,32160,3,6,1,03,15,3,0,0,0,1,0,0,0,0
"POINT (6.796076643000050 51.457539384000000)",Unfall 32202 (2022) Kat:3, Licht: 2,32202,3,1,4,04,21,2,0,2,0,1,0,0,0,1
"POINT (6.770958720000070 51.426787419999997)",Unfall 32213 (2022) Kat:2, Licht: 0,32213,2,1,0,03,16,1,0,0,0,1,0,0,0,0
"POINT (6.805848513000060 51.433178320000103)",Unfall 32231 (2022) Kat:3, Licht: 0,32231,3,7,0,04,15,6,1,0,1,0,0,0,0,0
"POINT (6.743926541000060 51.511777174000002)",Unfall 32276 (2022) Kat:3, Licht: 2,32276,3,7,0,03,21,7,0,2,1,0,0,0,0,0
"POINT (6.778369844000050 51.365729889000100)",Unfall 32302 (2022) Kat:3, Licht: 0,32302,3,7,6,04,17,5,1,0,0,1,1,0,0,0
"POINT (6.768831818000020 51.370718065000098)",Unfall 32305 (2022) Kat:3, Licht: 0,32305,3,2,6,04,11,6,1,0,0,1,1,0,0,0
"POINT (6.711928616000020 51.413748799000103)",Unfall 32344 (2022) Kat:3, Licht: 0,32344,3,6,2,04,12,3,0,0,0,1,0,0,0,0
"POINT (6.696558181000060 51.401439183999997)",Unfall 32396 (2022) Kat:3, Licht: 0,32396,3,7,0,04,11,2,0,0,0,0,0,1,0,0
"POINT (6.784337213000070 51.467095663000102)",Unfall 32520 (2022) Kat:3, Licht: 0,32520,3,1,1,03,14,2,0,0,0,1,0,0,1,0
"POINT (6.716336216000060 51.394654762000101)",Unfall 32564 (2022) Kat:3, Licht: 0,32564,3,2,9,04,18,7,0,0,0,1,0,0,0,0
"POINT (6.778988388000070 51.448200264999997)",Unfall 32582 (2022) Kat:3, Licht: 2,32582,3,1,9,04,21,1,0,2,0,0,0,1,0,0
"POINT (6.793243620000060 51.466706825000102)",Unfall 32597 (2022) Kat:3, Licht: 0,32597,3,6,1,03,14,2,0,0,1,1,0,0,0,0
"POINT (6.746464772000020 51.442850528000100)",Unfall 32659 (2022) Kat:3, Licht: 0,32659,3,6,4,04,07,4,0,0,1,0,0,0,0,0
"POINT (6.771321257000070 51.495027608999997)",Unfall 32671 (2022) Kat:3, Licht: 2,32671,3,7,6,04,00,5,0,2,0,0,1,1,0,0
"POINT (6.714646459000050 51.415276404000103)",Unfall 32675 (2022) Kat:3, Licht: 0,32675,3,1,2,04,13,5,0,0,0,1,0,0,0,0
"POINT (6.767600833000070 51.466594999999998)",Unfall 32684 (2022) Kat:3, Licht: 2,32684,3,3,5,04,05,3,1,2,0,1,0,1,0,0
"POINT (6.733933271000070 51.455965213000098)",Unfall 32691 (2022) Kat:3, Licht: 2,32691,3,7,0,04,21,1,0,2,0,1,0,1,0,0
"POINT (6.770422953000040 51.445963157000101)",Unfall 32764 (2022) Kat:3, Licht: 0,32764,3,3,0,05,12,4,0,0,1,1,0,0,0,0
"POINT (6.754992909000070 51.527563620000102)",Unfall 32839 (2022) Kat:3, Licht: 2,32839,3,3,5,04,05,6,0,2,1,1,0,0,0,0
"POINT (6.798485626000060 51.448967605000099)",Unfall 32875 (2022) Kat:3, Licht: 0,32875,3,6,2,05,15,1,0,0,0,1,0,0,0,0
"POINT (6.753487046000030 51.487202089999997)",Unfall 32884 (2022) Kat:3, Licht: 0,32884,3,6,2,04,15,2,0,0,0,1,0,0,0,0
"POINT (6.743800313000070 51.487557959000100)",Unfall 32937 (2022) Kat:3, Licht: 0,32937,3,1,0,04,16,5,0,0,1,1,0,0,0,0
"POINT (6.758687160000020 51.431573980000103)",Unfall 32957 (2022) Kat:3, Licht: 0,32957,3,6,2,04,15,4,0,0,0,1,0,0,0,0
"POINT (6.668640790000040 51.482866047000101)",Unfall 33034 (2022) Kat:3, Licht: 0,33034,3,3,5,04,12,7,0,0,0,1,0,0,0,0
"POINT (6.696865642000030 51.401334780000099)",Unfall 33135 (2022) Kat:3, Licht: 0,33135,3,6,2,05,09,3,0,0,0,1,0,0,0,0
"POINT (6.766487602000040 51.461776008000101)",Unfall 33154 (2022) Kat:2, Licht: 0,33154,2,6,3,04,17,1,0,0,0,1,0,0,0,0
"POINT (6.799352711000040 51.452538483000097)",Unfall 33167 (2022) Kat:2, Licht: 0,33167,2,6,1,04,15,5,0,0,0,1,0,0,0,1
"POINT (6.675625449000050 51.419183627999999)",Unfall 33173 (2022) Kat:3, Licht: 0,33173,3,6,2,04,19,5,0,0,0,1,0,1,0,0
"POINT (6.793208214000060 51.453470681000098)",Unfall 33201 (2022) Kat:3, Licht: 0,33201,3,7,3,04,15,2,0,0,1,0,0,0,0,0
"POINT (6.769711925000020 51.512495649000101)",Unfall 33213 (2022) Kat:3, Licht: 0,33213,3,6,2,04,09,4,0,0,0,1,0,0,0,0
"POINT (6.780146435000060 51.484898887000000)",Unfall 33263 (2022) Kat:3, Licht: 0,33263,3,6,3,04,14,3,0,0,0,1,0,0,1,0
"POINT (6.708454205000070 51.397564262000103)",Unfall 33282 (2022) Kat:3, Licht: 0,33282,3,6,0,04,15,5,0,0,0,0,0,0,0,1
"POINT (6.782089866000040 51.432246380000002)",Unfall 33319 (2022) Kat:3, Licht: 0,33319,3,3,4,04,08,4,0,0,0,1,0,0,0,1
"POINT (6.715449196000070 51.415231237000100)",Unfall 33365 (2022) Kat:3, Licht: 2,33365,3,3,0,04,21,3,0,2,1,1,0,0,0,0
"POINT (6.774954721000030 51.493114916000103)",Unfall 33458 (2022) Kat:3, Licht: 0,33458,3,2,4,04,16,7,0,0,0,1,0,0,0,0
"POINT (6.710875768000050 51.417138269000098)",Unfall 33510 (2022) Kat:3, Licht: 0,33510,3,6,5,04,16,7,0,0,0,1,0,0,0,0
"POINT (6.759773073000080 51.510374003999999)",Unfall 33611 (2022) Kat:3, Licht: 0,33611,3,2,5,05,11,3,0,0,0,1,0,0,0,0
"POINT (6.737513187000050 51.487781965000103)",Unfall 33626 (2022) Kat:3, Licht: 2,33626,3,1,1,05,22,4,0,2,0,1,0,0,0,0
"POINT (6.747099982000070 51.419782192000099)",Unfall 33666 (2022) Kat:3, Licht: 0,33666,3,6,2,04,14,5,0,0,0,1,0,0,1,0
"POINT (6.764211695000030 51.501355933000099)",Unfall 33671 (2022) Kat:3, Licht: 0,33671,3,6,2,04,14,7,0,0,0,1,0,0,0,0
"POINT (6.681571896000040 51.417868982000101)",Unfall 33673 (2022) Kat:3, Licht: 0,33673,3,6,2,04,15,4,0,0,0,1,0,0,0,0
"POINT (6.773094919000070 51.433581543999999)",Unfall 33719 (2022) Kat:3, Licht: 0,33719,3,3,5,04,15,2,0,0,1,1,0,0,0,0
"POINT (6.740445748000070 51.480109650000003)",Unfall 33747 (2022) Kat:2, Licht: 0,33747,2,5,1,04,15,5,0,0,0,1,0,1,0,0
"POINT (6.788179192000030 51.486165496000098)",Unfall 33771 (2022) Kat:3, Licht: 0,33771,3,6,3,04,16,2,0,0,0,1,0,0,1,0
"POINT (6.783934911000070 51.489517042000003)",Unfall 33777 (2022) Kat:2, Licht: 2,33777,2,6,6,04,23,4,0,2,0,0,1,0,1,0
"POINT (6.733033206000070 51.466621660999998)",Unfall 33845 (2022) Kat:3, Licht: 0,33845,3,6,4,05,16,3,0,0,1,1,0,0,0,0
"POINT (6.732550452000050 51.482110691999999)",Unfall 33859 (2022) Kat:3, Licht: 0,33859,3,6,3,05,15,6,0,0,0,1,0,0,0,0
"POINT (6.670806718000050 51.481544520000099)",Unfall 33885 (2022) Kat:2, Licht: 0,33885,2,6,4,04,14,6,0,0,0,1,0,0,1,0
"POINT (6.802116773000020 51.485667154000097)",Unfall 33941 (2022) Kat:2, Licht: 0,33941,2,6,3,04,07,3,0,0,0,1,0,0,1,0
"POINT (6.741333234000020 51.534355183000102)",Unfall 33953 (2022) Kat:3, Licht: 0,33953,3,2,3,04,15,7,0,0,0,1,0,0,0,1
"POINT (6.678505612000040 51.437546826000101)",Unfall 33966 (2022) Kat:3, Licht: 1,33966,3,6,3,05,06,2,0,1,0,1,0,0,0,0
"POINT (6.762532944000040 51.401329994000001)",Unfall 34022 (2022) Kat:3, Licht: 0,34022,3,1,1,04,13,7,0,0,0,1,0,0,0,0
"POINT (6.799769898000020 51.454321860999997)",Unfall 34124 (2022) Kat:3, Licht: 0,34124,3,6,2,04,14,5,0,0,0,1,0,0,0,0
"POINT (6.752010751000060 51.418858618999998)",Unfall 34134 (2022) Kat:3, Licht: 0,34134,3,2,0,05,12,3,0,0,0,1,1,0,0,0
"POINT (6.751028311000030 51.400287081999998)",Unfall 34300 (2022) Kat:3, Licht: 0,34300,3,2,5,04,12,5,0,0,0,1,0,0,0,0
"POINT (6.741333234000020 51.534355183000102)",Unfall 34327 (2022) Kat:3, Licht: 0,34327,3,1,1,04,14,4,0,0,0,1,0,0,0,0
"POINT (6.752736841000060 51.371504690000101)",Unfall 34338 (2022) Kat:3, Licht: 0,34338,3,7,8,05,14,6,0,0,0,1,0,0,0,0
"POINT (6.748840132000050 51.419294688999997)",Unfall 34342 (2022) Kat:2, Licht: 0,34342,2,2,5,04,14,1,0,0,0,1,0,1,0,0
"POINT (6.738511072000050 51.451278280000103)",Unfall 34386 (2022) Kat:3, Licht: 0,34386,3,6,2,04,15,6,0,0,0,1,0,0,0,0
"POINT (6.810638350000030 51.441061244000103)",Unfall 34387 (2022) Kat:3, Licht: 0,34387,3,6,1,04,15,4,0,0,0,1,0,0,0,0
"POINT (6.753259556000050 51.393620342000098)",Unfall 34432 (2022) Kat:2, Licht: 0,34432,2,2,5,05,15,5,0,0,1,0,0,0,1,0
"POINT (6.767453538000040 51.484772628000002)",Unfall 34440 (2022) Kat:2, Licht: 0,34440,2,3,5,05,17,6,0,0,0,1,0,0,0,0
"POINT (6.781042498000030 51.377128493999997)",Unfall 34489 (2022) Kat:3, Licht: 0,34489,3,5,3,04,18,6,0,0,1,1,0,0,0,0
"POINT (6.712676863000070 51.478284412999997)",Unfall 34490 (2022) Kat:2, Licht: 0,34490,2,6,3,04,18,4,0,0,0,1,0,0,0,0
"POINT (6.763893203000070 51.404138126000099)",Unfall 34505 (2022) Kat:3, Licht: 1,34505,3,3,0,04,20,4,0,1,1,0,0,0,0,1
"POINT (6.752213820000070 51.414288055000000)",Unfall 34599 (2022) Kat:3, Licht: 2,34599,3,3,5,04,04,4,0,2,0,1,0,0,1,0
"POINT (6.759012360000040 51.377994160000100)",Unfall 34604 (2022) Kat:3, Licht: 0,34604,3,3,0,04,18,5,0,0,1,1,0,0,0,0
"POINT (6.721881901000070 51.366725334000101)",Unfall 34646 (2022) Kat:2, Licht: 0,34646,2,3,5,04,18,2,0,0,1,1,0,0,0,0
"POINT (6.820360528000040 51.500076556000103)",Unfall 34651 (2022) Kat:2, Licht: 0,34651,2,3,5,04,15,5,0,0,1,1,0,0,0,0
"POINT (6.671590073000060 51.437131929000003)",Unfall 34695 (2022) Kat:2, Licht: 0,34695,2,1,9,04,18,6,0,0,0,0,0,1,0,0
"POINT (6.758903203000050 51.392653219000103)",Unfall 34696 (2022) Kat:3, Licht: 0,34696,3,1,9,04,17,4,0,0,1,0,0,0,0,0
"POINT (6.794872184000040 51.430852174999998)",Unfall 34704 (2022) Kat:3, Licht: 0,34704,3,6,0,05,16,6,0,0,1,0,0,0,0,0
"POINT (6.820360528000040 51.500076556000103)",Unfall 34705 (2022) Kat:3, Licht: 0,34705,3,2,5,05,09,4,0,0,1,1,0,0,0,0
"POINT (6.789543419000040 51.425437930000001)",Unfall 34710 (2022) Kat:3, Licht: 0,34710,3,7,0,05,17,3,0,0,1,1,0,0,0,0
"POINT (6.753399915000050 51.416177654000101)",Unfall 34778 (2022) Kat:3, Licht: 0,34778,3,5,0,05,10,6,0,0,1,1,0,0,0,0
"POINT (6.742792182000070 51.526891898000002)",Unfall 34807 (2022) Kat:3, Licht: 0,34807,3,6,2,04,19,6,0,0,0,1,0,0,0,0
"POINT (6.752213282000070 51.440888246000000)",Unfall 34888 (2022) Kat:3, Licht: 0,34888,3,6,1,05,15,2,0,0,0,1,0,0,0,0
"POINT (6.754047223000040 51.418606910000101)",Unfall 34893 (2022) Kat:3, Licht: 0,34893,3,6,1,04,10,4,0,0,0,0,0,0,1,1
"POINT (6.736811802000030 51.487143152999998)",Unfall 34905 (2022) Kat:3, Licht: 0,34905,3,6,3,04,18,2,0,0,0,1,0,1,0,0
"POINT (6.733803382000080 51.543195332000003)",Unfall 34958 (2022) Kat:3, Licht: 0,34958,3,7,1,05,19,1,0,0,0,1,0,0,0,0
"POINT (6.735431853000020 51.485847261000103)",Unfall 35107 (2022) Kat:3, Licht: 0,35107,3,2,5,05,08,5,0,0,1,1,0,0,0,0
"POINT (6.806723794000050 51.430277703999998)",Unfall 35141 (2022) Kat:3, Licht: 0,35141,3,6,3,05,11,7,0,0,0,1,0,0,0,1
"POINT (6.795693771000060 51.503117521000000)",Unfall 35149 (2022) Kat:3, Licht: 0,35149,3,7,5,05,19,6,0,0,0,1,0,1,0,0
"POINT (6.743926541000060 51.511777174000002)",Unfall 35235 (2022) Kat:3, Licht: 0,35235,3,7,8,05,07,4,0,0,1,0,0,0,0,0
"POINT (6.688039800000070 51.358289710000101)",Unfall 35351 (2022) Kat:3, Licht: 0,35351,3,3,0,05,20,4,0,0,0,1,0,0,0,0
"POINT (6.712497623000050 51.457146502000100)",Unfall 35370 (2022) Kat:3, Licht: 0,35370,3,3,5,05,10,3,0,0,1,1,0,0,0,0
"POINT (6.688039800000070 51.358289710000101)",Unfall 35406 (2022) Kat:3, Licht: 0,35406,3,6,2,05,08,4,0,0,0,1,0,0,0,0
"POINT (6.778772349000060 51.432073443000000)",Unfall 35432 (2022) Kat:3, Licht: 0,35432,3,7,0,05,20,7,0,0,0,0,1,0,0,1
"POINT (6.751804876000050 51.418884698000099)",Unfall 35436 (2022) Kat:3, Licht: 0,35436,3,2,4,05,14,1,0,0,1,1,0,0,0,0
"POINT (6.760953386000040 51.500216699000099)",Unfall 35452 (2022) Kat:3, Licht: 0,35452,3,7,3,05,22,2,0,0,0,1,0,0,0,0
"POINT (6.754047223000040 51.418606910000101)",Unfall 35473 (2022) Kat:3, Licht: 0,35473,3,2,6,05,15,1,0,0,0,1,1,0,0,0
"POINT (6.771058821000050 51.370575845000097)",Unfall 35584 (2022) Kat:3, Licht: 0,35584,3,6,2,05,14,5,0,0,1,0,0,0,0,0
"POINT (6.692529404000030 51.416681352000097)",Unfall 35640 (2022) Kat:3, Licht: 0,35640,3,7,2,05,18,3,0,0,0,1,0,0,0,0
"POINT (6.730614277000030 51.411346046000098)",Unfall 35656 (2022) Kat:3, Licht: 0,35656,3,6,2,05,10,4,0,0,0,1,0,0,0,0
"POINT (6.761707773000070 51.500460773999997)",Unfall 35669 (2022) Kat:3, Licht: 0,35669,3,6,2,05,17,1,0,0,0,1,0,0,0,0
"POINT (6.651485327000050 51.491236481999998)",Unfall 35679 (2022) Kat:3, Licht: 0,35679,3,2,2,05,09,5,0,0,0,0,0,1,1,0
"POINT (6.774278549000030 51.463676964000101)",Unfall 35735 (2022) Kat:3, Licht: 0,35735,3,2,6,05,14,7,0,0,0,1,1,0,0,0
"POINT (6.755339249000030 51.432352753000004)",Unfall 35775 (2022) Kat:3, Licht: 0,35775,3,3,5,05,14,3,0,0,1,1,0,0,0,0
"POINT (6.760028272000060 51.521029183000103)",Unfall 35776 (2022) Kat:3, Licht: 0,35776,3,6,8,05,11,4,0,0,0,1,0,0,1,0
"POINT (6.795505288000070 51.393793041000002)",Unfall 35845 (2022) Kat:3, Licht: 0,35845,3,3,5,05,16,1,0,0,0,1,0,0,0,0
"POINT (6.777173431000050 51.432538794000003)",Unfall 35949 (2022) Kat:3, Licht: 0,35949,3,7,3,05,15,4,0,0,1,1,0,0,0,0
"POINT (6.753669755000030 51.394011317000000)",Unfall 35966 (2022) Kat:3, Licht: 0,35966,3,7,6,05,09,7,0,0,0,0,1,1,0,0
"POINT (6.774421660000030 51.492587227000101)",Unfall 35995 (2022) Kat:3, Licht: 0,35995,3,7,0,05,12,3,0,0,0,1,0,0,0,1
"POINT (6.762532944000040 51.401329994000001)",Unfall 36010 (2022) Kat:3, Licht: 0,36010,3,2,5,05,17,5,0,0,0,1,0,0,0,1
"POINT (6.725480474000050 51.524192266999997)",Unfall 36042 (2022) Kat:3, Licht: 0,36042,3,3,5,05,09,2,0,0,1,1,0,0,0,0
"POINT (6.790699966000030 51.486787960000100)",Unfall 36080 (2022) Kat:2, Licht: 0,36080,2,2,5,05,08,4,0,0,0,1,0,0,0,0
"POINT (6.772819713000050 51.491730534000098)",Unfall 36128 (2022) Kat:3, Licht: 0,36128,3,5,0,05,09,2,0,0,0,1,0,0,0,0
"POINT (6.766563440000030 51.484565525999997)",Unfall 36148 (2022) Kat:3, Licht: 0,36148,3,3,5,05,06,4,0,0,0,1,0,0,0,1
"POINT (6.732546742000070 51.480792835999999)",Unfall 36158 (2022) Kat:3, Licht: 1,36158,3,7,0,05,21,3,0,1,0,1,0,0,0,0
"POINT (6.710811968000030 51.402915608999997)",Unfall 36236 (2022) Kat:3, Licht: 0,36236,3,2,0,05,15,5,0,0,1,1,0,0,0,0
"POINT (6.711875871000070 51.414873704000101)",Unfall 36237 (2022) Kat:3, Licht: 0,36237,3,2,5,06,12,5,0,0,0,1,0,0,0,0
"POINT (6.723659939000070 51.407297460999999)",Unfall 36263 (2022) Kat:3, Licht: 0,36263,3,1,2,05,08,4,0,0,0,1,0,0,0,0
"POINT (6.712290151000050 51.437079346000097)",Unfall 36290 (2022) Kat:3, Licht: 0,36290,3,6,0,05,07,6,0,0,0,1,0,0,0,0
"POINT (6.730869186000060 51.456309196000099)",Unfall 36307 (2022) Kat:3, Licht: 0,36307,3,7,9,05,10,4,0,0,0,0,0,0,1,0
"POINT (6.707488766000040 51.438030275000102)",Unfall 36332 (2022) Kat:3, Licht: 0,36332,3,2,5,05,10,5,0,0,0,1,0,1,0,0
"POINT (6.742783340000070 51.526674481999997)",Unfall 36355 (2022) Kat:3, Licht: 0,36355,3,6,1,05,16,5,0,0,0,1,0,0,0,1
"POINT (6.806723794000050 51.430277703999998)",Unfall 36362 (2022) Kat:3, Licht: 0,36362,3,6,3,05,06,3,0,0,0,0,0,0,0,1
"POINT (6.732479636000050 51.482394123000098)",Unfall 36489 (2022) Kat:3, Licht: 0,36489,3,7,3,05,11,7,0,0,0,0,0,0,1,1
"POINT (6.784067414000050 51.353076446000003)",Unfall 36728 (2022) Kat:3, Licht: 0,36728,3,2,5,05,13,4,0,0,1,1,0,0,0,0
"POINT (6.688305192000030 51.358579808999998)",Unfall 36752 (2022) Kat:3, Licht: 0,36752,3,1,0,05,16,6,1,0,0,1,1,0,0,0
"POINT (6.771513774000030 51.409827108999998)",Unfall 36766 (2022) Kat:3, Licht: 2,36766,3,6,3,05,22,6,0,2,0,1,0,0,0,0
"POINT (6.769199062000040 51.416208214999997)",Unfall 36782 (2022) Kat:2, Licht: 0,36782,2,2,3,05,18,4,0,0,0,1,0,0,0,1
"POINT (6.678102484000020 51.416027978999999)",Unfall 36809 (2022) Kat:3, Licht: 0,36809,3,3,0,05,09,6,0,0,1,1,0,0,0,0
"POINT (6.750730050000070 51.489105743000003)",Unfall 36860 (2022) Kat:2, Licht: 0,36860,2,7,5,05,14,4,0,0,0,1,0,1,0,0
"POINT (6.759077125000030 51.428267243000100)",Unfall 36958 (2022) Kat:3, Licht: 2,36958,3,2,4,05,23,6,0,2,0,1,0,1,0,0
"POINT (6.732294086000020 51.480683950000099)",Unfall 37036 (2022) Kat:2, Licht: 1,37036,2,2,0,05,21,3,1,1,1,1,0,0,0,0