WKT,Name,OBJECTID,UKATEGORIE,UTYP1,UART,UMONAT,USTUNDE,UWOCHENTAG,STRZUSTAND,ULICHTVERH,ISTRAD,ISTPKW,ISTFUSS,ISTKRAD,ISTGKFZ,ISTSONSTIG
"POINT (6.734851529000030 51.473936801999997)",Unfall 37076 (2022) Kat:3, Licht: 0,37076,3,6,2,05,15,3,0,0,0,1,0,0,0,0
"POINT (6.760763521000060 51.474386279999997)",Unfall 37109 (2022) Kat:3, Licht: 0,37109,3,1,0,05,14,4,0,0,1,0,1,0,0,0
"POINT (6.779868323000070 51.372066835000098)",Unfall 37110 (2022) Kat:3, Licht: 0,37110,3,3,5,05,17,7,0,0,1,1,0,0,0,0
"POINT (6.767516684000040 51.470940416000097)",Unfall 37163 (2022) Kat:3, Licht: 0,37163,3,1,2,05,14,5,0,0,0,1,0,0,0,0
"POINT (6.775687005000070 51.433124890000002)",Unfall 37172 (2022) Kat:3, Licht: 0,37172,3,2,5,05,13,2,0,0,1,1,0,0,0,0
"POINT (6.768185074000030 51.465762803000104)",Unfall 37190 (2022) Kat:3, Licht: 0,37190,3,6,2,05,07,4,0,0,0,1,0,0,0,1
"POINT (6.772204093000030 51.491493956000099)",Unfall 37210 (2022) Kat:3, Licht: 0,37210,3,3,0,05,11,7,0,0,0,1,1,0,0,0
"POINT (6.792612978000020 51.470587803000100)",Unfall 37267 (2022) Kat:2, Licht: 0,37267,2,1,8,05,16,1,1,0,0,1,0,0,0,0
"POINT (6.767187830000070 51.371226604000100)",Unfall 37350 (2022) Kat:3, Licht: 0,37350,3,3,5,05,14,4,0,0,0,1,0,1,0,0
"POINT (6.815781369000040 51.499054182000101)",Unfall 37395 (2022) Kat:2, Licht: 0,37395,2,3,5,06,17,4,0,0,1,1,0,0,0,0
"POINT (6.786102913000040 51.422596443000003)",Unfall 37427 (2022) Kat:3, Licht: 0,37427,3,3,5,06,09,4,0,0,1,1,0,0,0,0
"POINT (6.707580267000030 51.438646325000001)",Unfall 37432 (2022) Kat:3, Licht: 0,37432,3,2,4,05,15,5,0,0,0,1,0,1,0,0
"POINT (6.808295767000060 51.442188235000103)",Unfall 37460 (2022) Kat:3, Licht: 0,37460,3,6,2,05,17,4,0,0,0,1,0,0,0,0
"POINT (6.770156529000080 51.479563833000000)",Unfall 37471 (2022) Kat:3, Licht: 0,37471,3,6,3,06,06,4,0,0,0,1,0,0,0,0
"POINT (6.742837060000060 51.527925031000102)",Unfall 37523 (2022) Kat:3, Licht: 0,37523,3,7,0,05,08,6,0,0,0,1,0,0,0,0
"POINT (6.794258416000050 51.483529869999998)",Unfall 37539 (2022) Kat:3, Licht: 0,37539,3,2,5,05,10,4,0,0,0,1,0,1,0,0
"POINT (6.730805631000070 51.535521056000100)",Unfall 37559 (2022) Kat:3, Licht: 0,37559,3,3,1,05,09,7,0,0,0,1,0,0,0,1
"POINT (6.781385062000030 51.378653432000100)",Unfall 37612 (2022) Kat:3, Licht: 0,37612,3,5,8,05,07,3,1,0,0,1,0,0,0,0
"POINT (6.779537716000050 51.361056912999999)",Unfall 37646 (2022) Kat:3, Licht: 0,37646,3,2,5,06,16,5,0,0,0,1,0,1,0,0
"POINT (6.739171208000070 51.455911528999998)",Unfall 37790 (2022) Kat:3, Licht: 0,37790,3,6,4,05,15,4,0,0,1,0,0,0,0,0
"POINT (6.676600113000060 51.386335948000102)",Unfall 37813 (2022) Kat:2, Licht: 0,37813,2,7,0,05,17,3,0,0,0,0,0,1,0,0
"POINT (6.742809763000030 51.527324169000103)",Unfall 37918 (2022) Kat:3, Licht: 0,37918,3,2,4,06,20,4,0,0,0,1,0,0,0,0
"POINT (6.767802210000070 51.466168364000097)",Unfall 37946 (2022) Kat:3, Licht: 0,37946,3,6,2,06,13,1,1,0,0,1,0,0,0,1
"POINT (6.749801659000070 51.363192027000103)",Unfall 37986 (2022) Kat:3, Licht: 0,37986,3,2,3,06,16,7,0,0,1,1,0,0,0,0
"POINT (6.768605976000060 51.418264301000100)",Unfall 38012 (2022) Kat:3, Licht: 0,38012,3,3,5,06,07,2,0,0,1,1,0,0,0,0
"POINT (6.766036930000040 51.423765109999998)",Unfall 38055 (2022) Kat:3, Licht: 0,38055,3,2,0,06,14,7,0,0,0,0,0,1,0,0
"POINT (6.734274591000030 51.476596615000098)",Unfall 38252 (2022) Kat:3, Licht: 0,38252,3,7,6,06,13,6,0,0,1,0,1,0,0,0
"POINT (6.669242906000020 51.483873799000001)",Unfall 38276 (2022) Kat:3, Licht: 0,38276,3,7,2,06,15,3,0,0,0,1,0,1,0,0
"POINT (6.686083386000060 51.444981570000003)",Unfall 38300 (2022) Kat:3, Licht: 0,38300,3,2,5,06,10,4,0,0,0,1,0,0,0,0
"POINT (6.771009759000040 51.461234465000103)",Unfall 38406 (2022) Kat:3, Licht: 0,38406,3,6,2,06,14,3,0,0,0,1,0,0,0,0
"POINT (6.767472485000040 51.435030374000100)",Unfall 38435 (2022) Kat:3, Licht: 0,38435,3,7,3,06,10,4,0,0,0,1,0,1,0,1
"POINT (6.804173009000070 51.460468041000098)",Unfall 38466 (2022) Kat:3, Licht: 0,38466,3,3,5,06,15,3,0,0,1,1,0,0,0,0
"POINT (6.696788270000070 51.419391274000098)",Unfall 38469 (2022) Kat:3, Licht: 0,38469,3,3,5,06,20,2,0,0,0,1,0,0,0,0
"POINT (6.730869186000060 51.456309196000099)",Unfall 38552 (2022) Kat:3, Licht: 0,38552,3,1,9,06,16,7,0,0,0,1,0,0,0,1
"POINT (6.775063129000050 51.378446413000098)",Unfall 38612 (2022) Kat:3, Licht: 0,38612,3,6,2,06,15,6,0,0,0,1,0,0,0,0
"POINT (6.765506872000060 51.461548630000003)",Unfall 38628 (2022) Kat:3, Licht: 0,38628,3,2,6,06,08,3,0,0,0,1,1,0,0,0
"POINT (6.785832457000030 51.432720187000001)",Unfall 38682 (2022) Kat:3, Licht: 0,38682,3,3,5,06,17,4,0,0,1,1,0,0,0,0
"POINT (6.707504015000040 51.414762193000101)",Unfall 38715 (2022) Kat:3, Licht: 0,38715,3,6,1,06,16,7,0,0,0,1,0,0,0,0
"POINT (6.741842460000040 51.527342881000003)",Unfall 38757 (2022) Kat:3, Licht: 0,38757,3,3,5,06,12,4,0,0,1,1,0,0,0,0
"POINT (6.798537584000030 51.448070676999997)",Unfall 38781 (2022) Kat:3, Licht: 0,38781,3,6,1,06,17,5,0,0,0,1,0,0,0,0
"POINT (6.802528348000070 51.426651350000000)",Unfall 38803 (2022) Kat:2, Licht: 0,38803,2,6,2,06,17,2,0,0,0,1,0,0,0,0
"POINT (6.698035227000050 51.415658131999997)",Unfall 38891 (2022) Kat:3, Licht: 0,38891,3,3,5,06,15,5,1,0,0,1,0,0,0,0
"POINT (6.704088117000030 51.448731631000001)",Unfall 38899 (2022) Kat:3, Licht: 0,38899,3,1,8,06,13,3,0,0,1,1,0,0,0,0
"POINT (6.765632735000050 51.484407405000098)",Unfall 38927 (2022) Kat:3, Licht: 0,38927,3,1,0,06,16,6,0,0,1,0,0,0,0,0
"POINT (6.764500045000030 51.502398702999997)",Unfall 38929 (2022) Kat:3, Licht: 0,38929,3,2,5,06,14,7,0,0,0,1,0,0,0,0
"POINT (6.741273577000070 51.454588348000101)",Unfall 38930 (2022) Kat:3, Licht: 0,38930,3,3,0,06,16,7,0,0,1,1,0,0,0,0
"POINT (6.657685030000040 51.396649772000004)",Unfall 38948 (2022) Kat:3, Licht: 0,38948,3,7,1,06,11,4,0,0,0,1,0,0,0,0
"POINT (6.771595618000050 51.433980360000099)",Unfall 39027 (2022) Kat:3, Licht: 0,39027,3,7,1,06,12,4,0,0,0,1,0,0,0,0
"POINT (6.657685031000030 51.396649776000103)",Unfall 39174 (2022) Kat:3, Licht: 0,39174,3,1,5,06,16,3,0,0,0,1,0,0,0,0
"POINT (6.780960743000040 51.469042742000099)",Unfall 39213 (2022) Kat:3, Licht: 0,39213,3,3,5,06,10,5,0,0,1,1,0,0,0,0
"POINT (6.773159519000050 51.493986065000101)",Unfall 39233 (2022) Kat:3, Licht: 0,39233,3,2,1,06,16,2,0,0,0,1,0,0,0,1
"POINT (6.819707133000070 51.496924208000102)",Unfall 39249 (2022) Kat:3, Licht: 0,39249,3,6,1,06,15,3,0,0,0,1,0,0,0,1
"POINT (6.739958635000050 51.366440228999998)",Unfall 39250 (2022) Kat:2, Licht: 2,39250,2,1,9,06,23,4,0,2,0,1,0,0,0,0
"POINT (6.769779676000040 51.500615752999998)",Unfall 39282 (2022) Kat:2, Licht: 0,39282,2,7,6,06,09,3,0,0,0,0,1,0,0,1
"POINT (6.764532520000050 51.472375249000002)",Unfall 39375 (2022) Kat:3, Licht: 0,39375,3,4,6,06,13,3,0,0,0,1,1,0,0,0
"POINT (6.751907165000030 51.369553758000102)",Unfall 39396 (2022) Kat:2, Licht: 0,39396,2,5,1,06,00,1,0,0,0,1,0,1,0,0
"POINT (6.751418924000060 51.403418076000001)",Unfall 39403 (2022) Kat:2, Licht: 0,39403,2,7,5,06,16,1,0,0,0,1,0,1,0,0
"POINT (6.782573773000020 51.432289893000103)",Unfall 39429 (2022) Kat:3, Licht: 0,39429,3,2,5,06,09,2,0,0,1,1,0,0,0,0
"POINT (6.750626366000060 51.487227019999999)",Unfall 39451 (2022) Kat:3, Licht: 0,39451,3,6,0,06,07,6,0,0,0,1,0,0,1,0
"POINT (6.734957723000040 51.456019550000100)",Unfall 39473 (2022) Kat:3, Licht: 0,39473,3,3,5,06,14,1,0,0,1,1,0,0,0,0
"POINT (6.767720337000070 51.434983688999999)",Unfall 39501 (2022) Kat:3, Licht: 0,39501,3,5,0,06,16,7,0,0,1,1,0,0,0,0
"POINT (6.673448200000050 51.490560707999997)",Unfall 39506 (2022) Kat:3, Licht: 0,39506,3,6,2,06,19,1,0,0,0,1,0,0,0,0
"POINT (6.801406307000040 51.442918827000000)",Unfall 39566 (2022) Kat:3, Licht: 2,39566,3,3,3,06,22,3,1,2,0,1,0,0,1,0
"POINT (6.790859306000070 51.447798816999999)",Unfall 39600 (2022) Kat:3, Licht: 0,39600,3,7,0,06,16,4,0,0,0,1,0,0,0,1
"POINT (6.759265092000020 51.376090733000098)",Unfall 39620 (2022) Kat:3, Licht: 0,39620,3,1,0,06,16,2,0,0,0,0,0,0,0,1
"POINT (6.711309057000050 51.404369987999999)",Unfall 39726 (2022) Kat:3, Licht: 0,39726,3,1,9,06,14,6,0,0,0,1,0,0,0,0
"POINT (6.742253009000020 51.383367307000100)",Unfall 39734 (2022) Kat:3, Licht: 0,39734,3,4,6,06,20,5,0,0,0,1,1,0,0,0
"POINT (6.759848610000060 51.518349635000000)",Unfall 39735 (2022) Kat:3, Licht: 0,39735,3,6,2,06,14,4,1,0,0,1,0,0,0,0
"POINT (6.751804876000050 51.418884698000099)",Unfall 39741 (2022) Kat:3, Licht: 0,39741,3,2,0,06,12,6,0,0,1,0,0,0,0,1
"POINT (6.764351134000040 51.495109524000000)",Unfall 39840 (2022) Kat:3, Licht: 0,39840,3,6,2,06,14,3,0,0,0,1,0,0,0,0
"POINT (6.740919292000060 51.454476432000000)",Unfall 39945 (2022) Kat:3, Licht: 0,39945,3,3,0,06,10,5,0,0,1,1,0,0,0,0
"POINT (6.753708067000050 51.417355407999999)",Unfall 39988 (2022) Kat:3, Licht: 0,39988,3,6,1,06,17,2,0,0,0,1,0,0,0,0
"POINT (6.778772349000060 51.432073443000000)",Unfall 39997 (2022) Kat:3, Licht: 0,39997,3,6,2,06,13,6,0,0,0,1,0,0,0,0
"POINT (6.754893809000070 51.438668630999999)",Unfall 40024 (2022) Kat:2, Licht: 0,40024,2,6,2,06,12,5,0,0,0,1,0,1,0,0
"POINT (6.762933898000030 51.498943656999998)",Unfall 40048 (2022) Kat:2, Licht: 0,40048,2,1,0,06,13,7,0,0,1,1,0,0,0,0
"POINT (6.699631811000070 51.415460256000102)",Unfall 40087 (2022) Kat:3, Licht: 0,40087,3,7,5,06,12,4,0,0,1,1,0,0,0,0
"POINT (6.754306416000080 51.421171313999999)",Unfall 40124 (2022) Kat:3, Licht: 0,40124,3,2,3,06,16,3,0,0,1,1,0,0,0,0
"POINT (6.775780412000070 51.440280037000001)",Unfall 40142 (2022) Kat:2, Licht: 2,40142,2,1,9,06,02,1,0,2,0,1,0,0,0,0
"POINT (6.758282107000070 51.527214680000000)",Unfall 40256 (2022) Kat:2, Licht: 0,40256,2,7,0,06,16,5,0,0,0,1,0,0,0,0
"POINT (6.785289288000060 51.486368935000002)",Unfall 40266 (2022) Kat:3, Licht: 0,40266,3,6,3,07,14,4,0,0,0,1,0,0,1,0
"POINT (6.666102280000080 51.474537519000101)",Unfall 40289 (2022) Kat:3, Licht: 0,40289,3,3,5,06,14,5,0,0,0,1,0,1,0,0
"POINT (6.777612170000050 51.491894666000100)",Unfall 40300 (2022) Kat:3, Licht: 0,40300,3,6,3,07,08,4,0,0,0,1,0,0,1,0
"POINT (6.773353802000030 51.437675902000102)",Unfall 40349 (2022) Kat:3, Licht: 0,40349,3,2,5,06,19,2,1,0,0,1,0,1,0,0
"POINT (6.753324062000050 51.482985626000101)",Unfall 40357 (2022) Kat:3, Licht: 0,40357,3,7,0,06,12,7,0,0,0,1,0,0,0,1
"POINT (6.751376533000040 51.365052194000000)",Unfall 40375 (2022) Kat:3, Licht: 0,40375,3,6,2,07,12,3,0,0,0,1,0,0,0,0
"POINT (6.754601181000060 51.423372351000097)",Unfall 40396 (2022) Kat:3, Licht: 0,40396,3,5,1,06,20,5,1,0,1,1,0,0,0,0
"POINT (6.776140479000050 51.437614560999997)",Unfall 40399 (2022) Kat:2, Licht: 0,40399,2,1,5,07,21,3,0,0,1,1,0,0,0,0
"POINT (6.672523137000040 51.437154043000099)",Unfall 40421 (2022) Kat:3, Licht: 1,40421,3,1,9,07,20,2,0,1,0,0,0,1,0,0
"POINT (6.764398970000060 51.502340764000103)",Unfall 40534 (2022) Kat:3, Licht: 0,40534,3,3,0,07,12,7,0,0,0,1,0,0,0,0
"POINT (6.780960743000040 51.469042742000099)",Unfall 40550 (2022) Kat:3, Licht: 0,40550,3,3,6,07,10,7,0,0,0,1,1,0,0,0
"POINT (6.776048061000040 51.371261005000100)",Unfall 40576 (2022) Kat:3, Licht: 0,40576,3,2,5,06,15,2,0,0,0,1,0,0,0,0
"POINT (6.780133531000050 51.490791328000100)",Unfall 40581 (2022) Kat:3, Licht: 0,40581,3,6,2,06,14,3,0,0,0,1,0,0,0,0
"POINT (6.720984852000070 51.478981181999998)",Unfall 40671 (2022) Kat:3, Licht: 0,40671,3,2,5,07,05,7,0,0,0,1,0,0,0,0
"POINT (6.755546961000050 51.438126840999999)",Unfall 40678 (2022) Kat:3, Licht: 0,40678,3,1,5,07,00,6,0,0,0,1,0,0,0,1
"POINT (6.755690009000030 51.426859434000100)",Unfall 40731 (2022) Kat:1, Licht: 0,40731,1,3,0,07,10,4,0,0,1,0,0,0,0,1
"POINT (6.814123617000060 51.441553118999998)",Unfall 40793 (2022) Kat:3, Licht: 0,40793,3,6,9,06,20,7,0,0,0,1,0,0,0,0
"POINT (6.754047223000040 51.418606910000101)",Unfall 40813 (2022) Kat:3, Licht: 0,40813,3,6,6,07,15,7,0,0,1,0,1,0,0,0
"POINT (6.809060150000050 51.432411029999997)",Unfall 40817 (2022) Kat:1, Licht: 0,40817,1,3,5,06,12,3,0,0,0,1,0,0,0,0
"POINT (6.787132573000060 51.440748753999998)",Unfall 40835 (2022) Kat:3, Licht: 0,40835,3,7,0,06,19,3,0,0,0,0,0,1,0,0
"POINT (6.792166755000040 51.433225369000098)",Unfall 40840 (2022) Kat:3, Licht: 0,40840,3,3,5,06,07,2,0,0,0,1,0,0,0,1
"POINT (6.774362898000050 51.493566739000102)",Unfall 40848 (2022) Kat:3, Licht: 0,40848,3,3,0,06,15,7,0,0,1,1,0,0,0,0
"POINT (6.754320028000050 51.422251299999999)",Unfall 40863 (2022) Kat:2, Licht: 0,40863,2,2,6,07,11,2,0,0,0,1,1,0,0,0
"POINT (6.652633563000050 51.490032812999999)",Unfall 40906 (2022) Kat:3, Licht: 0,40906,3,1,8,06,13,7,0,0,0,1,0,0,0,0
"POINT (6.752005318000040 51.441061550000001)",Unfall 40924 (2022) Kat:3, Licht: 0,40924,3,3,4,07,14,3,0,0,0,1,0,0,0,1
"POINT (6.790859309000040 51.447798816000002)",Unfall 40930 (2022) Kat:3, Licht: 0,40930,3,6,3,06,16,5,0,0,0,1,0,0,1,0
"POINT (6.764793370000060 51.429158487999999)",Unfall 40963 (2022) Kat:3, Licht: 0,40963,3,5,0,06,17,3,0,0,1,1,0,0,0,0
"POINT (6.784190209000030 51.420967962000098)",Unfall 40976 (2022) Kat:3, Licht: 0,40976,3,7,0,07,14,2,0,0,0,1,0,0,0,1
"POINT (6.793676239000040 51.447547545000099)",Unfall 40981 (2022) Kat:3, Licht: 0,40981,3,6,5,07,08,3,0,0,0,1,0,0,1,0
"POINT (6.747828445000040 51.527260282999997)",Unfall 41018 (2022) Kat:3, Licht: 0,41018,3,1,1,07,09,2,0,0,0,1,0,0,0,0
"POINT (6.794534057000020 51.483569347000099)",Unfall 41081 (2022) Kat:3, Licht: 0,41081,3,2,4,06,13,2,0,0,0,1,0,0,0,1
"POINT (6.725386397000020 51.456157742000102)",Unfall 41092 (2022) Kat:2, Licht: 0,41092,2,7,0,07,14,1,0,0,1,0,0,0,0,0
"POINT (6.765512413000070 51.424919488999997)",Unfall 41106 (2022) Kat:3, Licht: 0,41106,3,1,0,06,11,6,1,0,0,0,0,1,0,0
"POINT (6.780892096000060 51.490458082000004)",Unfall 41162 (2022) Kat:2, Licht: 0,41162,2,2,4,06,18,6,0,0,0,1,0,1,0,0
"POINT (6.753586436000030 51.416901168000003)",Unfall 41188 (2022) Kat:3, Licht: 0,41188,3,2,5,07,17,4,0,0,1,1,0,0,0,0
"POINT (6.770209114000070 51.461981301000002)",Unfall 41194 (2022) Kat:2, Licht: 0,41194,2,1,3,07,08,6,0,0,0,1,0,0,0,0
"POINT (6.765761647000030 51.469512113000100)",Unfall 41232 (2022) Kat:3, Licht: 2,41232,3,6,3,06,19,5,1,2,0,1,0,0,0,0
"POINT (6.699041117000040 51.425164426999999)",Unfall 41284 (2022) Kat:3, Licht: 2,41284,3,6,4,06,04,4,0,2,0,0,0,0,1,0
"POINT (6.799725053000030 51.424359304000099)",Unfall 41337 (2022) Kat:3, Licht: 0,41337,3,6,1,07,12,7,0,0,0,1,0,0,0,0
"POINT (6.730614277000030 51.411346046000098)",Unfall 41407 (2022) Kat:3, Licht: 2,41407,3,7,0,07,00,1,0,2,0,0,0,0,0,1
"POINT (6.746746362000070 51.434991502999999)",Unfall 41487 (2022) Kat:3, Licht: 2,41487,3,7,3,07,23,2,0,2,0,1,0,0,0,0
"POINT (6.718839919000060 51.456589660000098)",Unfall 41505 (2022) Kat:3, Licht: 0,41505,3,6,2,07,19,3,0,0,0,1,0,0,0,0
"POINT (6.778182745000040 51.446363152000103)",Unfall 41573 (2022) Kat:3, Licht: 0,41573,3,6,2,07,14,6,0,0,0,1,0,0,0,0
"POINT (6.760258975000060 51.374948080000102)",Unfall 41581 (2022) Kat:3, Licht: 0,41581,3,2,5,07,16,1,0,0,1,1,0,0,0,0
"POINT (6.749191814000030 51.370716774000101)",Unfall 41628 (2022) Kat:2, Licht: 0,41628,2,7,9,07,17,6,0,0,0,1,0,0,0,0
"POINT (6.775074724000040 51.408290206000103)",Unfall 41681 (2022) Kat:2, Licht: 0,41681,2,3,5,07,11,4,0,0,0,1,0,1,0,0
"POINT (6.790583589000050 51.426322962000000)",Unfall 41700 (2022) Kat:2, Licht: 0,41700,2,4,6,07,11,4,0,0,0,1,1,0,0,0
"POINT (6.769922438000040 51.499731183999998)",Unfall 41890 (2022) Kat:3, Licht: 0,41890,3,1,0,07,19,6,1,0,1,1,0,0,0,0
"POINT (6.752296368000030 51.409898916000003)",Unfall 41942 (2022) Kat:2, Licht: 0,41942,2,2,5,07,08,3,0,0,1,0,0,0,0,0
"POINT (6.781161178000050 51.485551651999998)",Unfall 41943 (2022) Kat:3, Licht: 0,41943,3,6,3,07,06,5,1,0,0,1,0,0,1,0
"POINT (6.747304912000060 51.496848828000097)",Unfall 41952 (2022) Kat:3, Licht: 0,41952,3,7,0,07,17,5,0,0,1,0,0,0,0,0
"POINT (6.755358341000030 51.509457783000101)",Unfall 42092 (2022) Kat:3, Licht: 0,42092,3,3,5,07,11,2,0,0,1,1,0,0,0,0
"POINT (6.791467997000040 51.485237005999998)",Unfall 42134 (2022) Kat:3, Licht: 0,42134,3,6,3,07,06,5,0,0,0,1,0,0,1,0
"POINT (6.736258459000060 51.456252581999998)",Unfall 42147 (2022) Kat:3, Licht: 0,42147,3,2,0,07,09,2,0,0,1,1,0,0,0,0
"POINT (6.662479838000020 51.351806842000002)",Unfall 42154 (2022) Kat:3, Licht: 0,42154,3,1,2,07,07,5,0,0,0,1,0,0,0,0
"POINT (6.780159696000060 51.373324185999998)",Unfall 42187 (2022) Kat:3, Licht: 2,42187,3,7,6,07,22,2,0,2,0,0,1,0,0,1
"POINT (6.767493993000070 51.437477623000099)",Unfall 42198 (2022) Kat:3, Licht: 0,42198,3,6,2,07,12,6,0,0,0,1,0,0,0,0
"POINT (6.754311034000070 51.421705340000102)",Unfall 42221 (2022) Kat:3, Licht: 2,42221,3,6,2,07,01,3,0,2,0,1,0,0,0,0
"POINT (6.805744065000060 51.397565637000099)",Unfall 42252 (2022) Kat:3, Licht: 2,42252,3,3,5,07,22,2,0,2,0,1,0,0,0,0
"POINT (6.793676239000040 51.447547545000099)",Unfall 42277 (2022) Kat:3, Licht: 0,42277,3,6,3,07,20,3,0,0,0,1,0,0,1,0
"POINT (6.775104866000050 51.420162016000099)",Unfall 42363 (2022) Kat:3, Licht: 1,42363,3,1,8,07,21,6,0,1,1,0,0,0,0,0
"POINT (6.760953386000040 51.500216699000099)",Unfall 42412 (2022) Kat:3, Licht: 0,42412,3,6,2,07,10,5,0,0,0,1,0,0,0,0
"POINT (6.698747790000030 51.461861593000002)",Unfall 42413 (2022) Kat:2, Licht: 0,42413,2,1,0,07,14,7,0,0,1,0,0,0,0,0
"POINT (6.778772349000060 51.432073443000000)",Unfall 42440 (2022) Kat:3, Licht: 0,42440,3,6,0,07,09,3,0,0,1,0,0,0,0,0
"POINT (6.693528809000040 51.480595994000097)",Unfall 42465 (2022) Kat:2, Licht: 0,42465,2,6,2,07,08,2,0,0,0,1,0,0,1,0
"POINT (6.718993620000050 51.456581268000001)",Unfall 42487 (2022) Kat:3, Licht: 2,42487,3,3,0,07,23,4,1,2,1,1,0,0,0,0
"POINT (6.741363902000050 51.517893797000099)",Unfall 42515 (2022) Kat:3, Licht: 0,42515,3,6,2,07,10,3,0,0,0,1,0,0,0,0
"POINT (6.800498375000070 51.406206408999999)",Unfall 42551 (2022) Kat:3, Licht: 0,42551,3,6,2,07,15,3,0,0,0,1,0,0,0,0
"POINT (6.769811390000030 51.405158272999998)",Unfall 42591 (2022) Kat:3, Licht: 0,42591,3,1,0,07,17,7,0,0,0,0,0,0,0,1
"POINT (6.692251820000020 51.403186301000098)",Unfall 42635 (2022) Kat:3, Licht: 0,42635,3,2,3,07,16,3,0,0,1,1,0,0,0,0
"POINT (6.750777525000050 51.364237490999997)",Unfall 42643 (2022) Kat:3, Licht: 0,42643,3,5,0,07,14,1,0,0,1,1,0,0,0,0
"POINT (6.765761646000040 51.469512115000001)",Unfall 42687 (2022) Kat:3, Licht: 0,42687,3,6,2,07,13,5,1,0,0,1,0,0,0,1
"POINT (6.774461167000030 51.384703898000097)",Unfall 42720 (2022) Kat:2, Licht: 0,42720,2,6,2,07,15,4,0,0,0,1,0,1,0,0
"POINT (6.798578962000020 51.447711561000098)",Unfall 42775 (2022) Kat:3, Licht: 0,42775,3,6,3,07,15,3,0,0,0,1,0,0,1,0
"POINT (6.736675822000050 51.369368716000103)",Unfall 42783 (2022) Kat:3, Licht: 0,42783,3,5,1,07,07,2,0,0,0,0,0,0,1,1
"POINT (6.776245037000020 51.384283908000000)",Unfall 42880 (2022) Kat:3, Licht: 0,42880,3,4,6,07,15,2,0,0,0,1,1,0,0,0
"POINT (6.800668270000070 51.425130410000101)",Unfall 42974 (2022) Kat:3, Licht: 2,42974,3,1,8,07,01,5,1,2,0,1,0,0,1,0
"POINT (6.773159519000050 51.493986065000101)",Unfall 42979 (2022) Kat:3, Licht: 0,42979,3,2,5,07,18,6,0,0,0,1,0,0,0,0
"POINT (6.776597747000040 51.456000382000099)",Unfall 43002 (2022) Kat:3, Licht: 0,43002,3,6,2,07,15,6,0,0,0,1,0,0,0,0
"POINT (6.769275257000060 51.405169831000102)",Unfall 43045 (2022) Kat:3, Licht: 0,43045,3,6,1,07,10,5,0,0,0,1,0,0,1,0
"POINT (6.774600262000040 51.445445442999997)",Unfall 43092 (2022) Kat:3, Licht: 0,43092,3,6,3,07,13,7,0,0,0,1,0,0,0,0
"POINT (6.682702115000040 51.449690105000101)",Unfall 43102 (2022) Kat:3, Licht: 0,43102,3,2,4,07,20,4,0,0,0,1,0,0,0,0
"POINT (6.774078133000050 51.445513553000097)",Unfall 43126 (2022) Kat:3, Licht: 0,43126,3,7,2,08,15,4,0,0,0,1,0,1,0,0
"POINT (6.734957723000040 51.456019550000100)",Unfall 43233 (2022) Kat:2, Licht: 0,43233,2,7,0,08,12,1,0,0,0,1,0,1,0,0
"POINT (6.815864365000040 51.497735014000099)",Unfall 43284 (2022) Kat:3, Licht: 0,43284,3,3,5,08,14,4,0,0,0,1,0,0,0,0
"POINT (6.746464772000020 51.442850528000100)",Unfall 43291 (2022) Kat:3, Licht: 2,43291,3,6,4,07,22,4,0,2,1,0,0,0,0,0
"POINT (6.779393258000030 51.370011445999999)",Unfall 43368 (2022) Kat:3, Licht: 0,43368,3,5,3,08,09,7,0,0,1,0,0,0,0,1
"POINT (6.774629760000040 51.488728031999997)",Unfall 43400 (2022) Kat:2, Licht: 0,43400,2,2,5,08,14,7,0,0,0,1,0,0,0,0
"POINT (6.756647312000040 51.437550737999999)",Unfall 43422 (2022) Kat:3, Licht: 0,43422,3,6,7,08,07,6,1,0,0,1,0,0,0,0
"POINT (6.750836877000040 51.507593075999999)",Unfall 43429 (2022) Kat:3, Licht: 0,43429,3,3,5,07,12,1,0,0,0,1,0,0,0,0
"POINT (6.733301649000050 51.461064248000099)",Unfall 43515 (2022) Kat:2, Licht: 2,43515,2,4,6,08,23,7,0,2,0,1,1,0,0,0
"POINT (6.793357480000050 51.465472530000099)",Unfall 43527 (2022) Kat:3, Licht: 0,43527,3,3,5,08,09,4,0,0,1,1,0,0,0,0
"POINT (6.751153455000060 51.401215239000102)",Unfall 43542 (2022) Kat:3, Licht: 1,43542,3,3,0,08,21,3,0,1,1,1,0,0,0,0
"POINT (6.768315624000020 51.465317405000100)",Unfall 43567 (2022) Kat:3, Licht: 0,43567,3,6,3,08,13,4,0,0,0,1,0,0,0,0
"POINT (6.774362898000050 51.493566739000102)",Unfall 43594 (2022) Kat:3, Licht: 0,43594,3,5,0,08,12,2,0,0,0,1,1,0,0,0
"POINT (6.769441036000050 51.462756060000103)",Unfall 43640 (2022) Kat:3, Licht: 0,43640,3,6,2,08,13,3,0,0,0,1,0,1,0,0
"POINT (6.766762357000060 51.470501178000099)",Unfall 43673 (2022) Kat:2, Licht: 0,43673,2,3,5,08,13,4,0,0,0,1,0,0,0,0
"POINT (6.730419923000060 51.498005632999998)",Unfall 43694 (2022) Kat:3, Licht: 2,43694,3,7,8,07,21,1,1,2,0,1,0,0,0,1
"POINT (6.749145623000060 51.435513431000103)",Unfall 43791 (2022) Kat:3, Licht: 0,43791,3,1,0,08,15,7,0,0,0,1,0,0,0,0