WKT,Name,OBJECTID,UKATEGORIE,UTYP1,UART,UMONAT,USTUNDE,UWOCHENTAG,STRZUSTAND,ULICHTVERH,ISTRAD,ISTPKW,ISTFUSS,ISTKRAD,ISTGKFZ,ISTSONSTIG
"POINT (6.771009759000040 51.461234465000103)",Unfall 43811 (2022) Kat:3, Licht: 0,43811,3,6,2,08,17,5,0,0,0,1,0,0,0,1
"POINT (6.760778463000070 51.419260893999997)",Unfall 43845 (2022) Kat:3, Licht: 0,43845,3,6,3,08,14,3,0,0,0,1,0,0,1,0
"POINT (6.816529913000070 51.490952820000103)",Unfall 43926 (2022) Kat:2, Licht: 0,43926,2,6,2,08,10,4,0,0,0,1,0,0,1,0
"POINT (6.712290153000030 51.437079346000097)",Unfall 43971 (2022) Kat:3, Licht: 0,43971,3,6,2,07,19,7,0,0,0,1,0,0,0,0
"POINT (6.745806533000060 51.486462781000100)",Unfall 43990 (2022) Kat:3, Licht: 0,43990,3,6,3,07,13,5,0,0,0,1,0,0,1,0
"POINT (6.763048955000040 51.402356842000103)",Unfall 44002 (2022) Kat:2, Licht: 0,44002,2,6,2,08,13,4,0,0,0,1,0,1,0,0
"POINT (6.776076761000070 51.371288449000097)",Unfall 44005 (2022) Kat:2, Licht: 0,44005,2,2,4,08,14,1,0,0,0,1,0,0,0,0
"POINT (6.788705904000040 51.417968739999999)",Unfall 44104 (2022) Kat:3, Licht: 0,44104,3,6,3,08,09,3,0,0,1,1,0,0,0,0
"POINT (6.751469289000060 51.403858315000001)",Unfall 44105 (2022) Kat:3, Licht: 0,44105,3,1,0,08,17,6,0,0,1,0,0,0,0,0
"POINT (6.790859309000040 51.447798816000002)",Unfall 44160 (2022) Kat:3, Licht: 0,44160,3,6,2,08,17,4,0,0,0,1,0,0,1,0
"POINT (6.799238889000040 51.484817104999998)",Unfall 44287 (2022) Kat:3, Licht: 0,44287,3,6,3,08,16,7,0,0,0,1,0,0,0,0
"POINT (6.718839919000060 51.456589660000098)",Unfall 44313 (2022) Kat:3, Licht: 0,44313,3,3,5,08,15,3,0,0,1,1,0,0,0,0
"POINT (6.770944112000050 51.487083665000100)",Unfall 44344 (2022) Kat:3, Licht: 0,44344,3,6,2,08,13,2,0,0,0,1,0,0,1,0
"POINT (6.754047223000040 51.418606910000101)",Unfall 44365 (2022) Kat:3, Licht: 0,44365,3,6,3,07,08,6,1,0,0,0,0,0,1,1
"POINT (6.804705869000030 51.486461480000102)",Unfall 44378 (2022) Kat:3, Licht: 0,44378,3,6,2,07,10,4,0,0,0,1,0,0,0,0
"POINT (6.712049323000030 51.412624637000100)",Unfall 44387 (2022) Kat:3, Licht: 0,44387,3,6,1,08,10,3,0,0,0,1,0,0,0,0
"POINT (6.776381635000060 51.420085096000001)",Unfall 44401 (2022) Kat:3, Licht: 0,44401,3,2,2,08,17,3,0,0,0,1,0,1,0,0
"POINT (6.770958720000070 51.426787419999997)",Unfall 44461 (2022) Kat:3, Licht: 0,44461,3,3,3,07,18,5,0,0,0,1,0,0,0,0
"POINT (6.660432850000060 51.350593883000002)",Unfall 44502 (2022) Kat:3, Licht: 0,44502,3,6,4,08,11,3,0,0,1,0,0,0,0,0
"POINT (6.801608822000050 51.456256144000101)",Unfall 44531 (2022) Kat:2, Licht: 0,44531,2,6,2,08,14,4,0,0,0,0,0,1,0,1
"POINT (6.751452565000020 51.508070908000001)",Unfall 44548 (2022) Kat:3, Licht: 0,44548,3,3,5,08,16,6,0,0,0,1,0,0,0,1
"POINT (6.765221242000050 51.425516762000001)",Unfall 44566 (2022) Kat:3, Licht: 0,44566,3,7,6,08,13,5,0,0,1,0,1,0,0,0
"POINT (6.810601190000060 51.440986010000103)",Unfall 44588 (2022) Kat:3, Licht: 0,44588,3,6,1,07,06,4,0,0,0,1,0,0,0,0
"POINT (6.643369563000020 51.392698021999998)",Unfall 44642 (2022) Kat:3, Licht: 0,44642,3,5,0,07,18,4,0,0,0,1,0,0,0,0
"POINT (6.772204093000030 51.491493956000099)",Unfall 44661 (2022) Kat:3, Licht: 0,44661,3,2,2,08,18,1,0,0,0,1,0,0,0,0
"POINT (6.767767186000070 51.481310295000100)",Unfall 44662 (2022) Kat:3, Licht: 0,44662,3,4,6,08,08,3,0,0,0,1,1,0,0,0
"POINT (6.692529404000030 51.416681352000097)",Unfall 44700 (2022) Kat:3, Licht: 1,44700,3,4,6,08,22,5,0,1,0,1,1,0,0,0
"POINT (6.785301655000070 51.505324157000103)",Unfall 44710 (2022) Kat:3, Licht: 0,44710,3,3,5,08,16,1,0,0,0,1,0,0,0,0
"POINT (6.672256421000040 51.481555524000001)",Unfall 44778 (2022) Kat:2, Licht: 0,44778,2,1,9,07,08,7,0,0,0,0,0,1,0,0
"POINT (6.690213002000060 51.447391553000003)",Unfall 44851 (2022) Kat:3, Licht: 0,44851,3,7,4,08,17,3,0,0,0,1,0,0,0,0
"POINT (6.751508940000060 51.390130210999999)",Unfall 44872 (2022) Kat:3, Licht: 0,44872,3,2,0,08,15,5,1,0,0,1,0,1,0,0
"POINT (6.780990706000070 51.438113303000101)",Unfall 44882 (2022) Kat:3, Licht: 0,44882,3,7,5,07,14,7,0,0,0,1,1,0,0,0
"POINT (6.798816916000020 51.446049776000102)",Unfall 44967 (2022) Kat:3, Licht: 0,44967,3,6,2,08,11,2,0,0,0,1,0,0,1,0
"POINT (6.747259427000070 51.419773989000099)",Unfall 44971 (2022) Kat:3, Licht: 0,44971,3,6,2,08,06,2,1,0,0,1,0,0,0,0
"POINT (6.754314526000030 51.421917360000101)",Unfall 44980 (2022) Kat:3, Licht: 0,44980,3,1,0,08,09,4,0,0,1,0,0,0,0,0
"POINT (6.770380944000070 51.427255112000097)",Unfall 45032 (2022) Kat:3, Licht: 0,45032,3,1,0,08,17,2,0,0,1,0,0,0,0,0
"POINT (6.761707773000070 51.500460773999997)",Unfall 45035 (2022) Kat:2, Licht: 0,45035,2,6,2,08,10,5,0,0,0,1,0,0,0,0
"POINT (6.706331986000070 51.420291304999999)",Unfall 45047 (2022) Kat:3, Licht: 0,45047,3,4,6,08,16,3,0,0,0,1,1,0,0,0
"POINT (6.756194174000030 51.486984030000002)",Unfall 45121 (2022) Kat:2, Licht: 0,45121,2,6,3,08,16,3,0,0,0,1,0,0,1,0
"POINT (6.765506872000060 51.461548630000003)",Unfall 45139 (2022) Kat:3, Licht: 2,45139,3,2,6,08,22,6,0,2,0,1,1,0,0,0
"POINT (6.791323421000070 51.488287514000000)",Unfall 45285 (2022) Kat:3, Licht: 0,45285,3,2,4,07,19,4,0,0,0,1,0,0,0,0
"POINT (6.753259556000050 51.393620342000098)",Unfall 45296 (2022) Kat:2, Licht: 0,45296,2,2,5,08,14,5,0,0,1,0,0,0,1,0
"POINT (6.773353802000030 51.437675902000102)",Unfall 45354 (2022) Kat:3, Licht: 0,45354,3,2,5,08,19,4,0,0,1,1,0,0,0,0
"POINT (6.756804788000070 51.430752980000101)",Unfall 45370 (2022) Kat:3, Licht: 0,45370,3,6,1,08,19,2,0,0,0,1,0,0,0,0
"POINT (6.742843459000030 51.528065900999998)",Unfall 45387 (2022) Kat:3, Licht: 2,45387,3,3,5,08,22,6,0,2,1,1,0,0,0,0
"POINT (6.779731431000070 51.371475890000099)",Unfall 45388 (2022) Kat:3, Licht: 0,45388,3,2,1,08,12,4,0,0,1,1,0,0,0,0
"POINT (6.764392367000030 51.495024657999998)",Unfall 45456 (2022) Kat:3, Licht: 0,45456,3,1,2,08,07,6,0,0,0,1,0,0,0,0
"POINT (6.751141614000060 51.460640597000101)",Unfall 45457 (2022) Kat:3, Licht: 0,45457,3,1,8,08,10,7,0,0,0,1,0,0,0,0
"POINT (6.752799044000030 51.418758760999999)",Unfall 45486 (2022) Kat:2, Licht: 0,45486,2,7,9,08,13,6,0,0,0,1,0,0,0,1
"POINT (6.778404853000040 51.365864043999999)",Unfall 45549 (2022) Kat:3, Licht: 0,45549,3,2,6,08,15,4,0,0,0,1,1,0,0,0
"POINT (6.711716022000080 51.405361638999999)",Unfall 45598 (2022) Kat:3, Licht: 0,45598,3,2,6,08,11,6,0,0,0,1,1,0,0,0
"POINT (6.720321117000030 51.533394579000102)",Unfall 45611 (2022) Kat:3, Licht: 0,45611,3,2,0,08,15,2,0,0,0,1,0,1,0,0
"POINT (6.750351353000040 51.498082290000099)",Unfall 45639 (2022) Kat:3, Licht: 0,45639,3,6,3,08,15,2,0,0,0,1,0,1,0,0
"POINT (6.802655132000040 51.409400940000097)",Unfall 45642 (2022) Kat:3, Licht: 0,45642,3,6,2,08,17,7,0,0,0,1,0,0,0,0
"POINT (6.765531967000070 51.490804626000099)",Unfall 45687 (2022) Kat:3, Licht: 0,45687,3,7,0,08,10,5,0,0,0,0,0,1,0,0
"POINT (6.760938697000030 51.432433355000100)",Unfall 45747 (2022) Kat:3, Licht: 0,45747,3,2,4,08,12,2,0,0,0,1,0,0,0,0
"POINT (6.756335288000060 51.486970853999999)",Unfall 45780 (2022) Kat:3, Licht: 0,45780,3,6,3,08,11,4,0,0,0,1,0,0,1,0
"POINT (6.764407255000040 51.502345514000098)",Unfall 45786 (2022) Kat:3, Licht: 0,45786,3,3,5,08,12,3,0,0,0,1,0,0,0,0
"POINT (6.701250329000060 51.415343203000099)",Unfall 45824 (2022) Kat:3, Licht: 0,45824,3,3,5,08,13,5,0,0,1,1,0,0,0,0
"POINT (6.772366263000040 51.510735637000003)",Unfall 45862 (2022) Kat:3, Licht: 0,45862,3,7,5,08,14,7,0,0,1,0,0,0,0,1
"POINT (6.751308600000070 51.402657352000098)",Unfall 46079 (2022) Kat:3, Licht: 0,46079,3,3,5,08,13,5,0,0,1,1,0,0,0,0
"POINT (6.793491694000070 51.484754653000003)",Unfall 46082 (2022) Kat:3, Licht: 0,46082,3,6,0,08,18,5,0,0,0,1,0,0,0,0
"POINT (6.733304627000050 51.374464772000103)",Unfall 46096 (2022) Kat:3, Licht: 0,46096,3,3,5,08,07,3,0,0,1,1,0,0,0,0
"POINT (6.734957723000040 51.456019550000100)",Unfall 46125 (2022) Kat:3, Licht: 1,46125,3,3,5,08,06,2,0,1,1,1,0,0,0,0
"POINT (6.812207858000020 51.461759335000103)",Unfall 46180 (2022) Kat:3, Licht: 0,46180,3,6,2,08,15,6,0,0,0,1,0,0,0,0
"POINT (6.733934101000050 51.471546492000101)",Unfall 46207 (2022) Kat:3, Licht: 2,46207,3,1,0,08,03,7,1,2,1,0,0,0,0,0
"POINT (6.659061489000070 51.401190569999997)",Unfall 46212 (2022) Kat:3, Licht: 0,46212,3,2,4,08,13,7,0,0,0,1,0,0,0,0
"POINT (6.769199062000040 51.416208214999997)",Unfall 46230 (2022) Kat:3, Licht: 0,46230,3,2,5,08,13,5,0,0,0,1,0,0,0,0
"POINT (6.779888616000050 51.465965769000000)",Unfall 46272 (2022) Kat:2, Licht: 0,46272,2,7,0,08,16,1,0,0,1,0,0,0,0,0
"POINT (6.701004251000030 51.399645404000097)",Unfall 46277 (2022) Kat:3, Licht: 1,46277,3,6,8,08,20,3,0,1,0,1,0,0,0,0
"POINT (6.766043548000030 51.423750294000101)",Unfall 46297 (2022) Kat:3, Licht: 2,46297,3,3,0,08,05,7,0,2,1,1,0,0,0,0
"POINT (6.738777453000070 51.435590902999998)",Unfall 46330 (2022) Kat:3, Licht: 0,46330,3,6,2,08,13,1,0,0,0,1,0,0,0,0
"POINT (6.765114103000030 51.498079591000099)",Unfall 46386 (2022) Kat:3, Licht: 2,46386,3,6,1,08,01,1,0,2,0,1,0,0,0,0
"POINT (6.771995402000070 51.470645107000102)",Unfall 46387 (2022) Kat:3, Licht: 0,46387,3,7,5,08,13,4,0,0,1,1,0,0,0,0
"POINT (6.732546742000070 51.480792835999999)",Unfall 46408 (2022) Kat:2, Licht: 2,46408,2,3,5,08,23,6,0,2,1,1,0,0,0,0
"POINT (6.775780412000070 51.440280037000001)",Unfall 46446 (2022) Kat:3, Licht: 2,46446,3,3,3,08,22,3,0,2,0,1,0,1,0,0
"POINT (6.744898503000060 51.445191308000098)",Unfall 46513 (2022) Kat:3, Licht: 0,46513,3,3,5,08,15,5,0,0,1,1,0,0,0,0
"POINT (6.815864365000040 51.497735014000099)",Unfall 46590 (2022) Kat:3, Licht: 0,46590,3,3,5,09,16,4,0,0,0,1,0,0,0,0
"POINT (6.749964748000020 51.419104629000103)",Unfall 46647 (2022) Kat:3, Licht: 0,46647,3,6,3,09,19,1,0,0,0,1,0,1,0,0
"POINT (6.776076761000070 51.371288449000097)",Unfall 46685 (2022) Kat:3, Licht: 0,46685,3,2,5,08,16,1,0,0,0,1,0,0,0,0
"POINT (6.727693353000060 51.391689344000000)",Unfall 46719 (2022) Kat:3, Licht: 0,46719,3,3,3,09,15,4,0,0,1,0,0,0,1,0
"POINT (6.794472372000030 51.433298391999998)",Unfall 46808 (2022) Kat:3, Licht: 0,46808,3,7,0,09,17,5,0,0,1,0,0,0,0,0
"POINT (6.750235200000020 51.441843445000103)",Unfall 46854 (2022) Kat:3, Licht: 0,46854,3,3,5,08,16,3,0,0,0,1,0,0,0,0
"POINT (6.751001787000060 51.436232528000097)",Unfall 46867 (2022) Kat:3, Licht: 0,46867,3,6,2,08,16,3,0,0,0,1,0,0,0,0
"POINT (6.761944847000050 51.488742172000102)",Unfall 46964 (2022) Kat:3, Licht: 0,46964,3,1,6,09,15,2,0,0,0,0,1,0,0,1
"POINT (6.752590329000040 51.460140432000102)",Unfall 46978 (2022) Kat:3, Licht: 0,46978,3,7,0,09,19,5,0,0,1,0,1,0,0,0
"POINT (6.786727580000050 51.423139643000098)",Unfall 46987 (2022) Kat:3, Licht: 0,46987,3,2,5,08,09,4,0,0,1,0,0,0,0,1
"POINT (6.771717304000050 51.404113865000099)",Unfall 47032 (2022) Kat:2, Licht: 0,47032,2,6,2,09,10,5,1,0,0,1,0,0,1,0
"POINT (6.771792382000060 51.494799537000098)",Unfall 47100 (2022) Kat:3, Licht: 0,47100,3,2,5,09,16,6,0,0,1,1,0,0,0,0
"POINT (6.775847575000060 51.436773154000001)",Unfall 47101 (2022) Kat:2, Licht: 0,47101,2,1,9,08,13,1,0,0,0,0,0,0,0,1
"POINT (6.773353802000030 51.437675902000102)",Unfall 47107 (2022) Kat:3, Licht: 0,47107,3,2,5,09,18,3,0,0,1,1,0,0,0,0
"POINT (6.778886914000050 51.484437438000000)",Unfall 47149 (2022) Kat:2, Licht: 0,47149,2,6,3,09,13,4,0,0,0,1,0,0,1,0
"POINT (6.762536562000040 51.435123094000097)",Unfall 47174 (2022) Kat:2, Licht: 0,47174,2,6,3,09,07,4,1,0,0,1,0,0,0,1
"POINT (6.738857147000030 51.489083166000100)",Unfall 47218 (2022) Kat:3, Licht: 2,47218,3,6,3,09,21,6,0,2,0,1,0,0,0,0
"POINT (6.724364960000060 51.392408410000002)",Unfall 47301 (2022) Kat:3, Licht: 0,47301,3,7,5,08,15,2,0,0,0,0,0,1,1,0
"POINT (6.748646901000030 51.386460003000103)",Unfall 47333 (2022) Kat:3, Licht: 0,47333,3,2,5,09,16,6,0,0,1,0,0,0,1,0
"POINT (6.740881039000040 51.454424090000003)",Unfall 47349 (2022) Kat:3, Licht: 0,47349,3,1,3,08,14,1,0,0,1,1,0,0,0,0
"POINT (6.750027160000060 51.435513468000103)",Unfall 47372 (2022) Kat:3, Licht: 0,47372,3,6,3,09,07,5,0,0,0,0,0,0,1,1
"POINT (6.751326814000040 51.462113338000101)",Unfall 47403 (2022) Kat:2, Licht: 2,47403,2,3,5,09,21,7,0,2,0,1,0,0,0,0
"POINT (6.761423931000020 51.432039202000098)",Unfall 47453 (2022) Kat:3, Licht: 0,47453,3,4,0,09,11,2,0,0,0,1,1,0,0,0
"POINT (6.691233991000050 51.436331112000097)",Unfall 47456 (2022) Kat:2, Licht: 2,47456,2,1,8,09,22,4,0,2,0,1,0,0,0,0
"POINT (6.742100354000060 51.513686997000001)",Unfall 47540 (2022) Kat:3, Licht: 0,47540,3,7,0,09,15,5,0,0,1,0,0,0,0,0
"POINT (6.784190209000030 51.420967962000098)",Unfall 47594 (2022) Kat:3, Licht: 0,47594,3,3,5,08,10,1,0,0,1,0,0,0,0,0
"POINT (6.773863501000050 51.431508145000102)",Unfall 47610 (2022) Kat:3, Licht: 0,47610,3,6,2,08,14,1,0,0,0,1,0,0,0,1
"POINT (6.788241502000060 51.391228013999999)",Unfall 47625 (2022) Kat:3, Licht: 0,47625,3,3,5,09,13,2,0,0,1,1,0,0,0,0
"POINT (6.730614277000030 51.411346046000098)",Unfall 47650 (2022) Kat:3, Licht: 0,47650,3,3,5,09,15,4,0,0,0,1,0,1,0,0
"POINT (6.701697642000060 51.356446556999998)",Unfall 47670 (2022) Kat:3, Licht: 1,47670,3,6,1,08,21,1,0,1,0,1,0,0,0,0
"POINT (6.775789896000050 51.407480919000101)",Unfall 47703 (2022) Kat:2, Licht: 2,47703,2,1,9,09,21,4,0,2,0,1,0,0,0,0
"POINT (6.760810598000030 51.432426094999997)",Unfall 47704 (2022) Kat:3, Licht: 0,47704,3,6,3,09,10,1,0,0,0,1,0,0,0,0
"POINT (6.770543823000030 51.413601696000100)",Unfall 47761 (2022) Kat:3, Licht: 0,47761,3,3,5,08,17,4,0,0,1,1,0,0,0,0
"POINT (6.744212074000070 51.501639206999997)",Unfall 47770 (2022) Kat:3, Licht: 0,47770,3,3,5,09,13,3,0,0,0,1,0,0,0,0
"POINT (6.753826831000030 51.372116083000002)",Unfall 47796 (2022) Kat:3, Licht: 0,47796,3,7,0,08,12,3,0,0,0,0,0,0,0,1
"POINT (6.767999377000020 51.515576674999998)",Unfall 47800 (2022) Kat:3, Licht: 0,47800,3,6,0,09,14,7,0,0,0,1,0,0,0,0
"POINT (6.763153651000040 51.419696649000102)",Unfall 47807 (2022) Kat:2, Licht: 2,47807,2,3,5,09,04,6,0,2,0,1,0,0,0,0
"POINT (6.778182745000040 51.446363152000103)",Unfall 47816 (2022) Kat:2, Licht: 0,47816,2,6,3,09,10,7,0,0,0,1,0,0,1,0
"POINT (6.780146435000060 51.484898887000000)",Unfall 47850 (2022) Kat:3, Licht: 0,47850,3,6,3,09,13,3,0,0,0,1,0,0,1,0
"POINT (6.759035535000070 51.378688238999999)",Unfall 47899 (2022) Kat:3, Licht: 0,47899,3,5,0,09,11,4,0,0,0,1,0,0,0,0
"POINT (6.816571337000030 51.468969100999999)",Unfall 47973 (2022) Kat:3, Licht: 0,47973,3,6,2,08,06,4,0,0,0,1,0,0,0,0
"POINT (6.751303721000060 51.497950797000001)",Unfall 48013 (2022) Kat:2, Licht: 2,48013,2,6,2,08,00,4,0,2,0,1,0,0,0,0
"POINT (6.746244985000030 51.443516971000101)",Unfall 48063 (2022) Kat:3, Licht: 0,48063,3,6,2,08,16,3,0,0,0,1,0,0,0,1
"POINT (6.774362898000050 51.493566739000102)",Unfall 48086 (2022) Kat:3, Licht: 0,48086,3,6,5,09,19,6,0,0,0,1,0,0,0,1
"POINT (6.787518166000040 51.448618656000100)",Unfall 48102 (2022) Kat:3, Licht: 0,48102,3,2,3,08,11,3,0,0,1,1,0,0,0,0
"POINT (6.760575735000030 51.397289617000098)",Unfall 48139 (2022) Kat:3, Licht: 0,48139,3,2,5,09,13,6,0,0,1,1,0,0,0,0
"POINT (6.799152165000070 51.395125428000000)",Unfall 48152 (2022) Kat:3, Licht: 0,48152,3,7,0,09,17,6,0,0,1,0,0,0,0,0
"POINT (6.799666823000050 51.433256643000000)",Unfall 48172 (2022) Kat:3, Licht: 0,48172,3,2,6,09,09,3,0,0,0,1,1,0,0,0
"POINT (6.808622924000080 51.459980721000100)",Unfall 48194 (2022) Kat:3, Licht: 0,48194,3,6,2,09,08,6,0,0,0,1,0,0,0,0
"POINT (6.776927359000070 51.441932553000100)",Unfall 48195 (2022) Kat:3, Licht: 1,48195,3,6,3,08,06,3,0,1,0,1,0,0,1,0
"POINT (6.767493993000070 51.437477623000099)",Unfall 48207 (2022) Kat:3, Licht: 0,48207,3,5,1,09,16,5,0,0,0,1,0,0,0,0
"POINT (6.763362887000030 51.486008878000099)",Unfall 48280 (2022) Kat:3, Licht: 2,48280,3,6,3,09,05,6,0,2,0,1,0,0,1,0
"POINT (6.808133541000070 51.432735835000102)",Unfall 48308 (2022) Kat:3, Licht: 0,48308,3,6,3,09,11,3,0,0,0,1,0,0,1,0
"POINT (6.771009759000040 51.461234465000103)",Unfall 48323 (2022) Kat:2, Licht: 0,48323,2,6,2,09,14,1,1,0,0,1,0,0,0,0
"POINT (6.729131706000030 51.456024528000100)",Unfall 48330 (2022) Kat:2, Licht: 0,48330,2,7,0,09,11,7,0,0,1,0,0,0,0,0
"POINT (6.783961147000070 51.420533605999999)",Unfall 48334 (2022) Kat:3, Licht: 0,48334,3,2,3,09,15,2,1,0,0,1,0,0,0,1
"POINT (6.818867883000050 51.495226576999997)",Unfall 48347 (2022) Kat:3, Licht: 0,48347,3,6,2,09,07,5,0,0,0,1,0,0,0,0
"POINT (6.765481971000040 51.431215084000002)",Unfall 48349 (2022) Kat:3, Licht: 0,48349,3,7,0,09,09,3,1,0,0,0,0,0,0,1
"POINT (6.766792295000070 51.426014809000002)",Unfall 48354 (2022) Kat:3, Licht: 2,48354,3,1,0,09,01,4,1,2,0,0,0,0,0,1
"POINT (6.782029489000020 51.485683320000099)",Unfall 48462 (2022) Kat:3, Licht: 0,48462,3,6,3,09,14,5,0,0,0,1,0,0,1,0
"POINT (6.793208392000050 51.428531458000101)",Unfall 48469 (2022) Kat:3, Licht: 0,48469,3,7,0,09,10,3,0,0,0,0,0,0,0,1
"POINT (6.776494225000020 51.437602250000097)",Unfall 48497 (2022) Kat:3, Licht: 0,48497,3,2,0,09,08,2,0,0,1,1,0,0,0,0
"POINT (6.766077665000070 51.497375266000098)",Unfall 48507 (2022) Kat:3, Licht: 0,48507,3,3,0,09,16,5,0,0,1,1,0,0,0,0
"POINT (6.798381416000040 51.415151844000000)",Unfall 48535 (2022) Kat:3, Licht: 0,48535,3,6,2,09,14,1,0,0,0,1,0,0,0,0
"POINT (6.770152954000030 51.444701845000097)",Unfall 48565 (2022) Kat:3, Licht: 0,48565,3,6,1,09,16,5,0,0,0,1,0,0,0,1
"POINT (6.764495604000050 51.494841420999997)",Unfall 48568 (2022) Kat:3, Licht: 2,48568,3,7,9,09,20,3,0,2,0,1,0,0,0,0
"POINT (6.770393036000030 51.423550034000101)",Unfall 48570 (2022) Kat:3, Licht: 2,48570,3,6,2,09,00,1,0,2,0,1,0,0,0,0
"POINT (6.818867882000060 51.495226576000100)",Unfall 48578 (2022) Kat:3, Licht: 0,48578,3,1,0,09,11,7,1,0,0,1,0,0,0,1
"POINT (6.753935017000060 51.439463579000098)",Unfall 48597 (2022) Kat:2, Licht: 2,48597,2,6,3,09,23,5,0,2,0,1,0,1,0,0
"POINT (6.769395535000060 51.507183977000103)",Unfall 48598 (2022) Kat:3, Licht: 0,48598,3,7,0,09,16,2,0,0,0,0,1,0,0,1
"POINT (6.792185728000050 51.427661812000103)",Unfall 48612 (2022) Kat:3, Licht: 0,48612,3,1,5,09,15,5,0,0,1,1,0,0,0,0
"POINT (6.655488809000080 51.389482096999998)",Unfall 48661 (2022) Kat:2, Licht: 0,48661,2,3,6,09,13,6,0,0,0,0,1,1,0,0
"POINT (6.778074498000020 51.526117464999999)",Unfall 48667 (2022) Kat:2, Licht: 0,48667,2,3,5,09,16,2,1,0,1,1,0,0,0,0
"POINT (6.719840389000070 51.413993096000098)",Unfall 48685 (2022) Kat:3, Licht: 0,48685,3,6,2,09,15,3,0,0,0,1,0,0,0,0
"POINT (6.692460980000020 51.416694022999998)",Unfall 48715 (2022) Kat:3, Licht: 0,48715,3,2,4,09,16,4,0,0,1,1,0,0,0,0
"POINT (6.811280401000030 51.463397219000100)",Unfall 48823 (2022) Kat:3, Licht: 0,48823,3,6,1,09,14,2,0,0,0,1,0,1,0,0
"POINT (6.774628513000040 51.382932976000099)",Unfall 48832 (2022) Kat:3, Licht: 2,48832,3,6,2,09,22,6,0,2,0,1,0,0,0,0
"POINT (6.780548978000070 51.437873744000100)",Unfall 48884 (2022) Kat:3, Licht: 0,48884,3,4,6,09,13,2,0,0,0,1,1,0,0,0
"POINT (6.749396145000050 51.442169118000002)",Unfall 48916 (2022) Kat:3, Licht: 0,48916,3,7,3,09,17,2,1,0,0,1,0,0,0,0
"POINT (6.774836606000060 51.381140908000098)",Unfall 48939 (2022) Kat:3, Licht: 0,48939,3,6,3,09,08,2,1,0,0,1,0,0,1,0
"POINT (6.732886719000020 51.436844755999999)",Unfall 49021 (2022) Kat:3, Licht: 0,49021,3,6,2,09,11,6,0,0,0,1,0,0,1,0
"POINT (6.778441650000050 51.446085278000098)",Unfall 49023 (2022) Kat:2, Licht: 0,49023,2,1,7,09,15,4,1,0,0,1,0,0,0,0
"POINT (6.810402396000030 51.463173777000101)",Unfall 49050 (2022) Kat:3, Licht: 0,49050,3,3,5,09,12,7,1,0,0,1,0,0,0,0
"POINT (6.765927571000020 51.473860011000099)",Unfall 49070 (2022) Kat:2, Licht: 0,49070,2,6,2,09,12,5,0,0,0,1,0,0,0,0
"POINT (6.757558789000030 51.436478505000103)",Unfall 49100 (2022) Kat:3, Licht: 0,49100,3,6,0,09,13,4,0,0,1,0,0,0,0,0
"POINT (6.800189869000060 51.410802772000103)",Unfall 49107 (2022) Kat:3, Licht: 0,49107,3,6,2,09,16,7,1,0,0,1,0,0,0,0
"POINT (6.816975358000040 51.491828881000103)",Unfall 49117 (2022) Kat:3, Licht: 0,49117,3,6,2,09,14,7,1,0,0,1,0,0,0,0
"POINT (6.696364283000040 51.450955776999997)",Unfall 49144 (2022) Kat:3, Licht: 0,49144,3,2,5,09,12,5,0,0,0,1,0,1,0,0
"POINT (6.759638757000060 51.510352408000102)",Unfall 49157 (2022) Kat:3, Licht: 0,49157,3,3,5,09,17,4,0,0,0,1,0,0,0,0
"POINT (6.772922799000070 51.491583325000100)",Unfall 49190 (2022) Kat:3, Licht: 0,49190,3,7,0,09,15,4,1,0,0,0,0,1,0,0
"POINT (6.715075070000070 51.437529331000100)",Unfall 49219 (2022) Kat:3, Licht: 0,49219,3,1,2,09,09,6,0,0,0,1,0,0,0,1
"POINT (6.776076761000070 51.371288449000097)",Unfall 49235 (2022) Kat:3, Licht: 2,49235,3,1,0,10,20,7,0,2,0,0,0,0,0,1
"POINT (6.810401603000060 51.487070421000098)",Unfall 49238 (2022) Kat:3, Licht: 0,49238,3,6,2,09,19,6,0,0,0,1,0,0,1,0
"POINT (6.748271598000030 51.498800092000103)",Unfall 49294 (2022) Kat:3, Licht: 0,49294,3,6,3,09,18,1,1,0,0,1,0,0,0,0
"POINT (6.770569330000060 51.483760852000003)",Unfall 49301 (2022) Kat:3, Licht: 0,49301,3,6,5,09,16,7,1,0,0,1,0,0,0,0
"POINT (6.770480723000050 51.484055361000102)",Unfall 49375 (2022) Kat:3, Licht: 1,49375,3,6,2,09,06,3,0,1,0,1,0,0,0,0
"POINT (6.790699966000030 51.486787960000100)",Unfall 49399 (2022) Kat:3, Licht: 2,49399,3,2,3,09,03,7,0,2,1,1,0,0,0,0
"POINT (6.741102604000050 51.517356814000003)",Unfall 49400 (2022) Kat:3, Licht: 0,49400,3,2,0,09,15,5,0,0,1,1,0,0,0,0
"POINT (6.798508519000050 51.422941139999999)",Unfall 49428 (2022) Kat:3, Licht: 0,49428,3,6,2,09,16,6,0,0,0,1,0,0,0,0
"POINT (6.756675422000060 51.486936415000102)",Unfall 49429 (2022) Kat:2, Licht: 1,49429,2,6,3,09,06,3,0,1,0,1,0,0,1,0
"POINT (6.803550777000050 51.405946870999998)",Unfall 49485 (2022) Kat:3, Licht: 0,49485,3,6,2,09,14,6,1,0,0,1,0,0,0,0
"POINT (6.707491556000040 51.455877665999999)",Unfall 49488 (2022) Kat:3, Licht: 0,49488,3,2,6,09,15,6,0,0,0,1,1,0,0,0