WKT,Name,OBJECTID,UKATEGORIE,UTYP1,UART,UMONAT,USTUNDE,UWOCHENTAG,STRZUSTAND,ULICHTVERH,ISTRAD,ISTPKW,ISTFUSS,ISTKRAD,ISTGKFZ,ISTSONSTIG
"POINT (6.780146435000060 51.484898887000000)",Unfall 49520 (2022) Kat:3, Licht: 0,49520,3,6,5,09,15,2,1,0,0,1,0,0,1,1
"POINT (6.668440048000040 51.426636733000102)",Unfall 49568 (2022) Kat:3, Licht: 0,49568,3,3,5,09,16,2,1,0,1,1,0,0,0,0
"POINT (6.742854978000030 51.524703792000103)",Unfall 49619 (2022) Kat:3, Licht: 0,49619,3,3,5,09,15,3,0,0,1,1,0,0,0,0
"POINT (6.753725458000080 51.498106337000102)",Unfall 49620 (2022) Kat:3, Licht: 2,49620,3,3,5,09,21,1,0,2,0,1,0,0,0,0
"POINT (6.792570020000030 51.471585201000003)",Unfall 49677 (2022) Kat:3, Licht: 0,49677,3,3,5,09,09,3,0,0,0,0,0,1,0,1
"POINT (6.766520938000040 51.474669920000103)",Unfall 49709 (2022) Kat:3, Licht: 2,49709,3,6,2,09,21,6,0,2,0,1,0,0,0,0
"POINT (6.791147078000050 51.448258731000102)",Unfall 49722 (2022) Kat:3, Licht: 0,49722,3,2,5,09,18,6,0,0,1,1,0,0,0,0
"POINT (6.793075917000070 51.465418116000102)",Unfall 49739 (2022) Kat:3, Licht: 0,49739,3,1,2,09,16,2,0,0,0,1,0,0,0,0
"POINT (6.774560929000070 51.437646956000002)",Unfall 49748 (2022) Kat:3, Licht: 0,49748,3,6,3,09,16,3,0,0,1,1,0,0,0,0
"POINT (6.716579930000020 51.456752383000001)",Unfall 49835 (2022) Kat:3, Licht: 0,49835,3,3,2,09,16,6,0,0,1,1,0,0,0,0
"POINT (6.770952350000070 51.405508455000103)",Unfall 49912 (2022) Kat:2, Licht: 0,49912,2,7,0,09,14,7,1,0,1,0,0,0,0,0
"POINT (6.731271090000060 51.368828297999997)",Unfall 49977 (2022) Kat:3, Licht: 0,49977,3,6,2,09,17,7,1,0,0,1,0,0,0,0
"POINT (6.708982778000060 51.414625199000099)",Unfall 49985 (2022) Kat:3, Licht: 1,49985,3,1,8,09,19,6,0,1,0,1,0,0,0,0
"POINT (6.792768869000040 51.465802201000002)",Unfall 50070 (2022) Kat:3, Licht: 2,50070,3,3,0,09,06,6,0,2,1,1,0,0,0,0
"POINT (6.779103197000040 51.484553380000101)",Unfall 50073 (2022) Kat:3, Licht: 0,50073,3,6,3,09,11,2,0,0,0,1,0,0,1,0
"POINT (6.767187830000070 51.371226604000100)",Unfall 50123 (2022) Kat:3, Licht: 0,50123,3,3,1,09,11,3,0,0,0,1,0,1,0,0
"POINT (6.766428716000060 51.468265471999999)",Unfall 50249 (2022) Kat:3, Licht: 0,50249,3,6,2,09,12,2,0,0,0,0,0,0,0,1
"POINT (6.762450193000060 51.435118269999997)",Unfall 50269 (2022) Kat:3, Licht: 2,50269,3,6,2,09,00,1,1,2,0,1,0,0,0,0
"POINT (6.780692249000030 51.437889747000000)",Unfall 50294 (2022) Kat:3, Licht: 0,50294,3,6,2,09,10,5,0,0,0,1,0,0,0,0
"POINT (6.765826719000070 51.406543442000000)",Unfall 50300 (2022) Kat:3, Licht: 0,50300,3,6,2,09,22,6,0,0,0,1,0,0,0,0
"POINT (6.803569553000050 51.410037647000102)",Unfall 50328 (2022) Kat:3, Licht: 0,50328,3,6,2,09,07,4,0,0,0,1,0,0,0,0
"POINT (6.742809763000030 51.527324169000103)",Unfall 50371 (2022) Kat:3, Licht: 0,50371,3,7,2,09,08,5,0,0,0,1,0,0,0,0
"POINT (6.770560063000060 51.498314903000100)",Unfall 50405 (2022) Kat:3, Licht: 0,50405,3,6,6,09,12,4,0,0,0,1,1,0,0,0
"POINT (6.765059806000070 51.498104661000099)",Unfall 50434 (2022) Kat:3, Licht: 0,50434,3,6,1,09,19,2,0,0,0,1,0,0,0,0
"POINT (6.789717501000040 51.345323995999998)",Unfall 50436 (2022) Kat:3, Licht: 0,50436,3,7,0,09,07,6,0,0,1,0,0,0,0,0
"POINT (6.764916373000060 51.494192243000001)",Unfall 50457 (2022) Kat:2, Licht: 2,50457,2,3,5,09,05,6,0,2,0,1,0,0,1,0
"POINT (6.758763663000020 51.386667220000000)",Unfall 50548 (2022) Kat:3, Licht: 0,50548,3,6,2,09,15,6,0,0,0,1,0,0,0,0
"POINT (6.770659378000060 51.421282740999999)",Unfall 50562 (2022) Kat:2, Licht: 0,50562,2,6,3,09,07,4,0,0,0,1,0,0,0,0
"POINT (6.719062651000060 51.536385052000099)",Unfall 50586 (2022) Kat:3, Licht: 0,50586,3,3,5,09,10,5,0,0,1,1,0,0,0,0
"POINT (6.739051150000020 51.363826529999997)",Unfall 50683 (2022) Kat:3, Licht: 2,50683,3,6,2,10,20,5,0,2,1,1,0,0,0,0
"POINT (6.770546308000060 51.480432604999997)",Unfall 50687 (2022) Kat:3, Licht: 0,50687,3,3,5,10,13,6,0,0,0,1,0,0,0,0
"POINT (6.780261094000020 51.484959591000099)",Unfall 50814 (2022) Kat:3, Licht: 0,50814,3,6,3,10,14,3,0,0,0,1,0,0,1,0
"POINT (6.758297273000040 51.435828350000101)",Unfall 50816 (2022) Kat:3, Licht: 1,50816,3,3,5,10,18,5,0,1,0,1,0,0,0,1
"POINT (6.696788270000070 51.419391274000098)",Unfall 50842 (2022) Kat:3, Licht: 0,50842,3,7,5,10,15,4,0,0,0,1,0,0,0,0
"POINT (6.660210189000050 51.404960480000099)",Unfall 50901 (2022) Kat:3, Licht: 0,50901,3,6,0,10,15,3,0,0,1,1,0,0,0,0
"POINT (6.779942509000020 51.417370372000100)",Unfall 50924 (2022) Kat:3, Licht: 0,50924,3,2,5,10,14,4,0,0,1,0,0,0,0,0
"POINT (6.739579395000020 51.365357684999999)",Unfall 50935 (2022) Kat:3, Licht: 0,50935,3,7,0,10,12,3,0,0,1,0,0,0,0,0
"POINT (6.790832416000060 51.486954250000103)",Unfall 50937 (2022) Kat:3, Licht: 0,50937,3,3,4,10,13,6,0,0,0,1,0,0,1,0
"POINT (6.763580453000030 51.461089627000000)",Unfall 50956 (2022) Kat:2, Licht: 0,50956,2,2,1,10,11,1,0,0,0,1,0,1,0,0
"POINT (6.767907580000040 51.470788476000102)",Unfall 50976 (2022) Kat:3, Licht: 0,50976,3,6,2,10,14,7,0,0,0,1,0,0,0,0
"POINT (6.695736582000050 51.450615822000003)",Unfall 50991 (2022) Kat:2, Licht: 0,50991,2,4,6,10,17,4,0,0,0,1,1,0,0,0
"POINT (6.762980083000060 51.426533601000102)",Unfall 51008 (2022) Kat:3, Licht: 0,51008,3,3,5,10,11,2,0,0,1,1,0,0,0,0
"POINT (6.773159519000050 51.493986065000101)",Unfall 51058 (2022) Kat:3, Licht: 0,51058,3,6,6,10,16,1,0,0,0,1,1,0,0,0
"POINT (6.761707773000070 51.500460773999997)",Unfall 51064 (2022) Kat:3, Licht: 1,51064,3,2,2,10,18,2,0,1,0,1,0,0,0,0
"POINT (6.759153025000050 51.486626311000101)",Unfall 51068 (2022) Kat:3, Licht: 0,51068,3,6,3,10,16,3,0,0,0,1,0,0,1,0
"POINT (6.755171367000060 51.464589551000103)",Unfall 51152 (2022) Kat:3, Licht: 2,51152,3,1,0,10,22,4,0,2,0,0,0,0,0,1
"POINT (6.792570020000030 51.471585201000003)",Unfall 51192 (2022) Kat:3, Licht: 0,51192,3,3,5,10,08,3,0,0,1,1,0,0,0,0
"POINT (6.766647814000070 51.490763376000103)",Unfall 51270 (2022) Kat:3, Licht: 0,51270,3,6,2,10,16,5,0,0,0,1,0,0,0,0
"POINT (6.773799292000040 51.437567333000104)",Unfall 51274 (2022) Kat:3, Licht: 0,51274,3,6,2,10,11,5,0,0,0,1,0,0,0,1
"POINT (6.769286334000070 51.463436472000097)",Unfall 51311 (2022) Kat:3, Licht: 0,51311,3,1,9,10,17,1,0,0,0,1,0,0,0,0
"POINT (6.779731431000070 51.371475890000099)",Unfall 51318 (2022) Kat:3, Licht: 0,51318,3,6,2,10,17,6,0,0,0,1,0,1,0,0
"POINT (6.765377433000030 51.406270396000103)",Unfall 51405 (2022) Kat:3, Licht: 2,51405,3,2,5,10,06,3,1,2,1,1,0,0,0,0
"POINT (6.786749798000070 51.486342417000103)",Unfall 51420 (2022) Kat:3, Licht: 0,51420,3,6,3,10,14,4,0,0,0,1,0,0,1,0
"POINT (6.762351356000070 51.434278491000001)",Unfall 51506 (2022) Kat:3, Licht: 1,51506,3,2,3,10,16,2,0,1,1,1,0,0,0,0
"POINT (6.798897528000050 51.446035289000100)",Unfall 51527 (2022) Kat:2, Licht: 0,51527,2,6,3,10,16,4,0,0,0,1,0,0,1,0
"POINT (6.757903851000040 51.431176670000099)",Unfall 51536 (2022) Kat:3, Licht: 2,51536,3,7,2,10,05,2,0,2,0,1,0,0,1,0
"POINT (6.772826812000060 51.488025359000098)",Unfall 51540 (2022) Kat:3, Licht: 0,51540,3,3,5,10,17,5,0,0,0,1,0,0,0,0
"POINT (6.770804147000040 51.486665131999999)",Unfall 51541 (2022) Kat:3, Licht: 0,51541,3,7,1,10,14,3,0,0,0,1,0,0,0,0
"POINT (6.799599448000040 51.409315323999998)",Unfall 51565 (2022) Kat:3, Licht: 0,51565,3,1,1,10,12,5,0,0,0,1,0,0,0,0
"POINT (6.775055556000040 51.420165437999998)",Unfall 51619 (2022) Kat:3, Licht: 0,51619,3,1,0,10,13,1,0,0,1,0,0,0,0,0
"POINT (6.740932891000060 51.454782855000097)",Unfall 51726 (2022) Kat:3, Licht: 0,51726,3,3,5,10,16,4,0,0,1,1,0,0,0,0
"POINT (6.784341346000080 51.398493369000100)",Unfall 51754 (2022) Kat:3, Licht: 0,51754,3,2,3,10,16,1,0,0,1,1,0,0,0,0
"POINT (6.696707159000030 51.418576412000000)",Unfall 51839 (2022) Kat:3, Licht: 2,51839,3,2,5,10,19,6,0,2,0,1,0,1,0,0
"POINT (6.775438915000050 51.433353834999998)",Unfall 51850 (2022) Kat:3, Licht: 0,51850,3,6,2,10,10,4,0,0,0,1,0,0,1,0
"POINT (6.763777781000040 51.505656956999999)",Unfall 51860 (2022) Kat:3, Licht: 0,51860,3,2,6,10,16,2,1,0,0,1,1,0,0,0
"POINT (6.777350676000030 51.420023389999997)",Unfall 51872 (2022) Kat:3, Licht: 2,51872,3,1,0,10,19,2,0,2,1,0,0,0,0,0
"POINT (6.692529404000030 51.416681352000097)",Unfall 51876 (2022) Kat:3, Licht: 2,51876,3,2,5,10,07,3,1,2,0,1,0,0,0,0
"POINT (6.749976912000020 51.506822098000001)",Unfall 51913 (2022) Kat:3, Licht: 2,51913,3,2,4,10,19,2,1,2,0,1,0,0,0,0
"POINT (6.757723206000040 51.437906246000097)",Unfall 52013 (2022) Kat:2, Licht: 2,52013,2,6,1,10,21,5,0,2,0,1,0,0,0,0
"POINT (6.710898025000060 51.436854379000103)",Unfall 52030 (2022) Kat:3, Licht: 0,52030,3,3,5,10,13,7,0,0,0,1,0,0,1,0
"POINT (6.754186694000050 51.419180834000002)",Unfall 52077 (2022) Kat:3, Licht: 2,52077,3,1,0,10,01,1,0,2,0,0,0,0,0,1
"POINT (6.754763690000060 51.424047518000101)",Unfall 52106 (2022) Kat:3, Licht: 1,52106,3,2,5,10,18,5,1,1,0,0,0,0,0,1
"POINT (6.748619133000030 51.498149466000001)",Unfall 52109 (2022) Kat:3, Licht: 1,52109,3,1,0,10,05,3,1,1,1,0,0,0,0,0
"POINT (6.680272022000050 51.357906573999998)",Unfall 52131 (2022) Kat:2, Licht: 0,52131,2,6,0,10,14,3,0,0,1,0,0,0,0,0
"POINT (6.774362898000050 51.493566739000102)",Unfall 52162 (2022) Kat:3, Licht: 2,52162,3,6,2,10,19,6,0,2,0,1,0,0,0,1
"POINT (6.776064734000040 51.435962630000098)",Unfall 52317 (2022) Kat:2, Licht: 0,52317,2,6,2,10,13,6,1,0,0,1,0,0,0,0
"POINT (6.765272145000040 51.493655873000101)",Unfall 52323 (2022) Kat:2, Licht: 1,52323,2,6,2,10,07,2,1,1,0,1,0,0,1,0
"POINT (6.806796098000060 51.350468326000097)",Unfall 52410 (2022) Kat:3, Licht: 0,52410,3,1,8,10,16,5,0,0,0,0,0,0,1,0
"POINT (6.799461599000040 51.412534156000000)",Unfall 52443 (2022) Kat:3, Licht: 0,52443,3,6,2,10,14,7,1,0,0,1,0,0,0,0
"POINT (6.748136119000040 51.458104580000096)",Unfall 52524 (2022) Kat:3, Licht: 2,52524,3,1,0,10,00,3,1,2,0,0,0,1,0,0
"POINT (6.770834137000070 51.483233914000003)",Unfall 52559 (2022) Kat:3, Licht: 2,52559,3,6,3,10,20,3,0,2,0,1,0,0,0,0
"POINT (6.776788407000030 51.446142467000101)",Unfall 52581 (2022) Kat:3, Licht: 0,52581,3,1,9,10,16,7,1,0,0,0,0,1,0,0
"POINT (6.765506872000060 51.461548630000003)",Unfall 52587 (2022) Kat:3, Licht: 0,52587,3,3,5,10,11,4,0,0,1,1,0,0,0,0
"POINT (6.798621576000070 51.495370293000100)",Unfall 52597 (2022) Kat:3, Licht: 2,52597,3,7,0,10,17,4,0,2,0,0,0,1,0,0
"POINT (6.805848513000060 51.433178320000103)",Unfall 52654 (2022) Kat:3, Licht: 0,52654,3,7,0,10,15,7,0,0,0,1,1,0,0,1
"POINT (6.719650694000050 51.534924441000001)",Unfall 52665 (2022) Kat:3, Licht: 0,52665,3,7,4,10,15,4,0,0,0,1,0,1,0,0
"POINT (6.778074498000020 51.526117464999999)",Unfall 52747 (2022) Kat:3, Licht: 2,52747,3,1,4,10,03,6,0,2,0,1,0,0,0,0
"POINT (6.741564884000070 51.435199701999998)",Unfall 52759 (2022) Kat:2, Licht: 0,52759,2,6,3,10,09,2,0,0,0,1,0,0,0,0
"POINT (6.675987658000050 51.437507789000101)",Unfall 52813 (2022) Kat:3, Licht: 0,52813,3,6,2,10,13,6,0,0,0,1,0,0,0,0
"POINT (6.753766946000040 51.417583516000001)",Unfall 52852 (2022) Kat:3, Licht: 0,52852,3,1,8,10,15,1,0,0,1,1,0,0,0,0
"POINT (6.726003994000050 51.534769315000098)",Unfall 52872 (2022) Kat:3, Licht: 0,52872,3,6,2,10,15,5,1,0,0,1,0,0,0,0
"POINT (6.740926205000050 51.480202100000000)",Unfall 52875 (2022) Kat:3, Licht: 0,52875,3,6,2,10,14,3,0,0,0,1,0,1,0,0
"POINT (6.777826208000020 51.425479736000099)",Unfall 52893 (2022) Kat:3, Licht: 2,52893,3,2,4,10,05,2,0,2,0,1,0,0,0,0
"POINT (6.768243554000040 51.502969014000001)",Unfall 52918 (2022) Kat:3, Licht: 1,52918,3,3,5,10,07,7,1,1,1,1,0,0,0,0
"POINT (6.738203297000040 51.435454961000097)",Unfall 52925 (2022) Kat:3, Licht: 0,52925,3,3,3,10,08,4,0,0,0,1,0,0,1,0
"POINT (6.750142188000040 51.363544182000098)",Unfall 52998 (2022) Kat:3, Licht: 0,52998,3,7,0,10,12,4,0,0,0,0,0,0,0,1
"POINT (6.747099982000070 51.419782192000099)",Unfall 53016 (2022) Kat:3, Licht: 0,53016,3,6,2,10,15,1,0,0,0,1,0,0,0,0
"POINT (6.696788270000070 51.419391274000098)",Unfall 53091 (2022) Kat:3, Licht: 0,53091,3,6,2,10,11,4,0,0,0,1,0,0,0,0
"POINT (6.743962966000030 51.446349693999998)",Unfall 53092 (2022) Kat:3, Licht: 0,53092,3,2,5,10,08,2,0,0,0,0,0,0,1,1
"POINT (6.772204093000030 51.491493956000099)",Unfall 53121 (2022) Kat:3, Licht: 1,53121,3,3,5,10,20,6,0,1,0,1,0,0,0,1
"POINT (6.777173431000050 51.432538794000003)",Unfall 53125 (2022) Kat:3, Licht: 0,53125,3,6,2,10,17,5,1,0,0,1,0,0,0,0
"POINT (6.794436971000040 51.445197467000099)",Unfall 53133 (2022) Kat:3, Licht: 0,53133,3,1,1,10,13,7,1,0,0,1,0,0,0,0
"POINT (6.759378315000050 51.460079318000098)",Unfall 53134 (2022) Kat:3, Licht: 1,53134,3,4,6,10,18,4,0,1,0,1,1,0,0,0
"POINT (6.782364001000080 51.489979939000101)",Unfall 53210 (2022) Kat:2, Licht: 0,53210,2,6,3,10,15,2,0,0,0,1,0,0,0,0
"POINT (6.759459203000060 51.435348460000100)",Unfall 53231 (2022) Kat:3, Licht: 0,53231,3,6,2,10,09,5,0,0,0,1,0,1,0,0
"POINT (6.751410384000050 51.403343425000102)",Unfall 53243 (2022) Kat:3, Licht: 0,53243,3,3,5,10,12,7,0,0,0,1,0,0,0,0
"POINT (6.729258641000060 51.368553519000002)",Unfall 53247 (2022) Kat:2, Licht: 2,53247,2,3,1,10,19,2,1,2,0,1,0,1,0,0
"POINT (6.771009759000040 51.461234465000103)",Unfall 53307 (2022) Kat:3, Licht: 0,53307,3,6,2,10,13,5,0,0,0,1,0,0,0,0
"POINT (6.705237378000050 51.415004572999997)",Unfall 53392 (2022) Kat:3, Licht: 0,53392,3,1,0,10,14,6,1,0,1,0,0,0,0,0
"POINT (6.752590329000040 51.460140432000102)",Unfall 53415 (2022) Kat:3, Licht: 0,53415,3,2,5,10,07,3,0,0,0,1,0,0,0,1
"POINT (6.785301655000070 51.505324157000103)",Unfall 53547 (2022) Kat:3, Licht: 2,53547,3,3,5,10,06,3,1,2,1,1,0,0,0,0
"POINT (6.727591298000050 51.534851590000102)",Unfall 53561 (2022) Kat:3, Licht: 0,53561,3,6,2,11,16,4,0,0,0,1,0,0,0,0
"POINT (6.712133389000030 51.414884886000003)",Unfall 53628 (2022) Kat:3, Licht: 1,53628,3,7,0,11,07,5,0,1,0,1,0,0,1,0
"POINT (6.751856525000050 51.369982868000100)",Unfall 53689 (2022) Kat:3, Licht: 2,53689,3,7,0,11,17,3,0,2,1,1,0,0,0,0
"POINT (6.772330642000040 51.470517733000101)",Unfall 53744 (2022) Kat:3, Licht: 0,53744,3,6,3,10,12,2,0,0,1,1,0,0,0,0
"POINT (6.696364283000040 51.450955776999997)",Unfall 53818 (2022) Kat:2, Licht: 0,53818,2,2,5,11,11,1,0,0,0,1,0,1,0,0
"POINT (6.768315624000020 51.465317405000100)",Unfall 53857 (2022) Kat:3, Licht: 1,53857,3,6,2,11,07,2,0,1,0,1,0,0,0,0
"POINT (6.742845151000040 51.525108173000000)",Unfall 53891 (2022) Kat:3, Licht: 0,53891,3,4,6,11,08,6,0,0,0,0,1,1,0,0
"POINT (6.723489447000080 51.412539229000103)",Unfall 54010 (2022) Kat:3, Licht: 0,54010,3,1,2,11,14,3,0,0,0,1,0,0,0,0
"POINT (6.778546239000040 51.364124671000098)",Unfall 54061 (2022) Kat:3, Licht: 0,54061,3,7,6,11,11,6,1,0,0,1,1,0,0,0
"POINT (6.766024352000040 51.435316617000097)",Unfall 54100 (2022) Kat:2, Licht: 0,54100,2,4,6,11,10,5,0,0,0,1,1,0,0,0
"POINT (6.698035227000050 51.415658131999997)",Unfall 54131 (2022) Kat:3, Licht: 0,54131,3,6,2,11,09,2,1,0,0,1,0,0,0,0
"POINT (6.783097943000030 51.420063839000100)",Unfall 54134 (2022) Kat:3, Licht: 1,54134,3,3,5,11,16,6,0,1,0,1,0,0,0,0
"POINT (6.679644498000070 51.418263737000103)",Unfall 54157 (2022) Kat:2, Licht: 0,54157,2,1,0,11,10,6,1,0,0,0,0,1,0,0
"POINT (6.805848513000060 51.433178320000103)",Unfall 54158 (2022) Kat:3, Licht: 2,54158,3,7,0,11,21,3,1,2,0,0,0,0,0,1
"POINT (6.785289288000060 51.486368935000002)",Unfall 54171 (2022) Kat:3, Licht: 2,54171,3,6,2,11,20,5,1,2,0,1,0,0,0,0
"POINT (6.772968970000020 51.430131039999999)",Unfall 54198 (2022) Kat:3, Licht: 0,54198,3,6,2,11,17,5,1,0,0,1,0,0,0,1
"POINT (6.783670906000050 51.508754310000000)",Unfall 54233 (2022) Kat:3, Licht: 2,54233,3,3,5,10,20,1,0,2,0,1,0,0,0,0
"POINT (6.688814092000030 51.446607566000097)",Unfall 54247 (2022) Kat:3, Licht: 0,54247,3,7,3,11,07,5,0,0,0,1,0,0,0,1
"POINT (6.776367624000040 51.492542890000003)",Unfall 54276 (2022) Kat:3, Licht: 2,54276,3,7,0,11,23,7,0,2,0,1,0,0,0,0
"POINT (6.741166520000040 51.515498755000102)",Unfall 54281 (2022) Kat:3, Licht: 0,54281,3,3,5,11,14,6,0,0,0,1,0,0,0,0
"POINT (6.732479636000050 51.482394123000098)",Unfall 54305 (2022) Kat:3, Licht: 0,54305,3,7,6,11,15,4,0,0,0,1,1,0,0,0
"POINT (6.740779198000040 51.516310158000103)",Unfall 54310 (2022) Kat:3, Licht: 0,54310,3,3,5,11,15,1,0,0,0,1,0,1,0,0
"POINT (6.772870235000030 51.370802711000103)",Unfall 54311 (2022) Kat:3, Licht: 2,54311,3,6,2,11,06,5,0,2,0,1,0,0,0,0
"POINT (6.781651790000070 51.485562883000100)",Unfall 54353 (2022) Kat:3, Licht: 2,54353,3,6,3,11,20,6,0,2,0,1,0,0,0,1
"POINT (6.773285010000050 51.494084101000098)",Unfall 54410 (2022) Kat:3, Licht: 0,54410,3,1,0,11,13,7,0,0,0,0,0,1,0,0
"POINT (6.671727505000040 51.481351519000000)",Unfall 54420 (2022) Kat:3, Licht: 2,54420,3,6,3,11,19,5,1,2,0,1,0,0,0,0
"POINT (6.763687865000070 51.505474317000100)",Unfall 54530 (2022) Kat:3, Licht: 0,54530,3,2,4,11,15,7,0,0,0,1,0,0,0,0
"POINT (6.743926541000060 51.511777174000002)",Unfall 54587 (2022) Kat:3, Licht: 0,54587,3,7,4,11,14,1,0,0,1,0,0,0,0,0
"POINT (6.665988320000050 51.474421313999997)",Unfall 54589 (2022) Kat:2, Licht: 0,54589,2,6,4,11,13,5,1,0,0,1,0,0,0,1
"POINT (6.769905547000060 51.405159033000103)",Unfall 54613 (2022) Kat:2, Licht: 2,54613,2,1,8,11,00,3,0,2,0,0,0,1,0,0
"POINT (6.767541142000030 51.467060265999997)",Unfall 54628 (2022) Kat:3, Licht: 0,54628,3,6,2,11,09,4,0,0,0,1,0,0,0,0
"POINT (6.676662395000050 51.418922367000100)",Unfall 54688 (2022) Kat:3, Licht: 0,54688,3,3,5,11,11,1,0,0,0,1,0,0,0,0
"POINT (6.765110924000060 51.426104350000102)",Unfall 54691 (2022) Kat:3, Licht: 0,54691,3,3,0,11,10,2,0,0,1,0,0,0,1,0
"POINT (6.810645133000040 51.441074976000003)",Unfall 54781 (2022) Kat:3, Licht: 2,54781,3,6,1,11,06,4,0,2,0,1,0,0,0,0
"POINT (6.779798381000030 51.371764906000102)",Unfall 54783 (2022) Kat:3, Licht: 0,54783,3,2,0,11,07,3,0,0,1,1,0,0,0,0
"POINT (6.757043210000060 51.486897212000002)",Unfall 54797 (2022) Kat:3, Licht: 2,54797,3,6,2,11,19,7,0,2,0,1,0,0,0,0
"POINT (6.779999430000030 51.372632605000000)",Unfall 54824 (2022) Kat:3, Licht: 2,54824,3,6,1,11,06,2,0,2,0,1,0,0,0,0
"POINT (6.790401218000060 51.472492966000097)",Unfall 54834 (2022) Kat:3, Licht: 2,54834,3,5,1,11,17,6,1,2,0,1,0,0,0,0
"POINT (6.747099982000070 51.419782192000099)",Unfall 54852 (2022) Kat:3, Licht: 0,54852,3,6,2,11,07,5,0,0,0,1,0,0,0,1
"POINT (6.769273507000040 51.512501627000098)",Unfall 54858 (2022) Kat:3, Licht: 0,54858,3,6,2,11,12,4,1,0,0,1,0,0,0,0
"POINT (6.782573773000020 51.432289893000103)",Unfall 54886 (2022) Kat:3, Licht: 0,54886,3,6,2,11,12,3,0,0,0,1,0,0,0,0
"POINT (6.682702115000040 51.449690105000101)",Unfall 54920 (2022) Kat:2, Licht: 0,54920,2,6,4,11,14,2,0,0,1,1,0,0,0,0
"POINT (6.762536562000040 51.435123094000097)",Unfall 55004 (2022) Kat:3, Licht: 2,55004,3,3,3,11,17,2,1,2,1,1,0,0,0,0
"POINT (6.799160524000060 51.451648521999999)",Unfall 55017 (2022) Kat:3, Licht: 2,55017,3,6,2,11,17,5,0,2,0,1,0,0,0,0
"POINT (6.740458670000070 51.369836520000000)",Unfall 55020 (2022) Kat:2, Licht: 2,55020,2,3,5,11,04,7,0,2,0,1,0,0,0,0
"POINT (6.764068979000060 51.488212954000097)",Unfall 55025 (2022) Kat:3, Licht: 0,55025,3,2,6,11,15,2,0,0,0,1,1,0,0,0
"POINT (6.705793905000060 51.362299250000000)",Unfall 55032 (2022) Kat:2, Licht: 0,55032,2,6,0,11,08,3,1,0,1,0,0,0,0,0
"POINT (6.772608004000060 51.459739501000101)",Unfall 55047 (2022) Kat:3, Licht: 2,55047,3,1,9,11,20,1,1,2,0,1,0,0,0,0
"POINT (6.768411279000080 51.477092499999998)",Unfall 55048 (2022) Kat:3, Licht: 0,55048,3,6,2,11,12,3,0,0,0,1,0,0,0,0
"POINT (6.777617212000050 51.437633295000097)",Unfall 55091 (2022) Kat:3, Licht: 0,55091,3,2,4,11,13,1,0,0,0,1,0,0,0,0
"POINT (6.759335788000040 51.419113844000002)",Unfall 55126 (2022) Kat:3, Licht: 0,55126,3,6,2,11,08,4,1,0,0,1,0,0,0,1
"POINT (6.785800766000020 51.471981956999997)",Unfall 55180 (2022) Kat:3, Licht: 0,55180,3,3,5,11,09,4,0,0,1,1,0,0,0,0
"POINT (6.770689432000040 51.461533196000097)",Unfall 55372 (2022) Kat:3, Licht: 0,55372,3,6,2,11,07,5,1,0,0,1,0,0,0,0
"POINT (6.740646149000040 51.382600873999998)",Unfall 55388 (2022) Kat:3, Licht: 2,55388,3,2,6,11,17,3,0,2,0,1,1,0,0,0
"POINT (6.773688748000040 51.488337860999998)",Unfall 55399 (2022) Kat:3, Licht: 0,55399,3,3,5,11,13,5,0,0,0,1,0,0,0,0
"POINT (6.682702115000040 51.449690105000101)",Unfall 55417 (2022) Kat:3, Licht: 2,55417,3,3,5,11,23,6,0,2,0,1,0,0,0,0
"POINT (6.718721974000060 51.354014608999996)",Unfall 55467 (2022) Kat:3, Licht: 2,55467,3,5,1,11,06,5,1,2,0,1,0,0,0,1
"POINT (6.776109030000040 51.435883278000098)",Unfall 55479 (2022) Kat:3, Licht: 0,55479,3,6,3,11,13,4,0,0,0,1,0,0,0,0
"POINT (6.768729986000040 51.477495748000102)",Unfall 55522 (2022) Kat:3, Licht: 0,55522,3,6,2,11,16,7,0,0,0,1,0,0,0,0
"POINT (6.754143859000070 51.480465353000099)",Unfall 55527 (2022) Kat:3, Licht: 0,55527,3,3,3,11,11,6,0,0,0,1,0,0,0,0
"POINT (6.772084064000070 51.427268873999999)",Unfall 55594 (2022) Kat:2, Licht: 0,55594,2,2,4,11,14,6,0,0,0,1,0,1,0,0
"POINT (6.763468084000070 51.521578341000101)",Unfall 55599 (2022) Kat:3, Licht: 0,55599,3,7,6,11,13,3,0,0,1,0,1,0,0,0
"POINT (6.792110966000050 51.466285735000000)",Unfall 55663 (2022) Kat:3, Licht: 0,55663,3,3,5,11,07,3,0,0,1,1,0,0,0,0
"POINT (6.754326325000020 51.419754744000002)",Unfall 55686 (2022) Kat:3, Licht: 2,55686,3,3,5,10,03,1,0,2,0,1,0,0,0,0
"POINT (6.778580886000040 51.445382702000103)",Unfall 55775 (2022) Kat:3, Licht: 2,55775,3,6,3,11,16,4,0,2,0,1,0,0,0,0
"POINT (6.795791114000050 51.433288961000102)",Unfall 55835 (2022) Kat:3, Licht: 0,55835,3,6,4,11,14,6,0,0,1,0,0,0,0,1
"POINT (6.759026225000070 51.378409380000100)",Unfall 55879 (2022) Kat:3, Licht: 0,55879,3,5,0,11,14,3,0,0,1,1,0,0,0,1