WKT,Name,OBJECTID,UKATEGORIE,UTYP1,UART,UMONAT,USTUNDE,UWOCHENTAG,STRZUSTAND,ULICHTVERH,ISTRAD,ISTPKW,ISTFUSS,ISTKRAD,ISTGKFZ,ISTSONSTIG
"POINT (6.785980960000070 51.447639622000104)",Unfall 55886 (2022) Kat:2, Licht: 0,55886,2,7,2,11,15,3,0,0,0,1,0,0,0,0
"POINT (6.656873072000050 51.383825809000001)",Unfall 55902 (2022) Kat:3, Licht: 2,55902,3,1,9,12,02,6,0,2,0,1,0,0,0,0
"POINT (6.768883115000050 51.463565935000098)",Unfall 55936 (2022) Kat:3, Licht: 1,55936,3,6,2,11,17,2,0,1,0,1,0,0,0,0
"POINT (6.800995393000050 51.455962574000097)",Unfall 55980 (2022) Kat:3, Licht: 0,55980,3,6,2,11,14,2,1,0,0,1,0,0,0,0
"POINT (6.687695024000050 51.407243172000101)",Unfall 56000 (2022) Kat:3, Licht: 2,56000,3,2,4,11,17,4,1,2,0,1,0,0,0,1
"POINT (6.767503326000050 51.420611119000100)",Unfall 56021 (2022) Kat:3, Licht: 1,56021,3,2,3,11,16,4,0,1,1,0,0,0,1,0
"POINT (6.767367347000060 51.482407971999997)",Unfall 56027 (2022) Kat:3, Licht: 0,56027,3,6,2,11,14,5,0,0,1,1,0,0,0,0
"POINT (6.736740906000020 51.414318925000003)",Unfall 56057 (2022) Kat:3, Licht: 0,56057,3,1,2,11,12,4,0,0,0,1,0,0,0,0
"POINT (6.758297273000040 51.435828350000101)",Unfall 56067 (2022) Kat:3, Licht: 0,56067,3,2,5,12,11,5,0,0,1,0,0,0,1,0
"POINT (6.692914610000060 51.448963734000102)",Unfall 56094 (2022) Kat:3, Licht: 0,56094,3,6,2,11,10,5,0,0,0,1,0,0,0,0
"POINT (6.780040317000040 51.466026262000099)",Unfall 56165 (2022) Kat:3, Licht: 0,56165,3,6,6,11,11,2,0,0,0,1,1,0,0,0
"POINT (6.741363902000050 51.517893797000099)",Unfall 56169 (2022) Kat:3, Licht: 2,56169,3,6,2,11,19,3,1,2,0,1,0,0,0,0
"POINT (6.740458670000070 51.369836520000000)",Unfall 56202 (2022) Kat:3, Licht: 0,56202,3,2,6,11,10,3,1,0,0,1,1,0,0,0
"POINT (6.805744065000060 51.397565637000099)",Unfall 56213 (2022) Kat:3, Licht: 0,56213,3,1,0,11,08,3,1,0,0,0,0,1,0,0
"POINT (6.794258416000050 51.483529869999998)",Unfall 56226 (2022) Kat:3, Licht: 2,56226,3,2,5,11,18,2,1,2,1,1,0,0,0,0
"POINT (6.775687005000070 51.433124890000002)",Unfall 56227 (2022) Kat:3, Licht: 0,56227,3,2,5,11,14,6,0,0,1,0,0,0,0,1
"POINT (6.746651563000060 51.435260499999998)",Unfall 56247 (2022) Kat:3, Licht: 0,56247,3,6,2,11,11,4,0,0,0,1,0,0,0,0
"POINT (6.765512413000070 51.424919488999997)",Unfall 56303 (2022) Kat:3, Licht: 0,56303,3,2,5,11,15,4,0,0,0,1,0,0,0,1
"POINT (6.774865188000040 51.457438504999999)",Unfall 56308 (2022) Kat:3, Licht: 0,56308,3,6,2,11,08,3,0,0,0,1,0,0,0,0
"POINT (6.742854978000030 51.524703792000103)",Unfall 56337 (2022) Kat:3, Licht: 0,56337,3,2,5,11,11,4,1,0,0,1,0,1,0,0
"POINT (6.748855663000030 51.442376927000097)",Unfall 56350 (2022) Kat:3, Licht: 2,56350,3,7,3,11,19,5,0,2,0,1,0,1,0,0
"POINT (6.763777781000040 51.505656956999999)",Unfall 56401 (2022) Kat:3, Licht: 2,56401,3,2,4,11,17,6,0,2,0,1,0,0,0,0
"POINT (6.790859309000040 51.447798816000002)",Unfall 56443 (2022) Kat:3, Licht: 0,56443,3,6,2,11,16,3,0,0,0,1,0,0,1,0
"POINT (6.679574242000060 51.475311337000100)",Unfall 56476 (2022) Kat:2, Licht: 0,56476,2,3,5,11,11,4,0,0,0,1,0,0,0,0
"POINT (6.703846560000040 51.454243953999999)",Unfall 56490 (2022) Kat:3, Licht: 2,56490,3,3,5,11,19,5,0,2,0,1,0,0,0,0
"POINT (6.793369561000080 51.414914397000103)",Unfall 56556 (2022) Kat:3, Licht: 0,56556,3,2,5,12,12,6,0,0,1,1,0,0,0,0
"POINT (6.751612663000060 51.365392985000000)",Unfall 56591 (2022) Kat:3, Licht: 0,56591,3,6,2,11,16,3,0,0,0,1,0,0,0,0
"POINT (6.758970320000060 51.383108339000003)",Unfall 56593 (2022) Kat:3, Licht: 2,56593,3,3,0,12,17,5,0,2,0,1,0,0,0,1
"POINT (6.798537584000030 51.448070676999997)",Unfall 56628 (2022) Kat:3, Licht: 1,56628,3,6,3,11,17,4,1,1,0,1,0,0,1,0
"POINT (6.798621576000070 51.495370293000100)",Unfall 56645 (2022) Kat:3, Licht: 2,56645,3,2,5,11,19,3,1,2,0,1,0,0,0,1
"POINT (6.742587080000020 51.512784248999999)",Unfall 56689 (2022) Kat:3, Licht: 0,56689,3,6,2,11,10,6,0,0,0,1,0,0,0,0
"POINT (6.759622498000060 51.466708457999999)",Unfall 56747 (2022) Kat:3, Licht: 2,56747,3,3,4,11,04,6,1,2,0,1,0,0,0,0
"POINT (6.683261329000060 51.358252082000000)",Unfall 56765 (2022) Kat:3, Licht: 0,56765,3,6,3,11,10,4,1,0,0,1,0,0,1,0
"POINT (6.776438148000070 51.435910792000101)",Unfall 56773 (2022) Kat:2, Licht: 0,56773,2,1,8,11,11,6,1,0,0,1,0,0,0,0
"POINT (6.741001263000040 51.435107872000103)",Unfall 56798 (2022) Kat:3, Licht: 2,56798,3,6,2,11,06,3,0,2,0,1,0,0,0,0
"POINT (6.711875871000070 51.414873704000101)",Unfall 56817 (2022) Kat:3, Licht: 2,56817,3,2,3,11,17,4,1,2,1,0,0,0,0,1
"POINT (6.733033206000070 51.466621660999998)",Unfall 56822 (2022) Kat:3, Licht: 2,56822,3,6,6,11,23,2,1,2,0,1,1,0,0,0
"POINT (6.812658488000070 51.442858692000101)",Unfall 56823 (2022) Kat:3, Licht: 2,56823,3,6,2,11,20,5,0,2,0,1,0,0,0,0
"POINT (6.798659820000070 51.450779975000003)",Unfall 56842 (2022) Kat:3, Licht: 1,56842,3,6,2,12,07,5,0,1,0,1,0,0,0,1
"POINT (6.733761530000040 51.536162235000099)",Unfall 56909 (2022) Kat:3, Licht: 2,56909,3,2,4,12,19,5,2,2,0,1,0,0,0,0
"POINT (6.740380859000030 51.449958408999997)",Unfall 56939 (2022) Kat:3, Licht: 2,56939,3,2,0,12,06,3,1,2,0,0,0,0,0,1
"POINT (6.779868323000070 51.372066835000098)",Unfall 56954 (2022) Kat:3, Licht: 0,56954,3,2,6,12,08,2,0,0,0,1,1,0,0,0
"POINT (6.754378577000070 51.422732725000103)",Unfall 56967 (2022) Kat:3, Licht: 0,56967,3,3,0,12,12,5,0,0,0,1,0,0,1,0
"POINT (6.767415622000040 51.470938801000003)",Unfall 56987 (2022) Kat:3, Licht: 2,56987,3,6,1,12,21,7,0,2,0,1,0,0,0,0
"POINT (6.768180240000050 51.503143798000103)",Unfall 57037 (2022) Kat:3, Licht: 2,57037,3,2,6,12,07,3,1,2,0,1,1,0,0,0
"POINT (6.740917301000020 51.517006776000102)",Unfall 57047 (2022) Kat:3, Licht: 2,57047,3,3,5,12,21,5,2,2,0,1,0,0,0,0
"POINT (6.780892096000060 51.490458082000004)",Unfall 57070 (2022) Kat:2, Licht: 2,57070,2,4,6,12,17,3,0,2,0,1,1,0,0,0
"POINT (6.779930103000030 51.469178513000003)",Unfall 57082 (2022) Kat:3, Licht: 2,57082,3,4,6,12,18,7,0,2,0,1,1,0,0,0
"POINT (6.673911681000050 51.479272458000104)",Unfall 57192 (2022) Kat:3, Licht: 2,57192,3,6,2,12,17,2,0,2,0,1,0,0,0,1
"POINT (6.800274241000070 51.433244806000097)",Unfall 57213 (2022) Kat:3, Licht: 0,57213,3,6,2,12,10,2,0,0,0,1,0,0,1,0
"POINT (6.765968440000050 51.503064709999997)",Unfall 57279 (2022) Kat:2, Licht: 2,57279,2,2,5,12,06,4,1,2,0,1,0,0,0,0
"POINT (6.712146158000050 51.407350037000100)",Unfall 57280 (2022) Kat:3, Licht: 2,57280,3,2,0,12,19,4,1,2,0,0,1,0,0,1
"POINT (6.817083558000040 51.499351558000100)",Unfall 57314 (2022) Kat:3, Licht: 0,57314,3,3,0,12,12,2,1,0,1,1,0,0,0,0
"POINT (6.748063087000050 51.486972285000000)",Unfall 57322 (2022) Kat:2, Licht: 2,57322,2,6,1,12,17,7,0,2,0,1,0,0,0,0
"POINT (6.798917580000020 51.447097456000101)",Unfall 57326 (2022) Kat:3, Licht: 0,57326,3,6,2,12,12,5,0,0,0,1,0,0,0,0
"POINT (6.762328683000020 51.431615526000002)",Unfall 57440 (2022) Kat:3, Licht: 2,57440,3,4,6,12,19,4,0,2,0,1,1,0,0,0
"POINT (6.737694995000030 51.483403097000100)",Unfall 57469 (2022) Kat:3, Licht: 0,57469,3,7,7,12,13,3,0,0,0,1,0,0,0,0
"POINT (6.767616646000020 51.420636541000100)",Unfall 57494 (2022) Kat:2, Licht: 0,57494,2,2,5,12,08,6,2,0,0,1,0,0,0,0
"POINT (6.774362898000050 51.493566739000102)",Unfall 57716 (2022) Kat:3, Licht: 0,57716,3,3,0,12,15,2,0,0,1,1,0,0,0,0
"POINT (6.770856757000050 51.482226914000101)",Unfall 57717 (2022) Kat:3, Licht: 0,57717,3,6,2,12,09,3,1,0,0,1,0,0,0,1
"POINT (6.766882734000030 51.435141457000000)",Unfall 57726 (2022) Kat:3, Licht: 1,57726,3,7,6,12,16,3,1,1,0,1,1,0,0,0
"POINT (6.732012435000060 51.466749587999999)",Unfall 57767 (2022) Kat:3, Licht: 1,57767,3,6,6,12,15,2,1,1,0,1,1,0,0,0
"POINT (6.744067109000070 51.355211695999998)",Unfall 57771 (2022) Kat:3, Licht: 2,57771,3,3,3,12,18,7,0,2,1,1,0,0,0,0
"POINT (6.732246060000020 51.480727377000100)",Unfall 57827 (2022) Kat:3, Licht: 1,57827,3,6,3,12,16,2,0,1,0,1,0,0,1,1
"POINT (6.698110826000060 51.415646315000103)",Unfall 57841 (2022) Kat:3, Licht: 2,57841,3,7,7,12,17,5,0,2,1,0,0,0,0,0
"POINT (6.757013975000060 51.436926954999997)",Unfall 57907 (2022) Kat:3, Licht: 2,57907,3,2,4,12,18,6,1,2,0,1,0,0,0,0
"POINT (6.748271598000030 51.498800092000103)",Unfall 57915 (2022) Kat:3, Licht: 0,57915,3,2,5,12,14,5,0,0,0,1,0,0,0,0
"POINT (6.777612170000050 51.491894666000100)",Unfall 57925 (2022) Kat:3, Licht: 0,57925,3,2,6,12,09,2,0,0,0,1,1,0,0,0
"POINT (6.772874060000050 51.397087102000100)",Unfall 57976 (2022) Kat:3, Licht: 2,57976,3,6,2,12,18,5,0,2,0,1,0,0,0,0
"POINT (6.768233280000060 51.496539700000000)",Unfall 58045 (2022) Kat:3, Licht: 2,58045,3,6,2,12,17,3,0,2,0,1,0,0,0,0
"POINT (6.784031331000050 51.432551144000101)",Unfall 58049 (2022) Kat:3, Licht: 2,58049,3,2,3,12,20,6,0,2,1,1,0,0,0,0
"POINT (6.798816916000020 51.446049776000102)",Unfall 58051 (2022) Kat:3, Licht: 0,58051,3,6,2,12,15,4,0,0,0,1,0,0,0,0
"POINT (6.781161178000050 51.485551651999998)",Unfall 58146 (2022) Kat:3, Licht: 2,58146,3,6,2,12,18,4,1,2,0,1,0,0,0,0
"POINT (6.738827410000060 51.537850379000098)",Unfall 58155 (2022) Kat:3, Licht: 2,58155,3,2,4,12,17,1,0,2,0,1,0,0,0,0
"POINT (6.730614277000030 51.411346046000098)",Unfall 58175 (2022) Kat:3, Licht: 0,58175,3,3,5,12,14,3,0,0,1,1,0,0,0,0
"POINT (6.778415299000070 51.446079847000100)",Unfall 58191 (2022) Kat:2, Licht: 0,58191,2,1,9,12,10,2,1,0,0,0,0,0,1,0
"POINT (6.803598537000030 51.427268792000099)",Unfall 58241 (2022) Kat:3, Licht: 0,58241,3,7,1,12,13,1,0,0,0,1,0,0,0,0
"POINT (6.693760203000070 51.410847535000102)",Unfall 58264 (2022) Kat:3, Licht: 2,58264,3,7,5,12,16,3,1,2,1,1,0,0,0,0
"POINT (6.780073161000080 51.372950770000003)",Unfall 58273 (2022) Kat:3, Licht: 0,58273,3,1,1,12,14,5,0,0,0,1,0,0,0,0
"POINT (6.763893203000070 51.404138126000099)",Unfall 58297 (2022) Kat:2, Licht: 2,58297,2,7,0,12,20,5,1,2,1,0,1,0,0,0
"POINT (6.804100687000070 51.405096110999999)",Unfall 58307 (2022) Kat:3, Licht: 2,58307,3,6,2,12,17,4,0,2,0,1,0,0,0,0
"POINT (6.720930242000070 51.478974095000098)",Unfall 58335 (2022) Kat:2, Licht: 2,58335,2,1,0,12,01,7,2,2,0,1,0,0,0,0
"POINT (6.778886914000050 51.484437438000000)",Unfall 58438 (2022) Kat:3, Licht: 2,58438,3,6,2,12,18,7,1,2,0,1,0,0,0,0
"POINT (6.712290151000050 51.437079346000097)",Unfall 58548 (2022) Kat:3, Licht: 0,58548,3,6,2,12,14,4,0,0,0,1,0,0,0,0
"POINT (6.778400339000030 51.371998261000002)",Unfall 58572 (2022) Kat:2, Licht: 0,58572,2,6,2,12,11,7,1,0,0,1,0,0,0,0
"POINT (6.771617919000050 51.491315766000099)",Unfall 58610 (2022) Kat:3, Licht: 2,58610,3,1,6,12,07,5,0,2,0,1,1,0,0,0
"POINT (6.785289288000060 51.486368935000002)",Unfall 58676 (2022) Kat:3, Licht: 2,58676,3,6,2,12,17,5,1,2,0,1,0,0,1,0
"POINT (6.753879418000050 51.418019249000103)",Unfall 58944 (2022) Kat:2, Licht: 2,58944,2,4,6,12,18,6,1,2,0,1,1,0,0,0
"POINT (6.777180736000050 51.455125291999998)",Unfall 58960 (2022) Kat:2, Licht: 0,58960,2,6,3,12,13,5,0,0,0,1,0,0,0,1
"POINT (6.790188359000070 51.477188200000100)",Unfall 58976 (2022) Kat:3, Licht: 0,58976,3,2,5,12,11,3,0,0,1,1,0,0,0,0
"POINT (6.742339745000040 51.502944777000003)",Unfall 58985 (2022) Kat:3, Licht: 0,58985,3,3,5,12,11,5,0,0,0,1,0,0,1,0
"POINT (6.715793136000060 51.543822546999998)",Unfall 59078 (2022) Kat:3, Licht: 2,59078,3,4,6,12,19,5,1,2,0,1,1,0,0,0
"POINT (6.719682988000050 51.406666238000099)",Unfall 59119 (2022) Kat:3, Licht: 2,59119,3,7,5,12,16,6,1,2,1,1,0,0,0,0
"POINT (6.693996736000030 51.410674534000101)",Unfall 59433 (2022) Kat:3, Licht: 0,59433,3,6,2,12,12,5,0,0,1,1,0,0,0,0
"POINT (6.712146158000050 51.407350037000100)",Unfall 59462 (2022) Kat:3, Licht: 1,59462,3,3,6,12,08,5,1,1,0,1,1,0,0,0
"POINT (6.792133596000040 51.485067438999998)",Unfall 59531 (2022) Kat:3, Licht: 2,59531,3,6,2,12,17,6,1,2,0,1,0,0,0,1
"POINT (6.762351356000070 51.434278491000001)",Unfall 59688 (2022) Kat:3, Licht: 2,59688,3,2,4,12,17,4,1,2,0,1,0,0,0,0
"POINT (6.770406546000060 51.434410596000099)",Unfall 59692 (2022) Kat:3, Licht: 2,59692,3,4,6,12,17,6,1,2,0,1,1,0,0,0
"POINT (6.766733590000060 51.422205344000098)",Unfall 59745 (2022) Kat:2, Licht: 2,59745,2,1,0,12,18,5,1,2,1,0,0,0,0,0
"POINT (6.751904895000050 51.527375857999999)",Unfall 59757 (2022) Kat:3, Licht: 2,59757,3,5,8,12,02,3,0,2,0,1,0,0,0,0
"POINT (6.776962146000070 51.445048012000001)",Unfall 59789 (2022) Kat:2, Licht: 0,59789,2,1,0,12,10,2,1,0,0,0,0,1,0,0
"POINT (6.667505104000040 51.477534428000098)",Unfall 59999 (2022) Kat:3, Licht: 0,59999,3,6,2,12,15,3,1,0,0,1,0,0,0,0
"POINT (6.706485054000040 51.434890107000101)",Unfall 60038 (2022) Kat:3, Licht: 0,60038,3,6,2,12,10,5,1,0,0,1,0,0,0,1
"POINT (6.766179060000070 51.506532925999998)",Unfall 60205 (2022) Kat:3, Licht: 1,60205,3,3,5,12,16,5,1,1,1,1,0,0,0,0
"POINT (6.764440502000070 51.502364571999998)",Unfall 60217 (2022) Kat:3, Licht: 0,60217,3,3,5,12,14,6,1,0,0,1,0,0,0,0
"POINT (6.770115393000030 51.431921484999997)",Unfall 166183 (2022) Kat:3, Licht: 2,166183,3,1,0,01,19,2,1,2,1,1,0,0,0,0
"POINT (6.762398938000050 51.383863443000102)",Unfall 166423 (2022) Kat:3, Licht: 0,166423,3,3,5,01,11,7,0,0,1,1,0,0,0,0
"POINT (6.775959569000070 51.485476221000098)",Unfall 166523 (2022) Kat:3, Licht: 0,166523,3,3,5,01,12,4,0,0,0,1,0,0,0,0
"POINT (6.788537251000040 51.436469694000003)",Unfall 166528 (2022) Kat:3, Licht: 0,166528,3,5,0,01,08,5,1,0,1,1,0,0,0,0
"POINT (6.742111165000040 51.429942150999999)",Unfall 166701 (2022) Kat:3, Licht: 2,166701,3,5,1,01,07,2,2,2,0,1,0,0,1,0
"POINT (6.710827288000080 51.385943502000003)",Unfall 166779 (2022) Kat:3, Licht: 0,166779,3,7,0,01,09,5,1,0,1,0,0,0,0,0
"POINT (6.773997641000050 51.467368938000000)",Unfall 166808 (2022) Kat:3, Licht: 2,166808,3,7,6,01,19,4,1,2,1,0,1,0,0,0
"POINT (6.795481009000070 51.485989797999999)",Unfall 167034 (2022) Kat:3, Licht: 2,167034,3,1,0,01,06,2,2,2,1,0,0,0,0,0
"POINT (6.744395587000040 51.481129220000099)",Unfall 167071 (2022) Kat:3, Licht: 0,167071,3,3,5,01,16,3,1,0,1,1,0,0,0,0
"POINT (6.747250585000070 51.382672163999999)",Unfall 167305 (2022) Kat:2, Licht: 0,167305,2,2,5,01,13,5,0,0,1,1,0,0,0,0
"POINT (6.771908400000030 51.402458641000102)",Unfall 167356 (2022) Kat:2, Licht: 0,167356,2,1,0,01,11,2,2,0,1,0,0,0,0,0
"POINT (6.708816543000070 51.412522903000102)",Unfall 167431 (2022) Kat:3, Licht: 0,167431,3,1,2,01,11,2,2,0,0,1,0,0,0,0
"POINT (6.705838026000040 51.405537199999998)",Unfall 167627 (2022) Kat:3, Licht: 0,167627,3,1,1,01,14,7,1,0,1,1,0,0,0,0
"POINT (6.795426196000050 51.490406160000099)",Unfall 167702 (2022) Kat:3, Licht: 0,167702,3,2,5,02,15,4,0,0,0,1,0,0,0,0
"POINT (6.792079987000020 51.458327007999998)",Unfall 167720 (2022) Kat:2, Licht: 0,167720,2,2,4,01,10,2,1,0,0,0,0,0,0,1
"POINT (6.709046064000060 51.448948223999999)",Unfall 167812 (2022) Kat:3, Licht: 2,167812,3,4,6,01,17,2,1,2,0,1,1,0,0,0
"POINT (6.735282707000070 51.529364573000102)",Unfall 167853 (2022) Kat:3, Licht: 0,167853,3,3,5,02,10,3,1,0,0,1,0,0,0,0
"POINT (6.783872356000070 51.426669698000097)",Unfall 167919 (2022) Kat:3, Licht: 0,167919,3,2,6,01,13,5,1,0,0,1,1,0,0,0
"POINT (6.795426196000050 51.490406160000099)",Unfall 167998 (2022) Kat:2, Licht: 2,167998,2,2,6,01,07,6,1,2,0,0,1,0,1,0
"POINT (6.761830354000040 51.491775829000098)",Unfall 167999 (2022) Kat:3, Licht: 2,167999,3,1,9,01,02,7,0,2,0,1,0,0,0,0
"POINT (6.728161664000030 51.543633255000003)",Unfall 168007 (2022) Kat:2, Licht: 0,168007,2,3,5,01,11,1,0,0,1,1,0,0,0,0
"POINT (6.717725937000070 51.408892120000097)",Unfall 168037 (2022) Kat:3, Licht: 0,168037,3,6,2,01,08,5,0,0,0,1,0,0,0,0
"POINT (6.802172041000060 51.495996798000100)",Unfall 168067 (2022) Kat:3, Licht: 2,168067,3,3,5,02,18,6,1,2,0,1,0,0,0,0
"POINT (6.761572066000040 51.363747025000102)",Unfall 168246 (2022) Kat:3, Licht: 0,168246,3,7,0,01,07,6,0,0,1,0,0,0,0,1
"POINT (6.719917048000070 51.406378965000002)",Unfall 168266 (2022) Kat:3, Licht: 2,168266,3,2,6,01,06,4,0,2,0,1,1,0,0,0
"POINT (6.669278089000040 51.397417670999999)",Unfall 168269 (2022) Kat:3, Licht: 2,168269,3,2,6,01,07,2,1,2,0,1,1,0,0,0
"POINT (6.686090161000040 51.419824343000101)",Unfall 168287 (2022) Kat:3, Licht: 0,168287,3,1,9,01,13,2,1,0,0,1,0,0,0,1
"POINT (6.672031398000060 51.419567438000101)",Unfall 168326 (2022) Kat:3, Licht: 0,168326,3,1,8,01,13,1,0,0,0,1,0,0,0,0
"POINT (6.652317269000040 51.400459830000003)",Unfall 168333 (2022) Kat:3, Licht: 0,168333,3,3,0,02,17,2,0,0,1,1,0,0,0,0
"POINT (6.730249853000030 51.543836845000001)",Unfall 168384 (2022) Kat:2, Licht: 0,168384,2,1,8,02,13,7,0,0,0,0,0,1,0,0
"POINT (6.672331569000050 51.418862816999997)",Unfall 168415 (2022) Kat:3, Licht: 0,168415,3,3,0,02,16,5,0,0,1,1,0,0,0,0
"POINT (6.711103209000040 51.543910955999998)",Unfall 168508 (2022) Kat:3, Licht: 0,168508,3,2,6,01,12,5,1,0,0,1,1,0,0,0
"POINT (6.699024181000030 51.456694308000102)",Unfall 168529 (2022) Kat:3, Licht: 0,168529,3,1,1,01,09,5,1,0,0,1,0,0,0,0
"POINT (6.803515950000080 51.504847210999998)",Unfall 168611 (2022) Kat:2, Licht: 0,168611,2,3,5,01,14,2,1,0,1,1,0,0,0,0
"POINT (6.702232734000060 51.441106603000001)",Unfall 168626 (2022) Kat:3, Licht: 0,168626,3,4,6,01,16,2,1,0,0,1,1,0,0,0
"POINT (6.722254516000020 51.412341912999999)",Unfall 168665 (2022) Kat:3, Licht: 0,168665,3,2,4,01,14,1,0,0,0,1,0,0,0,0
"POINT (6.745021493000020 51.424930969000101)",Unfall 168667 (2022) Kat:3, Licht: 0,168667,3,5,1,01,14,2,0,0,1,0,0,0,1,0
"POINT (6.776396761000060 51.379199264000100)",Unfall 168710 (2022) Kat:3, Licht: 0,168710,3,6,4,02,14,5,0,0,1,1,0,0,0,0
"POINT (6.756561476000060 51.505284904000099)",Unfall 168726 (2022) Kat:3, Licht: 0,168726,3,3,5,03,10,5,0,0,0,1,0,0,0,0
"POINT (6.747373198000050 51.482898112999997)",Unfall 168773 (2022) Kat:2, Licht: 0,168773,2,4,6,02,14,1,0,0,0,1,1,0,0,0
"POINT (6.781707458000030 51.504264235000100)",Unfall 168811 (2022) Kat:3, Licht: 0,168811,3,4,6,03,15,1,0,0,0,1,1,0,0,0
"POINT (6.783737712000060 51.480737750000102)",Unfall 168834 (2022) Kat:2, Licht: 2,168834,2,7,0,03,20,2,0,2,1,0,0,0,0,0
"POINT (6.751688871000060 51.506181286000100)",Unfall 168865 (2022) Kat:3, Licht: 0,168865,3,7,1,02,17,5,0,0,0,1,0,0,0,0
"POINT (6.781130113000070 51.427556304000099)",Unfall 168885 (2022) Kat:3, Licht: 2,168885,3,5,1,03,20,2,0,2,1,1,0,0,0,0
"POINT (6.747378846000060 51.525724867000100)",Unfall 168941 (2022) Kat:3, Licht: 0,168941,3,3,5,02,10,2,1,0,0,1,0,0,0,0
"POINT (6.756698216000070 51.390308879000003)",Unfall 168966 (2022) Kat:3, Licht: 0,168966,3,3,5,02,14,6,1,0,0,1,0,0,0,0
"POINT (6.745436993000060 51.502799295000003)",Unfall 168973 (2022) Kat:3, Licht: 2,168973,3,5,0,02,20,4,1,2,0,1,0,1,0,0
"POINT (6.785201485000070 51.457976387000002)",Unfall 168985 (2022) Kat:3, Licht: 2,168985,3,1,1,02,03,7,1,2,0,1,0,0,1,1
"POINT (6.715846736000060 51.408938675999998)",Unfall 169064 (2022) Kat:3, Licht: 0,169064,3,2,5,02,12,2,0,0,0,1,0,0,0,1
"POINT (6.741776081000070 51.385344213000103)",Unfall 169068 (2022) Kat:3, Licht: 1,169068,3,7,5,02,17,3,0,1,1,1,0,0,0,0
"POINT (6.695532264000060 51.458564244999998)",Unfall 169084 (2022) Kat:3, Licht: 0,169084,3,3,0,02,13,6,1,0,1,1,0,0,0,0
"POINT (6.794691772000020 51.389633271000001)",Unfall 169087 (2022) Kat:3, Licht: 0,169087,3,2,5,02,13,1,0,0,0,1,0,1,0,0
"POINT (6.752247953000050 51.397840262999999)",Unfall 169090 (2022) Kat:3, Licht: 0,169090,3,7,1,02,13,3,1,0,0,1,0,0,0,0
"POINT (6.749579623000050 51.428812348000100)",Unfall 169127 (2022) Kat:3, Licht: 0,169127,3,2,3,02,13,6,0,0,1,1,0,0,0,0
"POINT (6.786656026000060 51.438301000000102)",Unfall 169190 (2022) Kat:3, Licht: 0,169190,3,4,0,02,13,7,0,0,0,1,1,0,0,0
"POINT (6.748581877000050 51.515592959000102)",Unfall 169214 (2022) Kat:3, Licht: 0,169214,3,1,0,02,13,7,0,0,0,0,0,1,0,0
"POINT (6.736966971000070 51.449462453000102)",Unfall 169232 (2022) Kat:2, Licht: 0,169232,2,1,0,02,15,3,0,0,1,1,0,0,0,0
"POINT (6.691820780000060 51.400987182999998)",Unfall 169246 (2022) Kat:3, Licht: 0,169246,3,6,4,02,11,4,1,0,1,1,0,0,0,0
"POINT (6.787469443000020 51.371220931000003)",Unfall 169264 (2022) Kat:3, Licht: 0,169264,3,1,1,03,12,6,0,0,1,1,0,0,0,0
"POINT (6.772256023000070 51.430472806000097)",Unfall 169267 (2022) Kat:3, Licht: 0,169267,3,5,1,02,15,3,0,0,0,1,0,0,0,0
"POINT (6.783872356000070 51.426669698000097)",Unfall 169268 (2022) Kat:3, Licht: 0,169268,3,2,0,03,11,4,0,0,0,1,1,0,0,0
"POINT (6.714053625000080 51.413400722000098)",Unfall 169269 (2022) Kat:3, Licht: 2,169269,3,3,5,02,21,5,1,2,0,1,0,0,0,0
"POINT (6.802275797000050 51.429940068000100)",Unfall 169307 (2022) Kat:3, Licht: 0,169307,3,6,2,02,13,7,0,0,0,1,0,0,0,0
"POINT (6.743662259000080 51.472743477000101)",Unfall 169368 (2022) Kat:2, Licht: 2,169368,2,1,4,02,18,6,1,2,0,1,0,0,0,0
"POINT (6.769435932000020 51.490060178000100)",Unfall 169381 (2022) Kat:3, Licht: 2,169381,3,3,5,02,19,2,0,2,1,1,0,0,0,0
"POINT (6.754988650000030 51.503410643999999)",Unfall 169412 (2022) Kat:3, Licht: 2,169412,3,3,5,02,04,6,0,2,0,1,0,0,0,1
"POINT (6.792283526000060 51.497319523000002)",Unfall 169424 (2022) Kat:2, Licht: 0,169424,2,2,6,02,20,7,0,0,0,1,1,0,0,0
"POINT (6.748892072000050 51.483775592000001)",Unfall 169452 (2022) Kat:3, Licht: 0,169452,3,2,5,02,15,4,0,0,0,1,0,1,0,0
"POINT (6.761262823000040 51.503119472999998)",Unfall 169519 (2022) Kat:3, Licht: 0,169519,3,5,1,03,16,3,0,0,0,1,0,0,0,0
"POINT (6.761247884000060 51.492162902000103)",Unfall 169527 (2022) Kat:3, Licht: 0,169527,3,6,2,02,07,2,1,0,0,1,0,0,0,0
"POINT (6.674616324000060 51.419085466000098)",Unfall 169567 (2022) Kat:2, Licht: 0,169567,2,3,5,02,17,3,0,0,1,1,0,0,0,0
"POINT (6.762762354000070 51.430034154000097)",Unfall 169582 (2022) Kat:3, Licht: 0,169582,3,1,0,02,14,1,0,0,1,0,0,0,0,0