WKT,Name,OBJECTID,UKATEGORIE,UTYP1,UART,UMONAT,USTUNDE,UWOCHENTAG,STRZUSTAND,ULICHTVERH,ISTRAD,ISTPKW,ISTFUSS,ISTKRAD,ISTGKFZ,ISTSONSTIG
"POINT (6.769476132000020 51.384102078000097)",Unfall 181328 (2022) Kat:3, Licht: 0,181328,3,3,5,10,15,4,0,0,1,1,0,0,0,0
"POINT (6.808031835000070 51.504808309000097)",Unfall 181340 (2022) Kat:3, Licht: 0,181340,3,3,5,10,15,1,0,0,0,1,0,0,0,0
"POINT (6.711062875000040 51.391860925000103)",Unfall 181344 (2022) Kat:3, Licht: 0,181344,3,3,0,10,17,5,0,0,1,1,0,0,0,0
"POINT (6.746088902000050 51.443180208000101)",Unfall 181416 (2022) Kat:2, Licht: 2,181416,2,7,0,10,00,7,0,2,1,0,0,0,0,0
"POINT (6.776604003000050 51.514142163000002)",Unfall 181455 (2022) Kat:3, Licht: 0,181455,3,3,5,10,09,6,1,0,0,1,0,0,0,0
"POINT (6.755416992000050 51.431312289000097)",Unfall 181503 (2022) Kat:3, Licht: 2,181503,3,7,0,10,19,4,0,2,0,1,0,1,0,0
"POINT (6.718783292000070 51.408008987000102)",Unfall 181521 (2022) Kat:3, Licht: 0,181521,3,6,1,10,17,6,0,0,0,1,0,0,0,1
"POINT (6.762167711000070 51.507134334000099)",Unfall 181568 (2022) Kat:3, Licht: 0,181568,3,2,5,10,11,2,0,0,0,1,0,0,0,1
"POINT (6.804133003000060 51.500605815000000)",Unfall 181573 (2022) Kat:2, Licht: 0,181573,2,3,5,10,17,4,0,0,1,0,0,0,0,0
"POINT (6.707132324000040 51.390987288000098)",Unfall 181576 (2022) Kat:2, Licht: 0,181576,2,5,0,10,13,7,0,0,1,1,0,0,0,0
"POINT (6.767785886000070 51.430991193000096)",Unfall 181606 (2022) Kat:3, Licht: 0,181606,3,1,4,10,12,3,0,0,1,0,0,0,0,1
"POINT (6.779566506000040 51.458332327000100)",Unfall 181642 (2022) Kat:3, Licht: 2,181642,3,1,8,10,01,7,1,2,0,1,0,0,0,0
"POINT (6.802413247000060 51.479242730000102)",Unfall 181804 (2022) Kat:3, Licht: 2,181804,3,1,9,10,01,7,1,2,0,1,0,0,0,0
"POINT (6.776654391000020 51.402508152000102)",Unfall 181826 (2022) Kat:2, Licht: 0,181826,2,7,8,10,13,7,0,0,1,0,0,0,0,0
"POINT (6.718783292000070 51.408008987000102)",Unfall 181857 (2022) Kat:3, Licht: 0,181857,3,1,6,10,15,5,0,0,0,1,1,0,0,0
"POINT (6.707366900000070 51.410424771000102)",Unfall 181863 (2022) Kat:3, Licht: 0,181863,3,5,5,10,13,6,1,0,1,1,0,0,0,0
"POINT (6.751103849000060 51.485742452000103)",Unfall 181865 (2022) Kat:3, Licht: 0,181865,3,3,5,10,14,4,0,0,0,1,0,0,0,0
"POINT (6.726272628000060 51.399890469000098)",Unfall 181883 (2022) Kat:3, Licht: 0,181883,3,7,0,10,15,3,0,0,1,0,0,0,1,0
"POINT (6.729737317000060 51.394119486000100)",Unfall 181941 (2022) Kat:3, Licht: 2,181941,3,1,0,10,06,2,1,2,0,0,0,1,0,0
"POINT (6.751644028000040 51.489609391000002)",Unfall 181987 (2022) Kat:2, Licht: 2,181987,2,3,5,10,05,4,0,2,0,1,0,1,0,0
"POINT (6.756195862000030 51.441366907000003)",Unfall 182038 (2022) Kat:2, Licht: 0,182038,2,3,5,10,15,7,1,0,1,1,0,0,0,0
"POINT (6.759882034000040 51.422803090999999)",Unfall 182049 (2022) Kat:3, Licht: 0,182049,3,1,8,10,15,7,0,0,1,0,0,0,0,0
"POINT (6.749127616000070 51.528149536999997)",Unfall 182075 (2022) Kat:3, Licht: 0,182075,3,6,1,10,14,3,0,0,0,1,0,1,0,0
"POINT (6.729912465000040 51.458927389999999)",Unfall 182130 (2022) Kat:3, Licht: 2,182130,3,7,2,10,21,6,0,2,0,1,0,0,0,0
"POINT (6.761254070000060 51.411711056999998)",Unfall 182135 (2022) Kat:3, Licht: 2,182135,3,6,3,10,05,4,1,2,1,1,0,0,0,0
"POINT (6.750105931000060 51.460158868000100)",Unfall 182151 (2022) Kat:3, Licht: 0,182151,3,6,1,10,16,2,0,0,0,1,0,0,0,0
"POINT (6.746116215000030 51.426105563000100)",Unfall 182200 (2022) Kat:3, Licht: 0,182200,3,3,5,10,13,7,0,0,0,1,0,0,0,1
"POINT (6.750568431000030 51.440929810000100)",Unfall 182288 (2022) Kat:3, Licht: 0,182288,3,7,0,10,08,4,1,0,1,1,0,0,0,0
"POINT (6.706156148000050 51.406275526000101)",Unfall 182308 (2022) Kat:3, Licht: 0,182308,3,3,5,11,10,5,0,0,1,1,0,0,0,0
"POINT (6.755176011000060 51.506249362000098)",Unfall 182330 (2022) Kat:3, Licht: 0,182330,3,4,6,11,11,4,0,0,0,1,1,0,0,0
"POINT (6.755526906000060 51.438143701000101)",Unfall 182371 (2022) Kat:3, Licht: 0,182371,3,3,5,10,09,2,1,0,1,0,0,0,0,1
"POINT (6.766806346000070 51.431742058000097)",Unfall 182393 (2022) Kat:3, Licht: 0,182393,3,5,1,11,15,5,0,0,0,1,0,0,0,0
"POINT (6.782562263000050 51.479197065999998)",Unfall 182415 (2022) Kat:3, Licht: 0,182415,3,1,9,11,11,3,0,0,1,0,0,0,0,0
"POINT (6.776916023000070 51.489711094000000)",Unfall 182518 (2022) Kat:3, Licht: 0,182518,3,3,5,11,13,3,0,0,0,1,0,0,0,0
"POINT (6.731966936000050 51.450558934000099)",Unfall 182539 (2022) Kat:3, Licht: 1,182539,3,1,0,10,06,2,1,1,0,0,0,1,0,0
"POINT (6.709895137000050 51.393032398000102)",Unfall 182561 (2022) Kat:3, Licht: 2,182561,3,5,2,10,20,4,0,2,0,1,0,0,0,0
"POINT (6.729366886000040 51.405834370999997)",Unfall 182582 (2022) Kat:3, Licht: 2,182582,3,6,4,11,06,6,0,2,1,0,0,1,0,0
"POINT (6.708972517000060 51.448335086000000)",Unfall 182678 (2022) Kat:3, Licht: 0,182678,3,1,3,10,13,3,0,0,1,1,0,0,0,0
"POINT (6.720332921000020 51.547975634000103)",Unfall 182686 (2022) Kat:3, Licht: 0,182686,3,5,1,11,15,2,0,0,1,1,0,0,0,0
"POINT (6.759726283000020 51.413412686000100)",Unfall 182701 (2022) Kat:3, Licht: 0,182701,3,5,0,10,12,2,0,0,0,1,0,0,0,1
"POINT (6.778510249000020 51.430223205000097)",Unfall 182752 (2022) Kat:3, Licht: 0,182752,3,4,6,10,12,6,0,0,0,1,1,0,0,0
"POINT (6.773022919000030 51.497909494000098)",Unfall 182803 (2022) Kat:3, Licht: 0,182803,3,3,5,10,14,6,0,0,0,1,0,0,0,0
"POINT (6.709322143000070 51.404829759000101)",Unfall 182837 (2022) Kat:3, Licht: 0,182837,3,7,6,10,09,5,0,0,0,0,1,0,0,1
"POINT (6.755213439000040 51.400061250000100)",Unfall 182872 (2022) Kat:3, Licht: 0,182872,3,3,5,10,09,5,0,0,0,1,0,0,0,0
"POINT (6.756755294000070 51.464930299000102)",Unfall 182976 (2022) Kat:3, Licht: 0,182976,3,6,6,11,12,5,0,0,1,0,1,0,0,0
"POINT (6.746899475000020 51.421414882000100)",Unfall 183010 (2022) Kat:3, Licht: 0,183010,3,1,2,10,08,2,0,0,0,1,1,0,0,0
"POINT (6.780326648000030 51.420695942000101)",Unfall 183061 (2022) Kat:2, Licht: 2,183061,2,7,1,11,05,1,0,2,0,1,0,0,0,1
"POINT (6.793648278000030 51.366786001999998)",Unfall 183122 (2022) Kat:2, Licht: 2,183122,2,1,8,11,18,6,1,2,0,1,0,0,0,0
"POINT (6.759810964000050 51.375662933999998)",Unfall 183154 (2022) Kat:3, Licht: 0,183154,3,6,1,10,12,6,0,0,0,1,0,0,0,0
"POINT (6.749378597000030 51.455580351999998)",Unfall 183211 (2022) Kat:3, Licht: 2,183211,3,1,0,11,00,1,1,2,0,0,0,1,0,0
"POINT (6.769842647000080 51.430585700999998)",Unfall 183224 (2022) Kat:3, Licht: 2,183224,3,5,6,11,17,1,0,2,0,0,1,0,0,1
"POINT (6.775425245000060 51.495130592000102)",Unfall 183246 (2022) Kat:3, Licht: 2,183246,3,1,6,11,17,1,0,2,0,1,1,0,0,0
"POINT (6.778368691000030 51.444525151999997)",Unfall 183369 (2022) Kat:3, Licht: 2,183369,3,6,2,11,18,3,1,2,0,1,0,0,0,0
"POINT (6.769579150000030 51.467113642000101)",Unfall 183497 (2022) Kat:3, Licht: 2,183497,3,2,6,11,17,1,1,2,0,1,1,0,0,0
"POINT (6.687563162000060 51.452969039000003)",Unfall 183510 (2022) Kat:3, Licht: 0,183510,3,3,5,11,10,4,1,0,0,1,0,1,0,0
"POINT (6.806579436000050 51.470634725000103)",Unfall 183547 (2022) Kat:3, Licht: 2,183547,3,5,1,11,17,1,1,2,0,1,0,0,0,0
"POINT (6.780034813000040 51.430549579000100)",Unfall 183603 (2022) Kat:3, Licht: 0,183603,3,3,5,11,07,6,0,0,0,1,0,0,0,1
"POINT (6.762624644000030 51.429708771000001)",Unfall 183687 (2022) Kat:3, Licht: 2,183687,3,4,6,11,01,7,0,2,0,1,1,0,0,0
"POINT (6.760958724000030 51.428159553999997)",Unfall 183725 (2022) Kat:3, Licht: 0,183725,3,5,1,11,09,1,0,0,1,1,0,0,0,0
"POINT (6.801291887000050 51.495826487000002)",Unfall 183813 (2022) Kat:3, Licht: 0,183813,3,6,8,11,13,6,0,0,0,1,0,0,0,0
"POINT (6.755392423000050 51.503159144999998)",Unfall 183845 (2022) Kat:3, Licht: 0,183845,3,7,7,11,15,7,0,0,0,0,1,0,0,1
"POINT (6.807884440000070 51.478551173000000)",Unfall 183961 (2022) Kat:3, Licht: 2,183961,3,4,6,11,21,3,1,2,0,1,1,0,0,0
"POINT (6.768804570000040 51.401152617000001)",Unfall 183965 (2022) Kat:3, Licht: 0,183965,3,7,7,11,10,7,0,0,0,1,0,1,0,0
"POINT (6.812709679000020 51.391135248000097)",Unfall 183998 (2022) Kat:3, Licht: 2,183998,3,3,5,11,19,5,0,2,0,1,0,1,0,0
"POINT (6.653399237000030 51.395417555000101)",Unfall 184041 (2022) Kat:3, Licht: 2,184041,3,5,7,11,20,6,1,2,0,1,0,0,0,1
"POINT (6.746899475000020 51.421414882000100)",Unfall 184075 (2022) Kat:3, Licht: 2,184075,3,6,2,12,20,5,0,2,0,1,0,0,0,0
"POINT (6.769614287000020 51.430613088000001)",Unfall 184117 (2022) Kat:3, Licht: 0,184117,3,4,6,11,12,4,0,0,0,1,1,0,0,1
"POINT (6.748937904000060 51.507519796000103)",Unfall 184176 (2022) Kat:3, Licht: 2,184176,3,7,6,11,21,7,0,2,0,1,1,0,0,0
"POINT (6.718305582000030 51.410517659999996)",Unfall 184180 (2022) Kat:3, Licht: 1,184180,3,4,6,11,17,2,1,1,0,1,1,0,0,0
"POINT (6.715333750000070 51.408687575000002)",Unfall 184305 (2022) Kat:3, Licht: 2,184305,3,6,1,12,19,1,0,2,0,1,0,0,0,0
"POINT (6.655641635000050 51.399801277000101)",Unfall 184378 (2022) Kat:3, Licht: 2,184378,3,7,0,12,17,4,1,2,0,1,0,0,0,0
"POINT (6.760649475000040 51.402136830000103)",Unfall 184416 (2022) Kat:3, Licht: 0,184416,3,4,0,12,14,5,0,0,0,1,1,0,0,0
"POINT (6.745858265000040 51.441419944000103)",Unfall 184440 (2022) Kat:3, Licht: 0,184440,3,3,5,12,14,2,0,0,1,1,0,0,0,0
"POINT (6.747963956000040 51.367870143000097)",Unfall 184447 (2022) Kat:3, Licht: 2,184447,3,7,6,12,17,5,1,2,0,1,1,0,0,0
"POINT (6.754020491000060 51.400134825000102)",Unfall 184471 (2022) Kat:3, Licht: 2,184471,3,3,5,12,22,4,1,2,0,1,0,0,0,0
"POINT (6.754450064000030 51.506769014000000)",Unfall 184477 (2022) Kat:3, Licht: 0,184477,3,7,0,12,13,6,0,0,0,1,0,0,0,0
"POINT (6.742252269000060 51.525032089000000)",Unfall 184498 (2022) Kat:3, Licht: 0,184498,3,3,5,12,11,4,0,0,0,1,0,0,0,0
"POINT (6.747271441000070 51.437609794000103)",Unfall 184514 (2022) Kat:3, Licht: 1,184514,3,6,2,12,18,5,1,1,0,1,0,0,0,0
"POINT (6.791347061000070 51.442066280000098)",Unfall 184534 (2022) Kat:3, Licht: 1,184534,3,1,4,12,16,2,1,1,0,1,0,1,0,0
"POINT (6.797097447000060 51.486713603000098)",Unfall 184552 (2022) Kat:3, Licht: 2,184552,3,3,5,12,17,7,0,2,0,1,0,0,0,0
"POINT (6.720527156000060 51.410058755000101)",Unfall 184587 (2022) Kat:3, Licht: 0,184587,3,7,0,12,11,5,0,0,0,0,1,0,0,1
"POINT (6.781753467000040 51.435955479000000)",Unfall 184625 (2022) Kat:3, Licht: 0,184625,3,3,5,12,12,7,0,0,0,1,0,0,0,1
"POINT (6.706349487000070 51.388722802000103)",Unfall 184649 (2022) Kat:3, Licht: 1,184649,3,3,5,12,16,3,0,1,1,1,0,0,0,0
"POINT (6.771775363000070 51.491124015000103)",Unfall 184679 (2022) Kat:3, Licht: 1,184679,3,7,6,12,15,3,0,1,0,1,1,0,0,0
"POINT (6.749390540000040 51.506267485000102)",Unfall 184736 (2022) Kat:3, Licht: 0,184736,3,3,5,12,09,6,0,0,0,1,0,0,0,0
"POINT (6.754159693000080 51.503926965000097)",Unfall 184773 (2022) Kat:3, Licht: 1,184773,3,7,0,12,15,5,1,1,0,1,0,0,0,0
"POINT (6.772031913000030 51.466038674000103)",Unfall 184788 (2022) Kat:3, Licht: 2,184788,3,2,6,12,18,5,1,2,0,1,1,0,0,0
"POINT (6.672889238000040 51.492361268000103)",Unfall 184866 (2022) Kat:3, Licht: 1,184866,3,3,5,12,15,4,0,1,0,1,0,0,0,0
"POINT (6.706156148000050 51.406275526000101)",Unfall 184877 (2022) Kat:2, Licht: 2,184877,2,2,4,12,22,6,0,2,0,1,0,0,0,1
"POINT (6.788260964000070 51.436877219000102)",Unfall 184960 (2022) Kat:3, Licht: 2,184960,3,2,6,12,17,4,0,2,0,1,1,0,0,0
"POINT (6.776230649000070 51.365532047999999)",Unfall 184968 (2022) Kat:3, Licht: 1,184968,3,2,5,12,07,5,1,1,1,1,0,0,0,0
"POINT (6.780680895000050 51.498737792000000)",Unfall 184975 (2022) Kat:3, Licht: 1,184975,3,3,5,12,16,7,0,1,0,1,0,0,0,0
"POINT (6.767876496000040 51.427945072999997)",Unfall 184997 (2022) Kat:3, Licht: 2,184997,3,2,6,12,22,5,1,2,0,1,1,0,0,0
"POINT (6.792452974000070 51.490241148999999)",Unfall 185023 (2022) Kat:3, Licht: 2,185023,3,4,6,12,19,5,1,2,0,1,1,0,0,0
"POINT (6.710057969000050 51.452246995000102)",Unfall 185049 (2022) Kat:3, Licht: 0,185049,3,3,5,12,13,2,1,0,0,1,0,0,0,0
"POINT (6.761604513000070 51.402091746000103)",Unfall 185051 (2022) Kat:3, Licht: 2,185051,3,2,5,12,17,5,0,2,1,1,0,0,0,0
"POINT (6.729148229000030 51.539906713999997)",Unfall 185079 (2022) Kat:2, Licht: 1,185079,2,1,3,12,07,4,1,1,0,1,0,0,0,1
"POINT (6.785778594000020 51.428326981000097)",Unfall 185098 (2022) Kat:3, Licht: 2,185098,3,2,6,12,07,5,1,2,0,1,1,0,0,0
"POINT (6.775300034000050 51.496321477000002)",Unfall 185187 (2022) Kat:3, Licht: 2,185187,3,4,6,12,18,2,1,2,0,1,1,0,0,0
"POINT (6.754306335000020 51.402484373999997)",Unfall 185230 (2022) Kat:3, Licht: 0,185230,3,3,5,12,12,4,0,0,0,1,0,0,0,0
"POINT (6.735055240000070 51.481052532000000)",Unfall 185237 (2022) Kat:3, Licht: 2,185237,3,1,9,12,21,5,2,2,0,0,0,1,0,0
"POINT (6.791662762000040 51.478875260000102)",Unfall 185241 (2022) Kat:3, Licht: 2,185241,3,3,5,12,20,4,1,2,1,1,0,0,0,0
"POINT (6.733910491000070 51.459743794000097)",Unfall 185279 (2022) Kat:3, Licht: 0,185279,3,6,5,12,15,4,0,0,1,1,0,0,0,0
"POINT (6.749175962000040 51.424414284000100)",Unfall 185280 (2022) Kat:3, Licht: 2,185280,3,1,8,12,00,6,1,2,0,1,0,0,0,0
"POINT (6.813123823000070 51.389834346000001)",Unfall 185752 (2022) Kat:3, Licht: 0,185752,3,3,4,05,18,3,0,0,0,1,0,0,0,0
"POINT (6.733676045000040 51.543305363999998)",Unfall 186002 (2022) Kat:3, Licht: 2,186002,3,6,5,03,21,7,0,2,0,1,0,0,0,0
"POINT (6.767677532000050 51.401158987000002)",Unfall 186128 (2022) Kat:3, Licht: 2,186128,3,7,0,06,23,7,0,2,0,1,1,0,0,0
"POINT (6.784537861000050 51.491500516000002)",Unfall 186176 (2022) Kat:3, Licht: 0,186176,3,6,1,06,14,7,0,0,0,1,0,0,0,0
"POINT (6.738319930000046 51.452181023000037)",Unfall 22292 (2023) Kat:3, Licht: 2,22292,3,7,6,01,03,4,1,2,0,1,1,0,0,0
"POINT (6.759037968000030 51.486642477000032)",Unfall 22293 (2023) Kat:3, Licht: 0,22293,3,6,2,01,14,4,1,0,0,1,0,0,0,1
"POINT (6.769203020000020 51.502729923000061)",Unfall 22335 (2023) Kat:3, Licht: 2,22335,3,2,0,01,07,3,0,2,0,1,0,0,0,1
"POINT (6.742666796000037 51.527326935000076)",Unfall 22427 (2023) Kat:3, Licht: 2,22427,3,7,0,01,18,1,1,2,0,1,1,0,0,0
"POINT (6.773761172000036 51.493855557000074)",Unfall 22428 (2023) Kat:3, Licht: 0,22428,3,6,3,01,12,1,0,0,0,1,0,0,0,0
"POINT (6.739579395000021 51.365357685000049)",Unfall 25673 (2023) Kat:3, Licht: 0,25673,3,3,5,01,16,2,1,0,1,1,0,0,0,0
"POINT (6.759041589000049 51.378882744000066)",Unfall 25674 (2023) Kat:3, Licht: 0,25674,3,2,6,01,11,2,1,0,0,1,1,0,0,0
"POINT (6.754912089000072 51.487093349000077)",Unfall 25676 (2023) Kat:3, Licht: 2,25676,3,6,2,01,07,2,1,2,0,1,0,0,0,0
"POINT (6.773067529000059 51.395453804000056)",Unfall 25679 (2023) Kat:2, Licht: 0,25679,2,6,2,01,09,2,1,0,0,1,0,0,0,0
"POINT (6.770370375000027 51.421512712000037)",Unfall 25681 (2023) Kat:2, Licht: 0,25681,2,6,2,01,08,2,1,0,0,1,0,0,1,0
"POINT (6.686201319000077 51.449650417000043)",Unfall 25817 (2023) Kat:3, Licht: 2,25817,3,3,6,01,21,7,1,2,0,1,1,0,0,0
"POINT (6.785680099000047 51.486227588000077)",Unfall 25819 (2023) Kat:3, Licht: 1,25819,3,6,2,01,17,7,0,1,0,1,0,0,0,0
"POINT (6.777617212000052 51.437633295000069)",Unfall 25914 (2023) Kat:3, Licht: 2,25914,3,2,5,01,18,6,1,2,0,1,0,0,0,0
"POINT (6.798877748000052 51.448972853000043)",Unfall 25919 (2023) Kat:3, Licht: 0,25919,3,6,2,01,13,6,1,0,0,1,0,0,0,1
"POINT (6.763371270000050 51.486006803000066)",Unfall 25920 (2023) Kat:3, Licht: 2,25920,3,6,3,01,17,6,1,2,0,1,0,0,0,0
"POINT (6.746683985000061 51.385542223000073)",Unfall 26049 (2023) Kat:2, Licht: 0,26049,2,2,6,01,14,5,1,0,0,1,1,0,0,0
"POINT (6.763893203000066 51.404138126000078)",Unfall 26050 (2023) Kat:3, Licht: 1,26050,3,2,6,01,07,5,1,1,0,1,1,0,0,0
"POINT (6.768521632000045 51.426357523000036)",Unfall 26171 (2023) Kat:3, Licht: 1,26171,3,2,5,01,08,4,1,1,0,1,0,0,0,1
"POINT (6.807465505000039 51.494574047000071)",Unfall 26172 (2023) Kat:1, Licht: 2,26172,1,1,1,01,04,4,1,2,0,0,0,1,1,0
"POINT (6.742809763000025 51.527324169000053)",Unfall 26310 (2023) Kat:3, Licht: 2,26310,3,2,6,01,18,3,0,2,0,1,1,0,0,0
"POINT (6.756225860000029 51.465285167000047)",Unfall 26311 (2023) Kat:3, Licht: 2,26311,3,2,6,01,17,3,1,2,0,1,1,0,0,0
"POINT (6.763025879000054 51.486089961000062)",Unfall 26314 (2023) Kat:2, Licht: 2,26314,2,6,2,01,17,3,1,2,0,1,0,0,0,0
"POINT (6.779186031000052 51.359531615000037)",Unfall 26409 (2023) Kat:3, Licht: 2,26409,3,4,6,01,07,2,1,2,0,1,1,0,0,0
"POINT (6.792971016000024 51.428331367000055)",Unfall 26410 (2023) Kat:3, Licht: 2,26410,3,2,6,01,07,2,1,2,0,1,1,0,0,0
"POINT (6.686201319000077 51.449650417000043)",Unfall 26411 (2023) Kat:3, Licht: 0,26411,3,7,6,01,14,2,0,0,0,1,1,0,0,0
"POINT (6.778366210000058 51.483983215000080)",Unfall 26415 (2023) Kat:2, Licht: 0,26415,2,3,3,01,10,2,1,0,0,1,0,0,1,0
"POINT (6.746873051000023 51.419769805000044)",Unfall 26487 (2023) Kat:3, Licht: 2,26487,3,7,6,01,21,1,1,2,0,1,1,0,0,0
"POINT (6.760938697000029 51.432433355000057)",Unfall 26489 (2023) Kat:3, Licht: 2,26489,3,4,6,01,17,1,1,2,0,1,1,0,0,0
"POINT (6.770065776000024 51.461926006000056)",Unfall 26622 (2023) Kat:3, Licht: 2,26622,3,6,2,01,17,6,1,2,0,1,0,0,0,0
"POINT (6.816763933000061 51.491408695000075)",Unfall 26624 (2023) Kat:3, Licht: 2,26624,3,6,2,01,17,6,1,2,0,1,0,0,0,0
"POINT (6.807300071000043 51.459540706000041)",Unfall 26625 (2023) Kat:3, Licht: 2,26625,3,6,2,01,17,6,1,2,0,1,0,0,0,0
"POINT (6.770388131000061 51.425044027000069)",Unfall 26626 (2023) Kat:2, Licht: 2,26626,2,6,3,01,21,6,0,2,0,1,0,0,0,0
"POINT (6.701250329000061 51.415343203000077)",Unfall 26705 (2023) Kat:2, Licht: 0,26705,2,2,0,01,11,5,1,0,0,0,0,1,0,0
"POINT (6.742809763000025 51.527324169000053)",Unfall 26706 (2023) Kat:3, Licht: 0,26706,3,2,0,01,14,5,0,0,0,1,0,0,0,1
"POINT (6.788018986000054 51.447689880000041)",Unfall 26710 (2023) Kat:3, Licht: 2,26710,3,6,3,01,17,5,0,2,0,1,0,0,0,0
"POINT (6.774708355000030 51.437550926000029)",Unfall 26824 (2023) Kat:3, Licht: 2,26824,3,2,4,02,06,2,1,2,0,1,0,0,1,0
"POINT (6.722699635000026 51.406848102000026)",Unfall 26825 (2023) Kat:3, Licht: 1,26825,3,6,3,02,07,2,2,1,1,1,0,0,0,0
"POINT (6.780855083000063 51.490474342000027)",Unfall 26826 (2023) Kat:3, Licht: 2,26826,3,7,5,02,19,2,0,2,0,1,0,0,0,1
"POINT (6.770635662000075 51.481692239000040)",Unfall 26828 (2023) Kat:3, Licht: 2,26828,3,6,2,02,05,2,0,2,0,1,0,0,0,0
"POINT (6.752119239000024 51.368216235000034)",Unfall 26875 (2023) Kat:3, Licht: 2,26875,3,5,0,02,18,1,0,2,0,1,0,0,0,1
"POINT (6.767936771000052 51.405225358000052)",Unfall 26972 (2023) Kat:3, Licht: 2,26972,3,2,6,02,05,2,0,2,0,1,1,0,0,0
"POINT (6.735381596000025 51.541893401000038)",Unfall 26990 (2023) Kat:3, Licht: 0,26990,3,2,3,02,16,6,1,0,1,1,0,0,0,0
"POINT (6.815013319000059 51.488030262000052)",Unfall 26992 (2023) Kat:3, Licht: 0,26992,3,6,2,02,14,6,1,0,0,1,0,0,0,0
"POINT (6.815433442000028 51.488831573000027)",Unfall 26993 (2023) Kat:3, Licht: 0,26993,3,6,2,02,15,6,1,0,0,1,0,0,0,0
"POINT (6.707491556000036 51.455877666000049)",Unfall 27027 (2023) Kat:3, Licht: 0,27027,3,3,5,02,12,1,1,0,0,1,0,0,0,0
"POINT (6.759059632000060 51.379664069000057)",Unfall 27080 (2023) Kat:3, Licht: 1,27080,3,2,6,02,17,5,1,1,0,1,1,0,0,0
"POINT (6.793195306000030 51.428517947000046)",Unfall 27081 (2023) Kat:3, Licht: 2,27081,3,2,6,02,22,5,1,2,0,1,1,0,0,0
"POINT (6.776260065000031 51.437585226000067)",Unfall 27082 (2023) Kat:2, Licht: 1,27082,2,4,6,02,16,5,0,1,0,1,1,0,0,0
"POINT (6.698110826000061 51.415646315000060)",Unfall 27083 (2023) Kat:3, Licht: 0,27083,3,6,1,02,14,5,1,0,0,0,0,1,1,0
"POINT (6.768233280000061 51.496539700000028)",Unfall 27084 (2023) Kat:3, Licht: 0,27084,3,2,5,02,08,5,1,0,1,1,0,0,0,0
"POINT (6.754047223000043 51.418606910000051)",Unfall 27169 (2023) Kat:3, Licht: 0,27169,3,4,6,02,14,4,0,0,0,1,1,0,0,0
"POINT (6.699102735000054 51.452516926000044)",Unfall 27170 (2023) Kat:3, Licht: 2,27170,3,4,0,02,06,4,0,2,0,1,1,0,0,0
"POINT (6.678419287000054 51.415733882000040)",Unfall 27171 (2023) Kat:3, Licht: 2,27171,3,6,4,02,19,4,0,2,0,1,0,0,0,0
"POINT (6.760818349000033 51.506903979000072)",Unfall 27243 (2023) Kat:3, Licht: 0,27243,3,6,2,01,16,3,1,0,0,1,0,0,0,0
"POINT (6.756811828000025 51.430704644000059)",Unfall 27339 (2023) Kat:3, Licht: 0,27339,3,2,5,01,10,2,1,0,0,1,0,0,0,0
"POINT (6.769531552000046 51.426824955000029)",Unfall 27340 (2023) Kat:3, Licht: 2,27340,3,3,5,01,20,2,0,2,1,1,0,0,0,0
"POINT (6.793369561000077 51.414914397000075)",Unfall 27436 (2023) Kat:3, Licht: 0,27436,3,1,0,01,16,7,1,0,0,0,0,1,0,0
"POINT (6.759100346000025 51.428235985000072)",Unfall 27437 (2023) Kat:3, Licht: 2,27437,3,6,1,01,18,7,0,2,0,1,0,0,0,0
"POINT (6.775846104000038 51.436309122000068)",Unfall 27438 (2023) Kat:3, Licht: 2,27438,3,1,9,01,18,7,0,2,0,1,0,0,0,0
"POINT (6.784190209000030 51.420967962000077)",Unfall 27502 (2023) Kat:3, Licht: 0,27502,3,3,5,01,07,6,1,0,0,1,0,0,0,1
"POINT (6.801929401000052 51.442229593000036)",Unfall 27503 (2023) Kat:3, Licht: 0,27503,3,6,2,01,15,6,0,0,0,1,0,0,0,1
"POINT (6.729118660000040 51.535142770000050)",Unfall 27589 (2023) Kat:3, Licht: 0,27589,3,7,8,01,12,5,1,0,0,1,0,0,0,0
"POINT (6.744026002000055 51.446271530000047)",Unfall 27590 (2023) Kat:3, Licht: 1,27590,3,1,0,01,09,5,2,1,1,0,0,0,0,0
"POINT (6.719073439000056 51.386274865000075)",Unfall 27670 (2023) Kat:3, Licht: 0,27670,3,4,8,01,08,4,0,0,0,1,1,0,1,0
"POINT (6.775304840000047 51.457220035000034)",Unfall 27673 (2023) Kat:3, Licht: 1,27673,3,6,2,01,17,4,0,1,0,1,0,0,0,1
"POINT (6.766474265000056 51.490747424000062)",Unfall 27674 (2023) Kat:2, Licht: 0,27674,2,6,2,01,08,4,0,0,0,1,0,0,0,0
"POINT (6.781538891000025 51.432191185000079)",Unfall 27723 (2023) Kat:3, Licht: 0,27723,3,6,3,01,10,5,1,0,0,1,0,0,0,0
"POINT (6.778279529000031 51.444497120000051)",Unfall 27776 (2023) Kat:3, Licht: 0,27776,3,6,2,01,16,3,0,0,0,1,0,0,0,0
"POINT (6.758262330000036 51.527902204000043)",Unfall 27845 (2023) Kat:3, Licht: 2,27845,3,6,2,01,06,2,0,2,0,1,0,0,0,0