WKT,Name,OBJECTID,UKATEGORIE,UTYP1,UART,UMONAT,USTUNDE,UWOCHENTAG,STRZUSTAND,ULICHTVERH,ISTRAD,ISTPKW,ISTFUSS,ISTKRAD,ISTGKFZ,ISTSONSTIG
"POINT (6.770743362000076 51.420575017000033)",Unfall 27846 (2023) Kat:2, Licht: 2,27846,2,6,3,01,05,2,0,2,0,1,0,0,1,0
"POINT (6.810961820000045 51.461006064000060)",Unfall 27895 (2023) Kat:3, Licht: 2,27895,3,6,2,01,17,1,1,2,0,1,0,0,0,0
"POINT (6.742400277000058 51.448426898000037)",Unfall 28037 (2023) Kat:3, Licht: 0,28037,3,7,0,01,10,6,0,0,0,0,1,0,0,1
"POINT (6.794517161000044 51.430351552000047)",Unfall 28182 (2023) Kat:3, Licht: 2,28182,3,2,6,01,07,5,2,2,0,1,1,0,0,0
"POINT (6.712090539000030 51.412005271000055)",Unfall 28183 (2023) Kat:3, Licht: 0,28183,3,6,1,01,10,5,1,0,0,1,0,0,0,0
"POINT (6.754992909000066 51.527563620000080)",Unfall 28307 (2023) Kat:3, Licht: 0,28307,3,1,0,02,11,6,0,0,0,0,0,1,0,0
"POINT (6.799357493000059 51.395204080000042)",Unfall 28458 (2023) Kat:3, Licht: 1,28458,3,6,1,01,15,3,0,1,0,1,0,0,0,0
"POINT (6.767851928000027 51.408592232000046)",Unfall 28460 (2023) Kat:3, Licht: 0,28460,3,2,1,01,17,3,0,0,1,0,0,0,1,0
"POINT (6.775687005000066 51.433124891000034)",Unfall 28461 (2023) Kat:3, Licht: 2,28461,3,2,3,01,18,3,0,2,1,1,0,0,0,0
"POINT (6.766639769000051 51.484906703000036)",Unfall 28463 (2023) Kat:3, Licht: 2,28463,3,6,2,01,18,3,0,2,0,1,0,0,0,0
"POINT (6.771342326000024 51.427480425000056)",Unfall 28466 (2023) Kat:2, Licht: 0,28466,2,6,2,01,17,3,1,0,0,1,0,0,0,1
"POINT (6.766528675000075 51.503584393000040)",Unfall 28471 (2023) Kat:3, Licht: 2,28471,3,1,0,03,07,3,1,2,0,0,0,1,0,0
"POINT (6.765881503000060 51.473779555000078)",Unfall 28477 (2023) Kat:3, Licht: 2,28477,3,6,2,03,18,3,1,2,0,1,0,0,0,0
"POINT (6.719216296000070 51.365727917000072)",Unfall 28585 (2023) Kat:3, Licht: 0,28585,3,3,5,03,13,1,0,0,1,1,0,0,0,0
"POINT (6.676088196000023 51.437355825000054)",Unfall 28619 (2023) Kat:2, Licht: 0,28619,2,6,2,03,13,7,0,0,0,1,0,0,0,1
"POINT (6.786874914000066 51.520153379000078)",Unfall 28672 (2023) Kat:3, Licht: 0,28672,3,7,0,03,08,6,0,0,1,1,0,0,0,0
"POINT (6.741144933000044 51.515540267000063)",Unfall 28759 (2023) Kat:3, Licht: 0,28759,3,2,5,03,10,5,0,0,0,1,0,0,0,0
"POINT (6.816384086000028 51.469881560000033)",Unfall 28764 (2023) Kat:2, Licht: 0,28764,2,6,2,03,09,5,0,0,0,0,0,0,1,0
"POINT (6.767503326000053 51.420611119000057)",Unfall 28836 (2023) Kat:3, Licht: 0,28836,3,3,0,03,09,4,0,0,1,1,0,0,0,0
"POINT (6.781073740000068 51.466475797000044)",Unfall 28837 (2023) Kat:3, Licht: 1,28837,3,3,5,03,17,4,0,1,1,1,0,0,0,0
"POINT (6.732294086000024 51.480683950000071)",Unfall 28838 (2023) Kat:3, Licht: 2,28838,3,6,3,03,18,4,0,2,0,1,0,0,0,0
"POINT (6.743106390000037 51.512187752000045)",Unfall 28839 (2023) Kat:3, Licht: 2,28839,3,6,1,03,20,4,0,2,0,1,0,0,0,0
"POINT (6.799638178000066 51.454076601000054)",Unfall 28923 (2023) Kat:3, Licht: 2,28923,3,6,9,02,21,3,0,2,0,1,0,0,1,1
"POINT (6.790457720000063 51.486265158000037)",Unfall 28993 (2023) Kat:3, Licht: 0,28993,3,6,2,03,09,5,0,0,0,1,0,0,0,0
"POINT (6.785799786000041 51.507570603000033)",Unfall 29007 (2023) Kat:3, Licht: 0,29007,3,5,3,02,14,2,0,0,0,1,0,0,0,0
"POINT (6.795923960000039 51.432351888000028)",Unfall 29051 (2023) Kat:3, Licht: 0,29051,3,6,2,02,13,1,0,0,0,1,0,0,0,0
"POINT (6.791827491000049 51.465705203000027)",Unfall 29102 (2023) Kat:2, Licht: 0,29102,2,7,5,02,10,7,0,0,1,1,0,0,0,0
"POINT (6.809412411000039 51.398843886000066)",Unfall 29185 (2023) Kat:3, Licht: 0,29185,3,7,1,02,09,6,0,0,0,1,0,0,1,0
"POINT (6.799599448000038 51.409315324000033)",Unfall 29186 (2023) Kat:3, Licht: 0,29186,3,6,1,02,08,6,1,0,0,1,0,0,0,0
"POINT (6.775834895000060 51.433236277000049)",Unfall 29187 (2023) Kat:3, Licht: 0,29187,3,2,4,02,12,6,1,0,0,1,0,0,0,0
"POINT (6.685135716000048 51.408857251000029)",Unfall 29188 (2023) Kat:3, Licht: 0,29188,3,6,1,02,13,6,0,0,0,1,0,0,0,0
"POINT (6.810955743000022 51.461002797000049)",Unfall 29190 (2023) Kat:3, Licht: 0,29190,3,6,2,02,10,6,0,0,0,0,0,0,0,1
"POINT (6.794436971000039 51.445197467000071)",Unfall 29275 (2023) Kat:3, Licht: 0,29275,3,6,1,02,16,5,0,0,0,1,0,0,0,0
"POINT (6.755526906000057 51.438143701000058)",Unfall 29276 (2023) Kat:3, Licht: 0,29276,3,2,0,02,10,5,1,0,0,1,0,0,0,1
"POINT (6.731542564000051 51.498895922000031)",Unfall 29277 (2023) Kat:2, Licht: 2,29277,2,6,8,02,21,5,1,2,0,1,0,0,0,0
"POINT (6.776921693000077 51.406236616000058)",Unfall 29321 (2023) Kat:3, Licht: 2,29321,3,6,2,03,19,2,1,2,0,1,0,0,0,0
"POINT (6.778881464000051 51.432232705000047)",Unfall 29363 (2023) Kat:2, Licht: 0,29363,2,7,0,02,07,4,0,0,0,0,0,0,0,1
"POINT (6.811280297000053 51.461182788000031)",Unfall 29365 (2023) Kat:2, Licht: 1,29365,2,6,2,02,17,4,0,1,0,1,0,0,0,1
"POINT (6.747099982000066 51.419782192000071)",Unfall 29439 (2023) Kat:3, Licht: 0,29439,3,6,3,02,14,3,0,0,0,1,0,0,0,0
"POINT (6.730614277000029 51.411346046000062)",Unfall 29441 (2023) Kat:3, Licht: 2,29441,3,2,3,02,18,3,0,2,0,1,0,0,1,0
"POINT (6.756846331000077 51.527503459000059)",Unfall 29442 (2023) Kat:3, Licht: 2,29442,3,6,1,02,06,3,0,2,0,1,0,0,0,0
"POINT (6.775135458000022 51.438532795000071)",Unfall 29446 (2023) Kat:3, Licht: 2,29446,3,6,2,02,06,3,0,2,0,1,0,0,0,1
"POINT (6.765230286000076 51.426084827000068)",Unfall 29500 (2023) Kat:3, Licht: 0,29500,3,7,0,02,17,2,0,0,0,0,0,0,0,1
"POINT (6.741563112000051 51.352674905000072)",Unfall 29503 (2023) Kat:3, Licht: 1,29503,3,7,9,02,06,2,0,1,0,1,0,0,0,0
"POINT (6.711875871000075 51.414873704000058)",Unfall 29547 (2023) Kat:3, Licht: 2,29547,3,2,5,02,02,1,1,2,0,1,0,0,0,0
"POINT (6.739929069000027 51.490096008000080)",Unfall 29601 (2023) Kat:3, Licht: 2,29601,3,7,6,02,18,7,1,2,0,1,1,0,0,0
"POINT (6.765311275000045 51.472985871000049)",Unfall 29606 (2023) Kat:3, Licht: 0,29606,3,6,2,02,13,7,1,0,0,1,0,0,0,0
"POINT (6.782127792000040 51.446720204000030)",Unfall 29607 (2023) Kat:2, Licht: 2,29607,2,1,8,02,20,7,1,2,0,1,0,0,0,0
"POINT (6.789190642000051 51.432996026000069)",Unfall 29682 (2023) Kat:3, Licht: 0,29682,3,6,3,02,13,6,0,0,1,0,0,0,0,1
"POINT (6.785302672000057 51.447350356000072)",Unfall 29685 (2023) Kat:2, Licht: 1,29685,2,6,9,02,17,6,0,1,0,1,0,0,0,1
"POINT (6.738066817000060 51.360978839000040)",Unfall 29769 (2023) Kat:3, Licht: 0,29769,3,3,5,02,11,5,0,0,1,1,0,0,0,0
"POINT (6.765481971000042 51.431215084000030)",Unfall 29771 (2023) Kat:3, Licht: 0,29771,3,3,5,02,16,5,0,0,0,1,0,0,0,0
"POINT (6.784386272000063 51.469504353000048)",Unfall 29773 (2023) Kat:3, Licht: 0,29773,3,3,5,02,10,5,0,0,1,1,0,0,0,0
"POINT (6.769037755000056 51.434735531000058)",Unfall 29885 (2023) Kat:2, Licht: 0,29885,2,3,5,02,08,4,0,0,1,1,0,0,0,0
"POINT (6.777593883000065 51.420006781000041)",Unfall 29902 (2023) Kat:3, Licht: 0,29902,3,2,3,03,16,4,0,0,1,0,0,0,0,1
"POINT (6.779562610000028 51.370743690000040)",Unfall 30013 (2023) Kat:3, Licht: 2,30013,3,6,2,02,19,3,0,2,0,1,0,0,0,0
"POINT (6.775687005000066 51.433124891000034)",Unfall 30014 (2023) Kat:3, Licht: 0,30014,3,6,0,02,17,3,0,0,0,1,0,0,0,0
"POINT (6.708982778000063 51.414625199000056)",Unfall 30015 (2023) Kat:3, Licht: 0,30015,3,3,0,02,16,3,0,0,1,1,0,0,0,0
"POINT (6.741757533000055 51.514347776000079)",Unfall 30016 (2023) Kat:3, Licht: 0,30016,3,6,3,02,16,3,0,0,0,1,0,0,0,1
"POINT (6.761259626000026 51.527709099000049)",Unfall 30018 (2023) Kat:3, Licht: 0,30018,3,6,1,02,14,3,0,0,0,1,0,0,0,0
"POINT (6.742877160000035 51.528807717000063)",Unfall 30019 (2023) Kat:3, Licht: 0,30019,3,3,5,02,10,3,0,0,0,1,0,0,0,1
"POINT (6.744898503000059 51.445191308000062)",Unfall 30020 (2023) Kat:3, Licht: 0,30020,3,3,5,02,13,3,0,0,1,0,0,0,1,0
"POINT (6.770616289000031 51.486211909000076)",Unfall 30021 (2023) Kat:3, Licht: 0,30021,3,7,8,02,16,3,0,0,0,1,0,0,0,0
"POINT (6.780181627000047 51.469095573000061)",Unfall 30022 (2023) Kat:3, Licht: 1,30022,3,4,6,02,15,3,0,1,0,1,1,0,0,0
"POINT (6.754972126000041 51.424995838000029)",Unfall 30137 (2023) Kat:3, Licht: 0,30137,3,5,1,02,17,2,0,0,1,1,0,0,0,0
"POINT (6.770587722000073 51.527930431000073)",Unfall 30138 (2023) Kat:3, Licht: 2,30138,3,3,5,02,20,2,0,2,0,1,0,0,0,0
"POINT (6.799771811000028 51.454325187000052)",Unfall 30214 (2023) Kat:2, Licht: 2,30214,2,6,3,02,21,1,0,2,0,1,0,0,0,0
"POINT (6.786102913000036 51.422596443000032)",Unfall 30284 (2023) Kat:3, Licht: 1,30284,3,3,5,02,18,7,0,1,1,1,0,0,0,0
"POINT (6.741978848000031 51.448777782000036)",Unfall 30285 (2023) Kat:3, Licht: 2,30285,3,2,5,02,20,7,0,2,1,1,0,0,0,0
"POINT (6.774421660000030 51.492587227000058)",Unfall 30286 (2023) Kat:3, Licht: 0,30286,3,3,5,02,15,7,0,0,0,1,0,0,0,1
"POINT (6.798621576000073 51.495370293000065)",Unfall 30288 (2023) Kat:3, Licht: 2,30288,3,1,0,02,01,7,0,2,0,0,0,0,0,1
"POINT (6.691599861000043 51.436261439000077)",Unfall 30293 (2023) Kat:2, Licht: 0,30293,2,6,2,02,13,7,0,0,0,1,0,0,0,0
"POINT (6.769272891000071 51.411703591000048)",Unfall 30404 (2023) Kat:3, Licht: 0,30404,3,2,5,03,14,4,0,0,1,1,0,0,0,0
"POINT (6.753259556000046 51.393620342000077)",Unfall 30406 (2023) Kat:3, Licht: 2,30406,3,6,1,02,19,6,0,2,0,1,0,0,0,0
"POINT (6.699102735000054 51.452516926000044)",Unfall 30407 (2023) Kat:2, Licht: 2,30407,2,3,5,02,21,6,0,2,0,1,0,0,0,0
"POINT (6.740849232000073 51.454503842000065)",Unfall 30408 (2023) Kat:3, Licht: 0,30408,3,2,0,02,15,6,0,0,1,0,0,0,1,0
"POINT (6.788706342000069 51.474802768000075)",Unfall 30409 (2023) Kat:3, Licht: 0,30409,3,2,5,02,13,6,0,0,0,1,0,0,0,0
"POINT (6.743699547000062 51.492633431000058)",Unfall 30410 (2023) Kat:3, Licht: 2,30410,3,6,2,02,05,6,0,2,0,1,0,1,0,0
"POINT (6.764280240000062 51.431383268000047)",Unfall 30427 (2023) Kat:3, Licht: 2,30427,3,4,0,02,21,1,1,2,0,0,1,1,0,0
"POINT (6.757013975000064 51.436926955000047)",Unfall 30517 (2023) Kat:3, Licht: 0,30517,3,3,5,02,15,5,0,0,1,0,0,0,0,0
"POINT (6.736694490000048 51.369370240000080)",Unfall 30733 (2023) Kat:3, Licht: 0,30733,3,2,6,02,13,3,0,0,0,1,1,0,0,0
"POINT (6.751454325000054 51.403727517000050)",Unfall 30734 (2023) Kat:2, Licht: 0,30734,2,4,6,02,14,3,0,0,0,1,1,0,0,0
"POINT (6.754934582000033 51.424821824000048)",Unfall 30735 (2023) Kat:3, Licht: 0,30735,3,3,5,02,14,3,0,0,0,1,0,0,0,1
"POINT (6.777333993000070 51.425636226000051)",Unfall 30736 (2023) Kat:3, Licht: 0,30736,3,7,0,02,08,3,0,0,1,0,0,0,0,0
"POINT (6.653705833000060 51.391528318000042)",Unfall 30753 (2023) Kat:3, Licht: 2,30753,3,4,6,02,18,5,0,2,0,1,1,0,0,0
"POINT (6.784893034000049 51.516067978000081)",Unfall 30891 (2023) Kat:3, Licht: 1,30891,3,3,0,03,07,2,0,1,0,1,0,1,0,0
"POINT (6.758977561000052 51.387851907000027)",Unfall 31023 (2023) Kat:3, Licht: 0,31023,3,2,4,03,13,7,0,0,1,1,0,0,0,0
"POINT (6.763149507000037 51.431521025000052)",Unfall 31024 (2023) Kat:2, Licht: 0,31024,2,3,0,03,17,7,0,0,1,1,0,0,0,0
"POINT (6.652078905000053 51.490240274000030)",Unfall 31028 (2023) Kat:3, Licht: 0,31028,3,1,8,03,15,7,1,0,0,1,0,0,0,0
"POINT (6.784233579000045 51.352911816000073)",Unfall 31106 (2023) Kat:2, Licht: 0,31106,2,2,8,03,17,6,0,0,0,1,0,0,0,0
"POINT (6.761175189000028 51.398489918000053)",Unfall 31188 (2023) Kat:3, Licht: 1,31188,3,6,2,03,18,5,0,1,0,1,0,0,0,0
"POINT (6.688798528000063 51.386508735000064)",Unfall 31189 (2023) Kat:3, Licht: 0,31189,3,6,2,03,14,5,0,0,0,1,0,0,0,0
"POINT (6.698722447000023 51.424424967000050)",Unfall 31190 (2023) Kat:3, Licht: 0,31190,3,3,5,03,08,5,0,0,1,1,0,0,0,0
"POINT (6.721507857000063 51.479044248000037)",Unfall 31191 (2023) Kat:2, Licht: 0,31191,2,2,5,03,13,5,0,0,0,1,0,0,1,0
"POINT (6.714185246000056 51.363726786000029)",Unfall 31348 (2023) Kat:3, Licht: 2,31348,3,2,6,03,06,3,1,2,0,1,1,0,0,0
"POINT (6.794466303000036 51.443818439000040)",Unfall 31349 (2023) Kat:3, Licht: 0,31349,3,2,3,03,09,3,1,0,1,1,0,0,0,0
"POINT (6.659061489000067 51.401190570000040)",Unfall 31350 (2023) Kat:3, Licht: 0,31350,3,7,1,03,11,3,1,0,1,1,0,0,0,0
"POINT (6.766853617000038 51.476038134000078)",Unfall 31351 (2023) Kat:3, Licht: 0,31351,3,4,6,03,11,3,1,0,0,1,1,0,0,0
"POINT (6.762867827000036 51.498980428000039)",Unfall 31352 (2023) Kat:3, Licht: 2,31352,3,1,2,03,23,3,0,2,1,1,0,0,0,0
"POINT (6.802695752000034 51.443763360000048)",Unfall 31354 (2023) Kat:3, Licht: 2,31354,3,6,3,03,23,3,0,2,0,1,0,0,0,0
"POINT (6.773958119000042 51.458284409000044)",Unfall 31357 (2023) Kat:3, Licht: 0,31357,3,6,2,03,12,3,0,0,0,1,0,0,0,0
"POINT (6.760805694000055 51.488444859000026)",Unfall 31442 (2023) Kat:3, Licht: 0,31442,3,7,5,03,15,2,0,0,0,1,0,0,0,0
"POINT (6.752219521000029 51.410347456000068)",Unfall 31502 (2023) Kat:3, Licht: 2,31502,3,3,6,03,20,1,0,2,0,1,0,0,0,1
"POINT (6.740927611000075 51.517024445000061)",Unfall 31503 (2023) Kat:2, Licht: 2,31503,2,1,8,03,23,1,0,2,0,1,0,0,0,0
"POINT (6.743207881000046 51.510131256000079)",Unfall 31504 (2023) Kat:3, Licht: 0,31504,3,6,4,03,13,1,1,0,0,1,0,0,1,0
"POINT (6.814438523000035 51.397190191000050)",Unfall 31505 (2023) Kat:2, Licht: 2,31505,2,1,8,03,21,1,0,2,0,1,0,0,0,0
"POINT (6.686201319000077 51.449650417000043)",Unfall 31561 (2023) Kat:3, Licht: 2,31561,3,4,6,03,19,7,0,2,0,1,1,0,0,0
"POINT (6.657160822000037 51.394938689000071)",Unfall 31562 (2023) Kat:3, Licht: 0,31562,3,6,1,03,15,7,0,0,0,1,0,0,0,0
"POINT (6.770128774000057 51.470495675000052)",Unfall 31563 (2023) Kat:3, Licht: 0,31563,3,6,2,03,11,7,0,0,0,1,0,0,0,0
"POINT (6.791919123000071 51.492999699000052)",Unfall 31564 (2023) Kat:3, Licht: 2,31564,3,2,8,03,04,7,1,2,0,1,0,0,0,0
"POINT (6.779565234000074 51.484592096000029)",Unfall 31565 (2023) Kat:3, Licht: 0,31565,3,6,2,03,13,7,0,0,0,1,0,0,0,0
"POINT (6.758294708000051 51.510287256000026)",Unfall 31567 (2023) Kat:3, Licht: 0,31567,3,6,2,03,11,7,0,0,0,1,0,0,0,0
"POINT (6.779007531000047 51.484295510000038)",Unfall 31568 (2023) Kat:3, Licht: 0,31568,3,6,2,03,17,7,0,0,0,1,0,0,0,0
"POINT (6.787957854000069 51.485995154000079)",Unfall 31569 (2023) Kat:3, Licht: 2,31569,3,6,2,03,19,7,0,2,0,1,0,0,0,0
"POINT (6.783837355000060 51.447112672000060)",Unfall 31570 (2023) Kat:3, Licht: 0,31570,3,6,2,03,15,7,0,0,0,1,0,0,0,0
"POINT (6.760271563000060 51.435038930000076)",Unfall 31665 (2023) Kat:3, Licht: 0,31665,3,6,3,03,07,6,1,0,0,1,0,0,1,0
"POINT (6.737504443000034 51.516832352000051)",Unfall 31666 (2023) Kat:3, Licht: 2,31666,3,2,5,03,22,6,1,2,0,1,0,0,0,0
"POINT (6.726630686000021 51.494105415000035)",Unfall 31667 (2023) Kat:3, Licht: 0,31667,3,3,0,03,13,6,1,0,1,1,0,0,0,0
"POINT (6.760938697000029 51.432433355000057)",Unfall 31766 (2023) Kat:3, Licht: 0,31766,3,7,0,03,13,5,1,0,0,0,0,1,0,0
"POINT (6.711750151000047 51.406045091000067)",Unfall 31767 (2023) Kat:3, Licht: 0,31767,3,7,2,03,12,5,1,0,0,1,0,0,0,0
"POINT (6.677872542000046 51.437382156000069)",Unfall 31824 (2023) Kat:3, Licht: 1,31824,3,6,2,03,18,6,0,1,0,1,0,1,0,0
"POINT (6.749496355000076 51.370760556000050)",Unfall 31885 (2023) Kat:2, Licht: 0,31885,2,3,6,03,15,4,1,0,0,1,1,0,0,0
"POINT (6.763153651000039 51.419696649000059)",Unfall 31886 (2023) Kat:3, Licht: 0,31886,3,3,3,03,07,4,1,0,0,1,0,0,0,1
"POINT (6.754350533000036 51.433133033000047)",Unfall 31887 (2023) Kat:3, Licht: 0,31887,3,7,6,03,08,4,2,0,1,0,1,0,0,0
"POINT (6.730614277000029 51.411346046000062)",Unfall 31888 (2023) Kat:3, Licht: 2,31888,3,1,0,03,19,4,1,2,0,0,0,1,0,0
"POINT (6.774278549000030 51.463676964000058)",Unfall 31889 (2023) Kat:3, Licht: 0,31889,3,6,3,03,11,4,1,0,0,1,0,0,0,1
"POINT (6.775832003000062 51.371266933000072)",Unfall 31992 (2023) Kat:3, Licht: 2,31992,3,4,6,03,19,3,1,2,0,1,1,0,0,0
"POINT (6.733190219000051 51.479386080000040)",Unfall 31993 (2023) Kat:3, Licht: 1,31993,3,2,6,03,19,3,1,1,0,1,1,0,0,0
"POINT (6.776367624000045 51.492542890000038)",Unfall 31995 (2023) Kat:2, Licht: 0,31995,2,5,5,03,14,3,1,0,1,1,0,0,0,0
"POINT (6.709621551000055 51.457497069000055)",Unfall 32009 (2023) Kat:3, Licht: 0,32009,3,6,2,04,13,2,0,0,0,1,0,1,0,0
"POINT (6.790303270000038 51.417145594000033)",Unfall 32057 (2023) Kat:3, Licht: 2,32057,3,7,0,04,22,1,0,2,0,1,0,1,0,0
"POINT (6.742783340000074 51.526674482000033)",Unfall 32058 (2023) Kat:3, Licht: 0,32058,3,6,5,04,16,1,0,0,0,1,0,0,0,0
"POINT (6.770966461000057 51.497394517000032)",Unfall 32109 (2023) Kat:3, Licht: 0,32109,3,2,3,04,16,7,0,0,1,1,0,0,0,0
"POINT (6.780136214000038 51.484893474000046)",Unfall 32110 (2023) Kat:3, Licht: 0,32110,3,6,2,04,13,7,0,0,0,1,0,0,0,0
"POINT (6.794534057000021 51.483569347000071)",Unfall 32140 (2023) Kat:3, Licht: 0,32140,3,6,1,04,15,6,1,0,0,1,0,0,0,0
"POINT (6.672843472000068 51.437293932000046)",Unfall 32143 (2023) Kat:3, Licht: 2,32143,3,6,2,04,20,6,1,2,0,1,0,0,0,0
"POINT (6.790308612000047 51.416943493000076)",Unfall 32207 (2023) Kat:3, Licht: 0,32207,3,2,3,04,17,5,1,0,1,1,0,0,0,0
"POINT (6.733680422000020 51.477641966000078)",Unfall 32208 (2023) Kat:3, Licht: 2,32208,3,6,1,04,22,5,1,2,0,1,0,0,0,0
"POINT (6.735381596000025 51.541893401000038)",Unfall 32264 (2023) Kat:2, Licht: 0,32264,2,2,5,04,16,7,0,0,0,1,0,0,0,0
"POINT (6.674871362000033 51.437336685000048)",Unfall 32296 (2023) Kat:3, Licht: 0,32296,3,6,2,04,16,4,0,0,0,1,0,0,0,0
"POINT (6.802074605000030 51.399719198000071)",Unfall 32390 (2023) Kat:3, Licht: 0,32390,3,6,2,04,14,3,0,0,0,1,0,0,0,1
"POINT (6.789264739000032 51.417612149000036)",Unfall 32391 (2023) Kat:1, Licht: 0,32391,1,1,9,04,16,3,0,0,0,1,0,0,0,0
"POINT (6.737037707000070 51.456377413000041)",Unfall 32393 (2023) Kat:3, Licht: 0,32393,3,3,5,04,07,3,0,0,0,1,0,0,0,0
"POINT (6.761176380000052 51.523441395000077)",Unfall 32461 (2023) Kat:3, Licht: 2,32461,3,2,5,04,20,6,1,2,0,1,0,0,0,0
"POINT (6.753725457000030 51.498106336000035)",Unfall 32488 (2023) Kat:3, Licht: 0,32488,3,2,5,04,09,2,0,0,0,1,0,0,0,0
"POINT (6.790699966000034 51.486787960000072)",Unfall 32609 (2023) Kat:3, Licht: 0,32609,3,3,5,04,19,7,1,0,0,1,0,0,0,0
"POINT (6.687073329000043 51.437009896000063)",Unfall 32612 (2023) Kat:2, Licht: 0,32612,2,6,2,04,12,7,1,0,0,1,0,0,0,0
"POINT (6.778527858000075 51.465418411000030)",Unfall 32692 (2023) Kat:3, Licht: 2,32692,3,6,5,04,23,1,0,2,0,1,0,0,0,0
"POINT (6.766232867000042 51.523756861000038)",Unfall 32695 (2023) Kat:3, Licht: 1,32695,3,6,3,03,18,6,1,1,0,1,0,0,0,0
"POINT (6.794534057000021 51.483569347000071)",Unfall 32696 (2023) Kat:2, Licht: 0,32696,2,2,5,03,14,6,0,0,0,1,0,0,0,0
"POINT (6.756571025000028 51.471097545000077)",Unfall 32782 (2023) Kat:3, Licht: 1,32782,3,2,6,04,18,2,0,1,0,1,1,0,0,0
"POINT (6.800451016000068 51.443767475000072)",Unfall 32816 (2023) Kat:3, Licht: 0,32816,3,6,3,03,14,5,1,0,0,1,0,0,1,0
"POINT (6.770432455000048 51.423154397000076)",Unfall 32819 (2023) Kat:3, Licht: 0,32819,3,6,2,03,16,5,1,0,0,1,0,0,0,0
"POINT (6.793369561000077 51.414914397000075)",Unfall 32908 (2023) Kat:3, Licht: 1,32908,3,6,4,03,19,4,0,1,0,1,0,0,0,0
"POINT (6.716610605000028 51.385307130000058)",Unfall 32909 (2023) Kat:2, Licht: 0,32909,2,1,8,03,13,4,0,0,0,1,0,0,1,0
"POINT (6.766582442000072 51.426012532000072)",Unfall 33007 (2023) Kat:3, Licht: 0,33007,3,2,0,03,16,3,0,0,0,1,0,0,1,0
"POINT (6.732985072000076 51.519787299000029)",Unfall 33008 (2023) Kat:3, Licht: 2,33008,3,5,1,03,21,3,1,2,0,1,0,0,0,0
"POINT (6.782417588000044 51.467669733000037)",Unfall 33009 (2023) Kat:2, Licht: 0,33009,2,5,6,03,08,3,0,0,0,1,1,0,0,0
"POINT (6.784599417000038 51.432597226000041)",Unfall 33133 (2023) Kat:3, Licht: 0,33133,3,2,5,03,14,2,0,0,1,1,0,0,0,0
"POINT (6.769403122000028 51.470500882000067)",Unfall 33134 (2023) Kat:3, Licht: 0,33134,3,3,6,03,16,2,1,0,0,0,1,0,0,1
"POINT (6.769379705000063 51.486053815000048)",Unfall 33136 (2023) Kat:2, Licht: 0,33136,2,6,2,03,13,2,1,0,0,1,0,0,0,0
"POINT (6.759335788000044 51.419113844000037)",Unfall 33210 (2023) Kat:3, Licht: 2,33210,3,4,6,03,23,1,0,2,0,1,1,0,0,0
"POINT (6.774985782000044 51.493099270000073)",Unfall 33274 (2023) Kat:3, Licht: 2,33274,3,2,6,03,01,7,0,2,0,1,1,0,0,0
"POINT (6.785423994000041 51.505802451000079)",Unfall 33275 (2023) Kat:3, Licht: 0,33275,3,3,5,03,11,7,0,0,0,1,0,0,0,0
"POINT (6.812375320000058 51.443589021000037)",Unfall 33388 (2023) Kat:3, Licht: 0,33388,3,6,2,03,18,6,1,0,0,1,0,0,0,0
"POINT (6.718839919000061 51.456589660000077)",Unfall 33389 (2023) Kat:3, Licht: 0,33389,3,7,4,03,18,6,0,0,1,0,0,0,0,0
"POINT (6.742747590000022 51.530584628000042)",Unfall 33390 (2023) Kat:3, Licht: 0,33390,3,2,5,03,09,6,0,0,0,1,0,1,0,0
"POINT (6.734957723000036 51.456019550000065)",Unfall 33391 (2023) Kat:3, Licht: 2,33391,3,3,5,03,20,6,0,2,0,1,0,0,0,0
"POINT (6.769979257000045 51.370524242000045)",Unfall 33477 (2023) Kat:3, Licht: 0,33477,3,2,5,03,11,5,1,0,1,1,0,0,0,0
"POINT (6.688039800000070 51.358289710000065)",Unfall 33478 (2023) Kat:3, Licht: 0,33478,3,3,5,03,14,5,0,0,0,1,0,0,0,0
"POINT (6.753326538000067 51.415870066000082)",Unfall 33479 (2023) Kat:3, Licht: 1,33479,3,3,5,03,18,5,0,1,0,1,0,1,0,0
"POINT (6.716686047000053 51.456743269000071)",Unfall 33480 (2023) Kat:3, Licht: 0,33480,3,6,2,03,12,5,1,0,0,1,0,0,0,0
"POINT (6.768053825000038 51.465305004000072)",Unfall 33482 (2023) Kat:2, Licht: 0,33482,2,6,3,03,15,5,0,0,0,1,0,0,0,0
"POINT (6.766303898000047 51.406668817000082)",Unfall 33567 (2023) Kat:3, Licht: 0,33567,3,3,5,03,12,4,0,0,1,1,0,0,0,0
"POINT (6.759069226000065 51.390386107000040)",Unfall 33673 (2023) Kat:3, Licht: 0,33673,3,6,2,03,09,3,1,0,0,1,0,0,0,0
"POINT (6.812721451000073 51.487603511000032)",Unfall 33675 (2023) Kat:3, Licht: 0,33675,3,6,3,03,14,3,0,0,0,1,0,0,1,0
"POINT (6.678871433000040 51.481083372000057)",Unfall 33677 (2023) Kat:3, Licht: 0,33677,3,6,3,03,16,3,0,0,0,1,0,0,0,0
"POINT (6.782682112000032 51.447317187000067)",Unfall 33678 (2023) Kat:3, Licht: 1,33678,3,6,2,03,19,3,1,1,0,1,0,0,1,0