WKT,Name,OBJECTID,UKATEGORIE,UTYP1,UART,UMONAT,USTUNDE,UWOCHENTAG,STRZUSTAND,ULICHTVERH,ISTRAD,ISTPKW,ISTFUSS,ISTKRAD,ISTGKFZ,ISTSONSTIG
"POINT (6.770254353000041 51.484451040000067)",Unfall 33688 (2023) Kat:3, Licht: 0,33688,3,6,2,03,13,2,1,0,0,1,0,0,0,0
"POINT (6.750654447000045 51.459817964000081)",Unfall 33714 (2023) Kat:3, Licht: 0,33714,3,3,5,05,15,5,0,0,0,1,0,1,0,0
"POINT (6.777196646000050 51.469864207000057)",Unfall 33715 (2023) Kat:3, Licht: 0,33715,3,3,5,05,18,5,0,0,0,1,0,0,0,0
"POINT (6.767855963000045 51.466037059000030)",Unfall 33719 (2023) Kat:3, Licht: 0,33719,3,6,2,05,17,5,0,0,0,1,0,0,0,1
"POINT (6.706786215000022 51.362226530000044)",Unfall 33833 (2023) Kat:3, Licht: 0,33833,3,6,2,05,08,4,0,0,0,0,0,0,1,1
"POINT (6.776076761000070 51.371288449000076)",Unfall 33835 (2023) Kat:3, Licht: 0,33835,3,3,5,05,17,4,0,0,1,1,0,0,0,0
"POINT (6.741363902000046 51.517893797000056)",Unfall 33836 (2023) Kat:3, Licht: 0,33836,3,6,3,05,17,4,0,0,0,1,0,0,0,0
"POINT (6.776981541000055 51.492177549000075)",Unfall 33837 (2023) Kat:2, Licht: 0,33837,2,1,8,05,14,4,0,0,0,0,0,1,0,0
"POINT (6.706665579000060 51.446280325000032)",Unfall 33914 (2023) Kat:3, Licht: 0,33914,3,7,5,05,18,3,0,0,1,1,0,0,0,0
"POINT (6.743926541000064 51.511777174000031)",Unfall 33915 (2023) Kat:3, Licht: 0,33915,3,7,1,05,18,3,0,0,0,1,0,0,0,0
"POINT (6.779654050000033 51.356193064000081)",Unfall 34145 (2023) Kat:3, Licht: 0,34145,3,3,1,04,11,7,0,0,0,1,0,0,0,0
"POINT (6.765008649000038 51.426096346000065)",Unfall 34146 (2023) Kat:2, Licht: 2,34146,2,1,0,04,03,7,1,2,0,0,0,0,0,1
"POINT (6.740253101000064 51.455173412000079)",Unfall 34147 (2023) Kat:3, Licht: 0,34147,3,6,1,04,09,7,0,0,0,1,0,0,0,0
"POINT (6.808665661000020 51.434569814000042)",Unfall 34150 (2023) Kat:3, Licht: 1,34150,3,1,0,04,20,7,0,1,0,1,0,0,0,0
"POINT (6.762989734000030 51.527782391000073)",Unfall 34179 (2023) Kat:3, Licht: 0,34179,3,7,1,05,15,3,0,0,0,1,0,0,0,0
"POINT (6.820782492000035 51.499709925000047)",Unfall 34223 (2023) Kat:3, Licht: 0,34223,3,6,2,04,12,7,0,0,0,1,0,0,0,0
"POINT (6.783632193000074 51.388096363000045)",Unfall 34228 (2023) Kat:3, Licht: 2,34228,3,2,4,04,22,6,0,2,0,1,0,0,0,0
"POINT (6.661927589000072 51.485988905000056)",Unfall 34331 (2023) Kat:1, Licht: 0,34331,1,6,3,04,13,5,0,0,0,1,0,0,1,0
"POINT (6.775972147000061 51.440221051000037)",Unfall 34334 (2023) Kat:3, Licht: 0,34334,3,6,2,04,15,5,0,0,0,1,0,0,0,0
"POINT (6.754145044000040 51.419009647000053)",Unfall 34413 (2023) Kat:3, Licht: 0,34413,3,4,6,04,15,4,0,0,0,0,1,0,0,1
"POINT (6.769952611000065 51.499709276000033)",Unfall 34499 (2023) Kat:3, Licht: 0,34499,3,1,6,04,10,3,0,0,0,1,1,0,0,0
"POINT (6.786752876000037 51.486342184000080)",Unfall 34503 (2023) Kat:2, Licht: 0,34503,2,7,2,04,11,3,0,0,0,1,0,0,1,0
"POINT (6.771209378000037 51.413559730000031)",Unfall 34506 (2023) Kat:2, Licht: 0,34506,2,6,2,04,12,3,0,0,0,1,0,0,0,0
"POINT (6.762351356000067 51.434278491000043)",Unfall 34594 (2023) Kat:3, Licht: 2,34594,3,6,0,04,21,6,0,2,0,1,0,1,0,0
"POINT (6.791114384000025 51.448167615000045)",Unfall 34599 (2023) Kat:3, Licht: 0,34599,3,6,2,04,10,2,1,0,0,1,0,0,0,0
"POINT (6.770642578000036 51.470513525000058)",Unfall 34676 (2023) Kat:3, Licht: 0,34676,3,5,5,04,18,1,1,0,0,1,0,0,0,0
"POINT (6.729070615000069 51.479305729000032)",Unfall 34678 (2023) Kat:2, Licht: 0,34678,2,3,5,04,14,1,0,0,0,1,0,0,0,0
"POINT (6.751936732000047 51.370435322000048)",Unfall 34767 (2023) Kat:3, Licht: 0,34767,3,3,5,04,15,7,1,0,0,1,0,0,0,0
"POINT (6.742541391000032 51.521461898000041)",Unfall 34845 (2023) Kat:2, Licht: 0,34845,2,6,8,04,14,1,0,0,1,0,0,0,0,0
"POINT (6.742880280000065 51.523169038000049)",Unfall 34871 (2023) Kat:3, Licht: 2,34871,3,5,1,04,21,6,0,2,1,1,0,0,0,0
"POINT (6.768053238000050 51.437778433000062)",Unfall 34872 (2023) Kat:3, Licht: 0,34872,3,1,0,04,19,1,1,0,0,0,0,1,0,0
"POINT (6.794698712000070 51.481944920000046)",Unfall 34873 (2023) Kat:3, Licht: 0,34873,3,2,5,04,14,6,0,0,0,1,0,0,0,0
"POINT (6.766199022000023 51.468836985000053)",Unfall 34875 (2023) Kat:3, Licht: 2,34875,3,1,8,04,20,6,0,2,0,1,0,0,0,0
"POINT (6.757640191000064 51.527731003000042)",Unfall 34876 (2023) Kat:3, Licht: 0,34876,3,6,2,04,14,6,0,0,0,1,0,0,0,0
"POINT (6.752799044000028 51.418758761000049)",Unfall 34995 (2023) Kat:3, Licht: 0,34995,3,1,0,04,17,5,0,0,0,0,0,0,0,1
"POINT (6.768953750000037 51.528022949000047)",Unfall 34996 (2023) Kat:3, Licht: 0,34996,3,7,3,04,13,5,0,0,1,0,0,0,1,0
"POINT (6.759022621000042 51.382525416000078)",Unfall 35114 (2023) Kat:3, Licht: 0,35114,3,3,5,04,13,4,0,0,1,1,0,0,0,0
"POINT (6.762532944000043 51.401329994000037)",Unfall 35115 (2023) Kat:3, Licht: 0,35115,3,7,3,04,16,4,0,0,0,1,0,0,0,1
"POINT (6.657759634000058 51.396897207000052)",Unfall 35116 (2023) Kat:3, Licht: 0,35116,3,6,1,04,14,4,0,0,0,1,0,0,0,1
"POINT (6.771792382000058 51.494799537000063)",Unfall 35118 (2023) Kat:3, Licht: 0,35118,3,2,5,04,14,4,0,0,1,1,0,0,0,0
"POINT (6.800564049000059 51.455097948000059)",Unfall 35123 (2023) Kat:3, Licht: 0,35123,3,6,3,04,18,4,0,0,0,1,0,0,1,0
"POINT (6.785428962000026 51.486373482000033)",Unfall 35124 (2023) Kat:3, Licht: 0,35124,3,3,5,04,14,4,0,0,0,1,0,0,1,0
"POINT (6.759100346000025 51.428235985000072)",Unfall 35255 (2023) Kat:3, Licht: 0,35255,3,1,0,04,14,3,0,0,0,0,0,1,0,0
"POINT (6.748815125000021 51.498429089000069)",Unfall 35256 (2023) Kat:3, Licht: 0,35256,3,3,5,04,14,3,0,0,0,1,0,0,1,0
"POINT (6.782004110000059 51.422418783000069)",Unfall 35336 (2023) Kat:3, Licht: 0,35336,3,6,3,04,07,6,0,0,1,1,0,0,0,0
"POINT (6.760668408000072 51.467098667000073)",Unfall 35384 (2023) Kat:2, Licht: 0,35384,2,3,5,04,07,2,0,0,0,1,0,0,0,0
"POINT (6.814367206000043 51.487513387000035)",Unfall 35387 (2023) Kat:1, Licht: 0,35387,1,6,2,04,07,2,1,0,0,0,0,0,1,0
"POINT (6.770906040000057 51.418051314000081)",Unfall 35437 (2023) Kat:3, Licht: 0,35437,3,6,2,05,16,5,0,0,0,1,0,0,0,0
"POINT (6.790308612000047 51.416943493000076)",Unfall 35448 (2023) Kat:3, Licht: 0,35448,3,2,3,04,16,1,0,0,1,1,0,0,0,0
"POINT (6.761957558000063 51.442027355000050)",Unfall 35450 (2023) Kat:3, Licht: 0,35450,3,3,3,04,15,1,0,0,0,1,0,1,0,0
"POINT (6.767137194000043 51.467646884000033)",Unfall 35481 (2023) Kat:3, Licht: 1,35481,3,1,8,04,21,1,0,1,0,1,0,0,0,0
"POINT (6.741192370000022 51.517541350000045)",Unfall 35513 (2023) Kat:2, Licht: 0,35513,2,3,5,04,14,7,0,0,1,1,0,0,0,0
"POINT (6.734957723000036 51.456019550000065)",Unfall 35616 (2023) Kat:3, Licht: 0,35616,3,3,5,04,06,6,0,0,0,1,0,0,0,1
"POINT (6.719172163000053 51.438034264000066)",Unfall 35641 (2023) Kat:3, Licht: 0,35641,3,6,2,05,14,3,0,0,0,1,0,0,0,0
"POINT (6.743938295000021 51.446380293000061)",Unfall 35673 (2023) Kat:3, Licht: 0,35673,3,6,1,04,17,4,0,0,0,1,0,0,0,0
"POINT (6.742320575000065 51.370063826000035)",Unfall 35710 (2023) Kat:3, Licht: 1,35710,3,2,5,04,20,5,0,1,0,1,0,0,0,1
"POINT (6.711056010000050 51.457312202000026)",Unfall 35711 (2023) Kat:3, Licht: 0,35711,3,1,2,04,14,5,0,0,0,1,0,0,0,0
"POINT (6.756749305000028 51.430845411000064)",Unfall 35712 (2023) Kat:3, Licht: 0,35712,3,6,3,04,09,5,1,0,0,1,0,0,0,1
"POINT (6.769832397000073 51.479318276000072)",Unfall 35715 (2023) Kat:3, Licht: 0,35715,3,6,2,04,13,3,0,0,0,1,0,0,0,0
"POINT (6.668459059000043 51.387395431000073)",Unfall 35737 (2023) Kat:3, Licht: 0,35737,3,6,3,04,16,6,0,0,0,1,0,0,0,0
"POINT (6.766532121000068 51.490899457000069)",Unfall 35809 (2023) Kat:3, Licht: 0,35809,3,3,2,04,19,4,0,0,0,1,0,0,0,0
"POINT (6.712341642000069 51.436931712000046)",Unfall 35815 (2023) Kat:3, Licht: 0,35815,3,6,2,04,16,4,1,0,0,1,0,0,0,0
"POINT (6.712385995000034 51.436938880000071)",Unfall 35827 (2023) Kat:3, Licht: 0,35827,3,6,1,04,09,5,0,0,0,1,0,0,0,1
"POINT (6.739348743000050 51.455759512000043)",Unfall 35858 (2023) Kat:3, Licht: 0,35858,3,6,0,04,16,4,0,0,0,0,0,0,0,1
"POINT (6.657604203000062 51.396402151000075)",Unfall 36034 (2023) Kat:3, Licht: 0,36034,3,6,2,05,13,2,0,0,0,1,0,0,0,0
"POINT (6.761037003000069 51.376661830000046)",Unfall 36129 (2023) Kat:3, Licht: 0,36129,3,5,0,05,14,1,0,0,1,1,0,0,0,1
"POINT (6.742877160000035 51.528807717000063)",Unfall 36130 (2023) Kat:3, Licht: 0,36130,3,2,4,05,15,1,0,0,0,1,0,1,0,0
"POINT (6.788723895000032 51.505042341000035)",Unfall 36131 (2023) Kat:3, Licht: 0,36131,3,7,2,05,13,1,0,0,0,1,0,0,0,0
"POINT (6.800565397000071 51.443355357000030)",Unfall 36132 (2023) Kat:2, Licht: 1,36132,2,1,8,05,05,1,0,1,0,1,0,0,0,1
"POINT (6.741695311000058 51.527345727000068)",Unfall 36334 (2023) Kat:3, Licht: 0,36334,3,3,5,05,19,6,1,0,1,1,0,0,0,0
"POINT (6.738827410000056 51.537850379000076)",Unfall 36335 (2023) Kat:3, Licht: 1,36335,3,2,5,05,21,6,0,1,0,1,0,0,0,0
"POINT (6.784014583000044 51.467208085000038)",Unfall 36336 (2023) Kat:3, Licht: 0,36336,3,6,0,05,16,6,0,0,0,0,1,0,0,1
"POINT (6.767241139000021 51.363131076000059)",Unfall 36339 (2023) Kat:2, Licht: 0,36339,2,6,9,05,09,6,0,0,0,1,0,0,0,0
"POINT (6.768888736000065 51.532969655000045)",Unfall 36559 (2023) Kat:3, Licht: 0,36559,3,2,2,05,16,4,0,0,0,1,0,0,0,0
"POINT (6.736695951000058 51.369370359000072)",Unfall 36664 (2023) Kat:3, Licht: 0,36664,3,6,2,05,14,3,0,0,0,1,0,0,0,0
"POINT (6.733984883000062 51.471671572000048)",Unfall 36665 (2023) Kat:3, Licht: 2,36665,3,1,0,05,21,3,1,2,0,0,0,0,0,1
"POINT (6.756811828000025 51.430704644000059)",Unfall 36774 (2023) Kat:3, Licht: 0,36774,3,6,2,05,19,2,0,0,0,1,0,0,0,0
"POINT (6.764532520000046 51.472375249000038)",Unfall 36775 (2023) Kat:2, Licht: 0,36775,2,3,5,05,07,2,0,0,0,1,0,0,0,0
"POINT (6.752137929000071 51.488377471000035)",Unfall 36776 (2023) Kat:3, Licht: 0,36776,3,1,2,05,14,2,0,0,0,1,0,0,0,0
"POINT (6.816332072000023 51.467186397000035)",Unfall 36777 (2023) Kat:2, Licht: 0,36777,2,6,2,05,19,2,0,0,0,0,0,0,1,1
"POINT (6.767669773000023 51.476415321000047)",Unfall 36888 (2023) Kat:3, Licht: 0,36888,3,6,2,05,12,6,0,0,0,1,0,0,1,0
"POINT (6.783939486000065 51.508770329000072)",Unfall 36936 (2023) Kat:3, Licht: 0,36936,3,3,5,05,12,2,0,0,1,1,0,0,0,0
"POINT (6.750904765000030 51.397220995000055)",Unfall 36959 (2023) Kat:2, Licht: 1,36959,2,1,8,05,05,7,0,1,0,1,0,0,0,0
"POINT (6.710635529000058 51.414784953000037)",Unfall 36960 (2023) Kat:3, Licht: 0,36960,3,2,3,05,14,7,0,0,0,1,0,1,0,0
"POINT (6.770284411000034 51.461911055000030)",Unfall 36964 (2023) Kat:3, Licht: 0,36964,3,6,2,05,15,7,0,0,0,1,0,0,0,1
"POINT (6.754308065000032 51.420785070000079)",Unfall 37090 (2023) Kat:3, Licht: 0,37090,3,7,0,05,20,6,1,0,0,0,0,1,0,0
"POINT (6.790141908000066 51.425958817000037)",Unfall 37091 (2023) Kat:1, Licht: 0,37091,1,2,6,05,07,6,0,0,0,0,1,0,1,0
"POINT (6.750633305000065 51.441687972000068)",Unfall 37092 (2023) Kat:3, Licht: 0,37092,3,5,8,05,07,6,0,0,0,1,0,0,0,0
"POINT (6.658011764000037 51.397740404000047)",Unfall 37093 (2023) Kat:3, Licht: 0,37093,3,2,5,05,08,6,0,0,1,1,0,0,0,0
"POINT (6.741363902000046 51.517893797000056)",Unfall 37094 (2023) Kat:2, Licht: 0,37094,2,7,0,05,05,6,0,0,0,1,0,0,0,0
"POINT (6.712142181000047 51.408705998000073)",Unfall 37121 (2023) Kat:3, Licht: 0,37121,3,6,2,05,15,2,0,0,0,1,0,0,0,0
"POINT (6.718839919000061 51.456589660000077)",Unfall 37265 (2023) Kat:3, Licht: 0,37265,3,2,5,05,15,2,0,0,1,1,0,0,0,0
"POINT (6.732303399000045 51.544469523000032)",Unfall 37266 (2023) Kat:3, Licht: 0,37266,3,3,5,05,19,2,0,0,0,1,0,0,0,0
"POINT (6.784190209000030 51.420967962000077)",Unfall 37350 (2023) Kat:3, Licht: 0,37350,3,1,2,05,12,1,0,0,0,1,0,0,0,0
"POINT (6.729352366000057 51.456106714000043)",Unfall 37351 (2023) Kat:3, Licht: 0,37351,3,3,0,05,12,1,0,0,0,1,0,1,0,0
"POINT (6.818334340000035 51.494661104000045)",Unfall 37353 (2023) Kat:3, Licht: 0,37353,3,6,2,05,13,1,0,0,0,1,0,0,0,0
"POINT (6.688798528000063 51.386508735000064)",Unfall 37457 (2023) Kat:3, Licht: 0,37457,3,6,2,05,19,7,0,0,0,1,0,1,0,0
"POINT (6.814949420000062 51.441723288000048)",Unfall 37459 (2023) Kat:3, Licht: 2,37459,3,1,9,05,22,7,0,2,0,1,0,0,0,0
"POINT (6.768248350000022 51.477137852000055)",Unfall 37461 (2023) Kat:2, Licht: 0,37461,2,6,2,05,15,7,0,0,0,1,0,1,0,0
"POINT (6.751866219000021 51.370094446000053)",Unfall 37586 (2023) Kat:3, Licht: 0,37586,3,7,1,05,11,6,0,0,0,1,0,0,0,0
"POINT (6.772084064000069 51.427268874000049)",Unfall 37587 (2023) Kat:3, Licht: 0,37587,3,6,2,05,18,6,0,0,0,1,0,0,0,0
"POINT (6.731152753000060 51.520467202000077)",Unfall 37588 (2023) Kat:3, Licht: 0,37588,3,2,0,05,13,6,0,0,1,0,0,0,1,0
"POINT (6.748982769000065 51.362438625000038)",Unfall 37698 (2023) Kat:3, Licht: 0,37698,3,7,0,05,10,5,0,0,0,1,0,0,0,0
"POINT (6.794623108000053 51.430500946000052)",Unfall 37699 (2023) Kat:3, Licht: 0,37699,3,4,6,05,15,5,0,0,0,0,1,0,1,0
"POINT (6.685146114000077 51.408845434000057)",Unfall 37700 (2023) Kat:3, Licht: 0,37700,3,2,5,05,14,5,0,0,1,1,0,0,0,0
"POINT (6.751028311000027 51.400287082000034)",Unfall 37790 (2023) Kat:3, Licht: 0,37790,3,3,0,05,17,4,0,0,0,1,1,0,0,0
"POINT (6.775980546000028 51.440236983000034)",Unfall 37885 (2023) Kat:3, Licht: 0,37885,3,6,5,05,14,6,0,0,0,1,0,0,1,0
"POINT (6.775687005000066 51.433124891000034)",Unfall 37972 (2023) Kat:3, Licht: 0,37972,3,2,4,05,13,2,0,0,0,1,0,0,0,0
"POINT (6.773504929000069 51.430966091000073)",Unfall 37973 (2023) Kat:2, Licht: 0,37973,2,6,3,05,14,2,0,0,0,1,0,1,0,0
"POINT (6.707504016000030 51.414762193000058)",Unfall 38069 (2023) Kat:3, Licht: 0,38069,3,1,8,05,05,1,0,0,0,1,0,0,0,0
"POINT (6.768014811000057 51.466207411000028)",Unfall 38071 (2023) Kat:3, Licht: 2,38071,3,6,8,05,01,1,0,2,0,1,0,0,0,0
"POINT (6.778580203000047 51.445379768000066)",Unfall 38073 (2023) Kat:3, Licht: 1,38073,3,1,8,05,04,1,0,1,0,1,0,0,0,0
"POINT (6.794812175000061 51.479282679000050)",Unfall 38150 (2023) Kat:2, Licht: 0,38150,2,3,2,05,18,7,0,0,0,0,0,1,0,1
"POINT (6.712151472000073 51.410814145000074)",Unfall 38261 (2023) Kat:3, Licht: 0,38261,3,6,0,05,13,6,0,0,0,0,0,0,0,1
"POINT (6.807361962000073 51.459561028000053)",Unfall 38262 (2023) Kat:3, Licht: 0,38262,3,6,2,05,17,6,0,0,0,1,0,0,0,0
"POINT (6.759647958000073 51.522754815000042)",Unfall 38263 (2023) Kat:3, Licht: 0,38263,3,1,9,05,18,6,0,0,0,1,0,0,0,0
"POINT (6.765260149000028 51.490176388000066)",Unfall 38382 (2023) Kat:2, Licht: 0,38382,2,7,8,05,10,5,0,0,0,1,0,0,0,0
"POINT (6.772367286000076 51.510736264000059)",Unfall 38383 (2023) Kat:3, Licht: 0,38383,3,5,1,05,14,5,0,0,1,1,0,0,0,0
"POINT (6.781061394000062 51.432312570000079)",Unfall 38524 (2023) Kat:2, Licht: 0,38524,2,6,2,05,18,4,0,0,0,1,0,1,0,0
"POINT (6.755829246000076 51.437892214000044)",Unfall 38526 (2023) Kat:2, Licht: 0,38526,2,4,6,05,16,4,0,0,1,0,1,0,0,0
"POINT (6.698035227000048 51.415658132000033)",Unfall 38527 (2023) Kat:3, Licht: 0,38527,3,1,1,05,17,4,0,0,0,1,0,0,0,0
"POINT (6.764139957000054 51.505846157000065)",Unfall 38528 (2023) Kat:3, Licht: 0,38528,3,4,6,05,16,4,0,0,1,0,1,0,0,0
"POINT (6.748788922000074 51.498445044000050)",Unfall 38529 (2023) Kat:3, Licht: 0,38529,3,2,5,05,17,4,0,0,0,1,0,0,0,0
"POINT (6.736431972000048 51.541271168000037)",Unfall 38530 (2023) Kat:3, Licht: 0,38530,3,1,1,05,15,4,0,0,0,1,0,0,0,0
"POINT (6.732374561000029 51.369009000000062)",Unfall 38682 (2023) Kat:3, Licht: 0,38682,3,2,5,05,12,3,0,0,1,1,0,0,0,0
"POINT (6.797174222000024 51.398691695000082)",Unfall 38683 (2023) Kat:3, Licht: 0,38683,3,6,4,05,17,3,0,0,1,0,0,0,0,0
"POINT (6.699074762000066 51.423611225000059)",Unfall 38712 (2023) Kat:3, Licht: 0,38712,3,6,2,05,14,6,0,0,0,1,0,0,0,0
"POINT (6.776036839000028 51.371252975000061)",Unfall 38782 (2023) Kat:3, Licht: 0,38782,3,3,5,06,20,5,0,0,0,1,0,0,0,0
"POINT (6.756431213000042 51.431340877000082)",Unfall 38783 (2023) Kat:3, Licht: 0,38783,3,6,3,06,19,5,0,0,0,1,0,0,0,0
"POINT (6.722699635000026 51.406848102000026)",Unfall 38784 (2023) Kat:3, Licht: 0,38784,3,1,2,06,06,5,0,0,0,1,0,0,0,0
"POINT (6.771944217000055 51.495580823000068)",Unfall 38785 (2023) Kat:3, Licht: 0,38785,3,2,5,06,15,5,0,0,0,1,0,0,0,1
"POINT (6.815604539000049 51.487376649000055)",Unfall 38789 (2023) Kat:3, Licht: 0,38789,3,6,5,06,20,5,0,0,0,1,0,0,1,0
"POINT (6.789715363000028 51.433043331000079)",Unfall 38905 (2023) Kat:3, Licht: 0,38905,3,1,0,06,07,4,0,0,1,0,0,0,0,0
"POINT (6.755526906000057 51.438143701000058)",Unfall 38906 (2023) Kat:3, Licht: 0,38906,3,3,5,06,10,4,0,0,1,1,0,0,0,0
"POINT (6.754070213000034 51.433355056000039)",Unfall 38907 (2023) Kat:2, Licht: 0,38907,2,1,0,06,17,4,0,0,0,0,0,1,0,0
"POINT (6.732064786000024 51.544662970000047)",Unfall 38908 (2023) Kat:3, Licht: 0,38908,3,3,5,06,10,4,0,0,1,1,0,0,0,0
"POINT (6.774183640000047 51.493652781000037)",Unfall 38909 (2023) Kat:2, Licht: 0,38909,2,7,9,06,06,4,0,0,0,1,0,0,0,1
"POINT (6.798517002000040 51.495155109000052)",Unfall 38910 (2023) Kat:3, Licht: 0,38910,3,5,0,06,18,4,0,0,1,0,0,0,0,1
"POINT (6.740458670000066 51.369836520000035)",Unfall 39035 (2023) Kat:3, Licht: 0,39035,3,2,4,06,10,3,0,0,1,1,0,0,0,0
"POINT (6.759072360000062 51.388644920000047)",Unfall 39036 (2023) Kat:3, Licht: 0,39036,3,2,5,06,08,3,0,0,1,1,0,0,0,0
"POINT (6.778415299000073 51.446079847000078)",Unfall 39037 (2023) Kat:3, Licht: 0,39037,3,6,2,06,14,3,0,0,0,1,0,0,0,0
"POINT (6.781360496000048 51.418542469000045)",Unfall 39168 (2023) Kat:3, Licht: 0,39168,3,3,1,06,16,2,0,0,1,1,0,0,0,0
"POINT (6.757013975000064 51.436926955000047)",Unfall 39169 (2023) Kat:3, Licht: 0,39169,3,3,5,06,11,2,0,0,1,1,0,0,0,0
"POINT (6.772295911000072 51.437711644000046)",Unfall 39170 (2023) Kat:3, Licht: 0,39170,3,3,5,06,12,2,0,0,1,1,0,0,0,0
"POINT (6.740569399000037 51.354993890000060)",Unfall 39253 (2023) Kat:3, Licht: 2,39253,3,3,5,06,02,1,0,2,0,1,0,0,0,0
"POINT (6.760654905000024 51.374461074000067)",Unfall 39344 (2023) Kat:3, Licht: 0,39344,3,3,5,06,18,7,0,0,1,1,0,0,0,0
"POINT (6.812222363000046 51.399724524000078)",Unfall 39345 (2023) Kat:2, Licht: 2,39345,2,1,9,06,04,7,0,2,0,1,0,0,0,0
"POINT (6.747099982000066 51.419782192000071)",Unfall 39346 (2023) Kat:3, Licht: 0,39346,3,6,2,06,12,7,0,0,0,1,0,0,0,0
"POINT (6.792570020000028 51.471585201000039)",Unfall 39347 (2023) Kat:3, Licht: 0,39347,3,6,5,06,18,7,0,0,0,1,0,0,0,1
"POINT (6.754047223000043 51.418606910000051)",Unfall 39459 (2023) Kat:3, Licht: 0,39459,3,2,3,06,11,6,0,0,1,1,0,0,0,0
"POINT (6.735804032000033 51.518319862000055)",Unfall 39460 (2023) Kat:3, Licht: 2,39460,3,7,0,06,00,6,0,2,0,1,0,0,0,0
"POINT (6.731268560000046 51.466527612000050)",Unfall 39461 (2023) Kat:3, Licht: 0,39461,3,2,6,06,19,6,0,0,0,1,1,0,0,0
"POINT (6.777359967000052 51.442710161000036)",Unfall 39463 (2023) Kat:3, Licht: 0,39463,3,6,2,06,10,6,0,0,0,1,0,0,0,0
"POINT (6.765942599000027 51.485201332000031)",Unfall 39586 (2023) Kat:3, Licht: 0,39586,3,3,5,06,15,5,0,0,0,1,0,0,1,0
"POINT (6.760521081000036 51.376502448000053)",Unfall 39679 (2023) Kat:3, Licht: 0,39679,3,6,0,06,15,4,0,0,0,1,0,0,0,0
"POINT (6.786892112000032 51.466199003000042)",Unfall 39719 (2023) Kat:3, Licht: 0,39719,3,2,5,06,15,6,0,0,1,0,0,0,0,0
"POINT (6.697849610000048 51.413288088000058)",Unfall 39806 (2023) Kat:3, Licht: 0,39806,3,3,6,06,12,3,0,0,0,1,1,0,0,0
"POINT (6.732059537000055 51.544667188000062)",Unfall 39807 (2023) Kat:3, Licht: 0,39807,3,6,4,06,14,3,0,0,0,1,0,0,0,0
"POINT (6.763612345000070 51.488879100000077)",Unfall 39808 (2023) Kat:3, Licht: 0,39808,3,4,6,06,11,3,0,0,0,1,1,0,0,0
"POINT (6.746464772000024 51.442850528000065)",Unfall 39947 (2023) Kat:3, Licht: 0,39947,3,3,0,06,16,2,0,0,0,1,0,0,0,0
"POINT (6.680732102000036 51.449713255000063)",Unfall 39948 (2023) Kat:3, Licht: 0,39948,3,3,5,06,19,2,0,0,1,1,0,0,0,0
"POINT (6.761246517000075 51.431747332000043)",Unfall 39950 (2023) Kat:3, Licht: 0,39950,3,3,5,06,17,2,0,0,1,1,0,0,0,0
"POINT (6.795028528000046 51.447296261000076)",Unfall 39951 (2023) Kat:3, Licht: 0,39951,3,6,2,06,10,2,0,0,0,1,0,0,0,0
"POINT (6.817369094000071 51.492891780000036)",Unfall 39953 (2023) Kat:3, Licht: 0,39953,3,6,2,06,16,2,0,0,0,1,0,0,0,0
"POINT (6.698906486000055 51.480075653000029)",Unfall 39955 (2023) Kat:3, Licht: 0,39955,3,7,8,06,20,2,0,0,0,1,0,0,0,0
"POINT (6.780917944000066 51.401906324000038)",Unfall 40040 (2023) Kat:3, Licht: 0,40040,3,6,1,06,15,5,0,0,0,1,0,1,0,0
"POINT (6.672050077000051 51.355766227000061)",Unfall 40076 (2023) Kat:3, Licht: 0,40076,3,1,0,06,17,1,0,0,1,0,0,0,0,0
"POINT (6.775687005000066 51.433124891000034)",Unfall 40077 (2023) Kat:3, Licht: 0,40077,3,2,5,06,13,1,0,0,1,1,0,0,0,0
"POINT (6.731065056000034 51.535577310000065)",Unfall 40078 (2023) Kat:3, Licht: 0,40078,3,5,1,06,18,1,0,0,1,1,0,0,0,0
"POINT (6.771936405000076 51.470636857000045)",Unfall 40079 (2023) Kat:3, Licht: 0,40079,3,3,5,06,15,1,0,0,0,1,0,1,0,0
"POINT (6.785284305000062 51.486368703000039)",Unfall 40081 (2023) Kat:3, Licht: 0,40081,3,6,2,06,15,1,0,0,0,1,0,0,0,0
"POINT (6.733190219000051 51.479386080000040)",Unfall 40094 (2023) Kat:3, Licht: 0,40094,3,4,6,06,15,2,0,0,0,1,1,0,0,0
"POINT (6.794413200000065 51.430206115000033)",Unfall 40205 (2023) Kat:3, Licht: 0,40205,3,6,2,06,17,3,0,0,0,1,0,0,0,0
"POINT (6.766563440000027 51.484565526000040)",Unfall 40219 (2023) Kat:3, Licht: 0,40219,3,2,5,06,10,7,0,0,0,1,0,0,0,0
"POINT (6.739256123000075 51.487745812000071)",Unfall 40220 (2023) Kat:3, Licht: 0,40220,3,3,5,06,09,7,0,0,1,1,0,0,0,0
"POINT (6.812275796000051 51.399740227000052)",Unfall 40375 (2023) Kat:2, Licht: 2,40375,2,6,4,06,22,6,0,2,0,1,0,0,0,0
"POINT (6.762544920000039 51.401353878000066)",Unfall 40376 (2023) Kat:3, Licht: 0,40376,3,2,0,06,13,6,0,0,1,1,0,0,0,0
"POINT (6.713831073000051 51.548682192000058)",Unfall 40378 (2023) Kat:3, Licht: 0,40378,3,6,2,06,15,6,0,0,0,1,0,0,0,0