WKT,Name,OBJECTID,UKATEGORIE,UTYP1,UART,UMONAT,USTUNDE,UWOCHENTAG,STRZUSTAND,ULICHTVERH,ISTRAD,ISTPKW,ISTFUSS,ISTKRAD,ISTGKFZ,ISTSONSTIG
"POINT (6.767201819000036 51.467561620000026)",Unfall 40379 (2023) Kat:3, Licht: 0,40379,3,6,2,06,13,6,0,0,0,1,0,0,0,0
"POINT (6.767880007000031 51.419428653000068)",Unfall 40523 (2023) Kat:3, Licht: 0,40523,3,6,5,06,13,5,0,0,0,1,0,1,0,0
"POINT (6.722023093000075 51.469475628000055)",Unfall 40525 (2023) Kat:3, Licht: 0,40525,3,3,5,06,14,5,0,0,0,1,0,1,0,1
"POINT (6.733960229000047 51.369147217000034)",Unfall 40701 (2023) Kat:2, Licht: 0,40701,2,3,0,06,21,4,0,0,1,1,0,0,0,0
"POINT (6.778790229000037 51.432068608000066)",Unfall 40703 (2023) Kat:2, Licht: 0,40703,2,3,5,05,09,4,0,0,0,1,0,0,0,0
"POINT (6.777707257000031 51.447715146000064)",Unfall 40704 (2023) Kat:2, Licht: 0,40704,2,6,0,05,15,4,0,0,0,1,0,1,0,0
"POINT (6.774688189000074 51.492851072000065)",Unfall 40706 (2023) Kat:3, Licht: 0,40706,3,6,2,05,15,4,0,0,0,1,0,0,0,0
"POINT (6.778876075000028 51.484431778000044)",Unfall 40728 (2023) Kat:3, Licht: 0,40728,3,6,2,06,14,3,0,0,0,1,0,0,1,0
"POINT (6.748309371000062 51.361812271000076)",Unfall 40866 (2023) Kat:3, Licht: 0,40866,3,4,6,05,13,3,0,0,0,1,1,0,0,0
"POINT (6.763442020000070 51.372148863000064)",Unfall 40867 (2023) Kat:2, Licht: 1,40867,2,7,0,05,21,3,0,1,0,1,0,1,0,0
"POINT (6.726003994000052 51.534769315000062)",Unfall 40868 (2023) Kat:3, Licht: 0,40868,3,6,0,05,10,3,0,0,1,1,0,0,0,0
"POINT (6.772691755000039 51.463282915000036)",Unfall 40869 (2023) Kat:3, Licht: 0,40869,3,1,0,05,13,3,0,0,0,1,0,0,0,1
"POINT (6.719148664000045 51.536146135000081)",Unfall 40962 (2023) Kat:3, Licht: 0,40962,3,2,5,06,11,7,0,0,0,1,0,0,0,1
"POINT (6.702616518000070 51.477320014000043)",Unfall 40963 (2023) Kat:3, Licht: 0,40963,3,7,1,06,17,7,0,0,0,1,0,0,0,1
"POINT (6.733464911000056 51.479536091000057)",Unfall 40964 (2023) Kat:3, Licht: 0,40964,3,3,0,06,22,7,0,0,1,1,0,0,0,0
"POINT (6.785748834000060 51.507037934000039)",Unfall 40965 (2023) Kat:3, Licht: 0,40965,3,4,6,06,14,7,0,0,0,1,1,0,0,0
"POINT (6.769035231000032 51.491111358000069)",Unfall 41037 (2023) Kat:3, Licht: 0,41037,3,6,0,06,18,6,0,0,0,0,0,0,0,1
"POINT (6.771006989000057 51.461237049000033)",Unfall 41042 (2023) Kat:3, Licht: 0,41042,3,6,2,06,09,6,0,0,0,1,0,0,0,0
"POINT (6.750850122000031 51.397919751000074)",Unfall 41153 (2023) Kat:3, Licht: 0,41153,3,3,5,06,14,5,1,0,0,1,0,0,0,1
"POINT (6.789761614000042 51.476568308000026)",Unfall 41287 (2023) Kat:2, Licht: 0,41287,2,3,5,06,19,4,0,0,0,1,0,1,0,0
"POINT (6.684271723000052 51.437424400000054)",Unfall 41291 (2023) Kat:2, Licht: 0,41291,2,7,2,06,09,4,0,0,0,1,0,0,0,0
"POINT (6.742818464000038 51.527515701000027)",Unfall 41423 (2023) Kat:3, Licht: 0,41423,3,7,0,06,11,3,0,0,0,1,1,0,0,0
"POINT (6.808001578000074 51.402449726000043)",Unfall 41426 (2023) Kat:3, Licht: 0,41426,3,6,2,06,15,3,0,0,0,1,0,0,0,0
"POINT (6.770417599000041 51.444695151000076)",Unfall 41429 (2023) Kat:1, Licht: 0,41429,1,6,2,06,15,3,0,0,0,0,0,0,1,1
"POINT (6.718839919000061 51.456589660000077)",Unfall 41560 (2023) Kat:2, Licht: 0,41560,2,3,5,06,13,2,0,0,1,1,0,0,0,0
"POINT (6.734957723000036 51.456019550000065)",Unfall 41561 (2023) Kat:3, Licht: 0,41561,3,4,6,06,16,2,0,0,0,1,1,0,0,0
"POINT (6.740919292000058 51.454476432000035)",Unfall 41562 (2023) Kat:3, Licht: 0,41562,3,3,5,06,07,2,0,0,1,1,0,0,0,0
"POINT (6.706116235000025 51.397733392000077)",Unfall 41658 (2023) Kat:3, Licht: 0,41658,3,6,4,06,12,1,0,0,0,1,0,0,0,0
"POINT (6.767503326000053 51.420611119000057)",Unfall 41772 (2023) Kat:3, Licht: 0,41772,3,6,1,06,13,7,0,0,0,1,0,1,0,0
"POINT (6.740917301000025 51.517006776000073)",Unfall 41773 (2023) Kat:3, Licht: 0,41773,3,2,4,06,17,7,0,0,0,1,0,1,0,0
"POINT (6.774421660000030 51.492587227000058)",Unfall 41774 (2023) Kat:3, Licht: 0,41774,3,2,5,06,18,7,0,0,0,1,0,0,0,0
"POINT (6.799150440000062 51.445950445000051)",Unfall 41776 (2023) Kat:3, Licht: 0,41776,3,6,0,06,17,7,0,0,0,1,0,0,0,0
"POINT (6.688039800000070 51.358289710000065)",Unfall 41943 (2023) Kat:3, Licht: 0,41943,3,6,1,06,07,6,0,0,0,1,0,0,0,0
"POINT (6.753705760000059 51.417346469000051)",Unfall 41944 (2023) Kat:3, Licht: 0,41944,3,4,6,06,12,6,0,0,0,1,1,0,0,0
"POINT (6.710142939000036 51.457430186000067)",Unfall 41945 (2023) Kat:3, Licht: 0,41945,3,6,5,06,18,6,0,0,0,1,0,0,0,0
"POINT (6.707266082000046 51.455763695000030)",Unfall 41946 (2023) Kat:3, Licht: 0,41946,3,7,0,06,16,6,0,0,0,0,0,1,1,0
"POINT (6.773983423000061 51.493586261000075)",Unfall 41947 (2023) Kat:3, Licht: 0,41947,3,6,2,06,13,6,0,0,0,1,0,0,0,0
"POINT (6.814091583000049 51.462994496000078)",Unfall 41950 (2023) Kat:2, Licht: 2,41950,2,1,8,06,02,6,0,2,0,1,0,0,0,0
"POINT (6.784190209000030 51.420967962000077)",Unfall 42113 (2023) Kat:3, Licht: 0,42113,3,4,6,07,16,4,0,0,0,1,1,0,0,0
"POINT (6.770341265000070 51.427247596000029)",Unfall 42306 (2023) Kat:3, Licht: 0,42306,3,7,0,07,17,2,0,0,0,0,0,1,0,0
"POINT (6.724007518000064 51.525609914000029)",Unfall 42307 (2023) Kat:3, Licht: 0,42307,3,1,0,07,06,2,1,0,0,0,0,1,0,0
"POINT (6.722005062000051 51.469478814000070)",Unfall 42330 (2023) Kat:3, Licht: 2,42330,3,7,5,07,21,2,0,2,0,1,0,0,0,0
"POINT (6.754309030000059 51.420731591000049)",Unfall 42381 (2023) Kat:3, Licht: 0,42381,3,7,0,07,17,1,1,0,0,0,0,1,0,0
"POINT (6.790629302000070 51.485615365000058)",Unfall 42382 (2023) Kat:3, Licht: 2,42382,3,1,7,07,00,1,0,2,0,1,0,0,1,0
"POINT (6.729739859000063 51.368607752000059)",Unfall 42453 (2023) Kat:3, Licht: 0,42453,3,7,0,07,12,7,0,0,0,0,0,0,0,1
"POINT (6.756349407000073 51.431515115000082)",Unfall 42557 (2023) Kat:3, Licht: 0,42557,3,6,1,07,09,6,0,0,0,1,0,0,0,0
"POINT (6.803081604000056 51.441681419000076)",Unfall 42558 (2023) Kat:3, Licht: 2,42558,3,6,3,07,00,6,0,2,0,1,0,0,0,0
"POINT (6.775213688000065 51.437663294000060)",Unfall 42559 (2023) Kat:2, Licht: 0,42559,2,6,3,07,11,6,0,0,0,1,0,0,1,0
"POINT (6.795111016000021 51.433295129000044)",Unfall 42687 (2023) Kat:3, Licht: 0,42687,3,6,2,07,14,5,0,0,0,1,0,0,0,1
"POINT (6.696788270000070 51.419391274000077)",Unfall 42738 (2023) Kat:3, Licht: 0,42738,3,3,5,07,12,7,0,0,0,1,0,0,0,0
"POINT (6.812142938000022 51.443327743000054)",Unfall 42778 (2023) Kat:3, Licht: 0,42778,3,3,4,07,07,4,0,0,0,1,0,0,0,0
"POINT (6.692529404000027 51.416681352000069)",Unfall 42779 (2023) Kat:3, Licht: 0,42779,3,6,3,07,16,4,0,0,0,1,0,0,0,0
"POINT (6.780118090000030 51.490798111000061)",Unfall 42886 (2023) Kat:3, Licht: 0,42886,3,5,0,07,11,3,0,0,1,1,0,0,0,0
"POINT (6.768731337000077 51.477497457000027)",Unfall 42888 (2023) Kat:2, Licht: 0,42888,2,6,2,07,12,3,0,0,0,1,0,0,0,0
"POINT (6.782717022000043 51.439151631000072)",Unfall 42941 (2023) Kat:3, Licht: 0,42941,3,7,0,07,13,3,0,0,0,0,0,0,0,1
"POINT (6.772084064000069 51.427268874000049)",Unfall 42949 (2023) Kat:3, Licht: 0,42949,3,6,1,07,10,2,0,0,0,1,0,0,1,0
"POINT (6.644885434000059 51.392405354000061)",Unfall 43021 (2023) Kat:3, Licht: 0,43021,3,7,2,07,17,1,0,0,0,1,0,1,0,0
"POINT (6.745753557000057 51.456458197000075)",Unfall 43068 (2023) Kat:3, Licht: 0,43068,3,7,6,07,15,6,0,0,0,0,1,0,0,1
"POINT (6.798229383000034 51.410285542000054)",Unfall 43118 (2023) Kat:2, Licht: 1,43118,2,7,9,07,05,7,0,1,0,1,0,0,0,0
"POINT (6.816060795000055 51.467202503000067)",Unfall 43121 (2023) Kat:3, Licht: 0,43121,3,6,2,07,09,7,0,0,0,1,0,0,0,0
"POINT (6.794432538000024 51.445318934000056)",Unfall 43233 (2023) Kat:3, Licht: 0,43233,3,7,0,06,17,6,0,0,0,0,0,1,0,1
"POINT (6.766103214000054 51.497362649000081)",Unfall 43234 (2023) Kat:3, Licht: 0,43234,3,3,5,06,21,6,0,0,0,1,0,0,0,1
"POINT (6.711875871000075 51.414873704000058)",Unfall 43314 (2023) Kat:3, Licht: 0,43314,3,3,5,06,17,5,0,0,0,1,0,1,0,0
"POINT (6.741979617000027 51.448777194000058)",Unfall 43315 (2023) Kat:3, Licht: 0,43315,3,6,1,06,18,5,0,0,0,1,0,0,0,0
"POINT (6.743926541000064 51.511777174000031)",Unfall 43316 (2023) Kat:3, Licht: 0,43316,3,7,1,06,17,5,0,0,0,1,0,0,0,1
"POINT (6.763398729000073 51.419750517000068)",Unfall 43334 (2023) Kat:3, Licht: 0,43334,3,6,2,07,16,2,0,0,0,1,0,0,0,0
"POINT (6.742622962000041 51.521604294000042)",Unfall 43405 (2023) Kat:3, Licht: 0,43405,3,2,0,06,14,4,0,0,1,1,0,0,0,0
"POINT (6.809149054000045 51.350424733000068)",Unfall 43406 (2023) Kat:3, Licht: 0,43406,3,6,3,06,11,4,0,0,0,1,0,0,0,0
"POINT (6.698750552000035 51.424223797000082)",Unfall 43496 (2023) Kat:3, Licht: 0,43496,3,7,0,06,14,3,0,0,0,0,0,0,0,1
"POINT (6.711750151000047 51.406045091000067)",Unfall 43498 (2023) Kat:3, Licht: 2,43498,3,2,4,06,23,3,0,2,0,1,0,0,0,0
"POINT (6.785748834000060 51.507037934000039)",Unfall 43500 (2023) Kat:3, Licht: 0,43500,3,3,4,06,12,3,0,0,1,1,0,0,0,0
"POINT (6.771669444000054 51.460423290000051)",Unfall 43503 (2023) Kat:3, Licht: 0,43503,3,6,2,06,13,3,0,0,0,1,0,0,0,0
"POINT (6.771891563000054 51.494890638000072)",Unfall 43529 (2023) Kat:3, Licht: 0,43529,3,2,3,07,11,3,0,0,1,1,0,0,0,0
"POINT (6.657623658000034 51.396460056000080)",Unfall 43619 (2023) Kat:3, Licht: 0,43619,3,6,2,06,14,2,0,0,0,1,0,0,0,0
"POINT (6.792921871000033 51.452578803000051)",Unfall 43620 (2023) Kat:3, Licht: 0,43620,3,6,3,06,21,2,0,0,1,0,0,0,0,1
"POINT (6.688798528000063 51.386508735000064)",Unfall 43640 (2023) Kat:3, Licht: 0,43640,3,6,2,07,10,2,0,0,0,1,0,0,0,0
"POINT (6.734117140000023 51.458236866000050)",Unfall 43729 (2023) Kat:3, Licht: 2,43729,3,7,0,06,00,1,0,2,1,1,0,0,0,0
"POINT (6.777244297000038 51.384894929000041)",Unfall 43804 (2023) Kat:3, Licht: 0,43804,3,6,2,08,18,5,1,0,0,1,0,0,0,0
"POINT (6.764977929000054 51.429825045000030)",Unfall 43888 (2023) Kat:2, Licht: 0,43888,2,2,5,08,18,4,1,0,1,1,0,0,0,0
"POINT (6.800983040000062 51.425131334000071)",Unfall 43891 (2023) Kat:3, Licht: 0,43891,3,1,2,08,19,4,0,0,0,1,0,0,0,0
"POINT (6.749197464000076 51.487124833000053)",Unfall 43892 (2023) Kat:2, Licht: 0,43892,2,6,2,08,09,4,1,0,0,1,0,0,0,0
"POINT (6.750604890000034 51.487226051000050)",Unfall 43893 (2023) Kat:3, Licht: 0,43893,3,6,2,08,15,4,0,0,0,1,0,0,0,0
"POINT (6.765377433000026 51.406270396000082)",Unfall 43975 (2023) Kat:3, Licht: 0,43975,3,2,4,08,17,3,0,0,1,1,0,0,0,0
"POINT (6.682702115000041 51.449690105000059)",Unfall 43976 (2023) Kat:3, Licht: 0,43976,3,2,6,08,10,3,0,0,0,1,1,0,0,0
"POINT (6.773399314000073 51.458998002000044)",Unfall 43979 (2023) Kat:3, Licht: 0,43979,3,6,2,08,13,3,1,0,0,1,0,0,1,0
"POINT (6.779172535000043 51.403800149000062)",Unfall 44036 (2023) Kat:3, Licht: 0,44036,3,6,2,07,14,2,1,0,0,1,0,0,0,0
"POINT (6.752968691000035 51.414893954000036)",Unfall 44037 (2023) Kat:3, Licht: 0,44037,3,2,6,07,20,2,0,0,0,1,1,0,0,0
"POINT (6.758960993000073 51.510871725000072)",Unfall 44039 (2023) Kat:3, Licht: 0,44039,3,6,2,07,16,2,1,0,0,1,0,0,0,0
"POINT (6.776677416000041 51.441972508000049)",Unfall 44064 (2023) Kat:3, Licht: 0,44064,3,6,3,08,12,3,1,0,0,1,0,0,1,0
"POINT (6.742843461000064 51.528065942000069)",Unfall 44110 (2023) Kat:3, Licht: 0,44110,3,3,5,07,10,1,0,0,1,1,0,0,0,0
"POINT (6.746948903000032 51.443472249000081)",Unfall 44178 (2023) Kat:3, Licht: 0,44178,3,2,5,07,10,7,0,0,0,1,0,0,0,1
"POINT (6.762933898000028 51.498943657000041)",Unfall 44179 (2023) Kat:3, Licht: 0,44179,3,6,3,07,15,7,1,0,1,0,0,0,0,1
"POINT (6.820291401000077 51.498716324000043)",Unfall 44181 (2023) Kat:3, Licht: 0,44181,3,6,2,07,13,7,0,0,0,1,0,0,0,0
"POINT (6.759065197000041 51.379905065000059)",Unfall 44274 (2023) Kat:3, Licht: 0,44274,3,6,3,07,09,6,1,0,1,0,0,0,0,0
"POINT (6.734957723000036 51.456019550000065)",Unfall 44275 (2023) Kat:3, Licht: 0,44275,3,3,5,07,09,6,1,0,1,0,0,0,1,0
"POINT (6.719650694000052 51.534924441000044)",Unfall 44370 (2023) Kat:3, Licht: 0,44370,3,2,0,07,16,5,1,0,1,1,0,0,0,0
"POINT (6.771963702000050 51.428450965000081)",Unfall 44376 (2023) Kat:3, Licht: 0,44376,3,6,2,07,17,5,1,0,0,1,0,0,0,0
"POINT (6.693265311000062 51.480606267000041)",Unfall 44377 (2023) Kat:3, Licht: 0,44377,3,6,2,07,10,5,1,0,0,1,0,0,0,1
"POINT (6.778389793000031 51.425137776000042)",Unfall 44497 (2023) Kat:3, Licht: 0,44497,3,3,5,07,15,4,0,0,0,1,0,1,0,1
"POINT (6.775981504000072 51.440238798000053)",Unfall 44501 (2023) Kat:3, Licht: 0,44501,3,6,2,07,16,4,0,0,0,1,0,0,0,0
"POINT (6.765110924000055 51.426104350000060)",Unfall 44596 (2023) Kat:3, Licht: 0,44596,3,7,0,07,16,3,0,0,0,0,0,0,0,1
"POINT (6.751975054000070 51.408430333000069)",Unfall 44700 (2023) Kat:3, Licht: 0,44700,3,7,0,07,10,2,0,0,0,0,0,0,1,0
"POINT (6.778881464000051 51.432232705000047)",Unfall 44702 (2023) Kat:3, Licht: 0,44702,3,3,0,07,09,2,1,0,1,1,0,0,0,0
"POINT (6.808623579000027 51.459980956000038)",Unfall 44708 (2023) Kat:3, Licht: 0,44708,3,6,2,07,09,2,1,0,0,1,0,0,0,0
"POINT (6.771011464000026 51.461232875000064)",Unfall 44709 (2023) Kat:3, Licht: 0,44709,3,6,2,07,12,2,1,0,0,0,0,0,0,1
"POINT (6.733091722000040 51.456022251000036)",Unfall 44858 (2023) Kat:3, Licht: 2,44858,3,3,5,07,23,7,0,2,0,1,1,0,0,0
"POINT (6.792824893000045 51.451939847000062)",Unfall 44859 (2023) Kat:3, Licht: 0,44859,3,6,3,07,10,7,0,0,0,1,0,0,0,0
"POINT (6.727305734000026 51.495792805000065)",Unfall 44860 (2023) Kat:2, Licht: 2,44860,2,1,7,07,00,7,0,2,0,0,0,1,0,0
"POINT (6.779448910000042 51.359508407000078)",Unfall 44952 (2023) Kat:3, Licht: 0,44952,3,7,0,07,19,6,0,0,1,1,0,0,0,0
"POINT (6.759182368000040 51.435621824000066)",Unfall 44953 (2023) Kat:3, Licht: 0,44953,3,6,2,07,12,6,0,0,0,1,0,1,0,0
"POINT (6.765110924000055 51.426104350000060)",Unfall 45040 (2023) Kat:3, Licht: 0,45040,3,1,0,07,17,5,0,0,0,0,0,0,0,1
"POINT (6.765496472000052 51.424954574000026)",Unfall 45041 (2023) Kat:3, Licht: 0,45041,3,1,0,07,15,5,0,0,1,0,0,0,0,0
"POINT (6.775684663000050 51.464362024000081)",Unfall 45042 (2023) Kat:3, Licht: 0,45042,3,7,0,07,18,5,0,0,0,1,0,1,0,0
"POINT (6.770615848000034 51.461601846000065)",Unfall 45044 (2023) Kat:3, Licht: 0,45044,3,6,2,07,13,5,0,0,0,1,0,0,0,0
"POINT (6.699102735000054 51.452516926000044)",Unfall 45152 (2023) Kat:3, Licht: 1,45152,3,3,5,07,05,4,0,1,0,1,0,1,0,0
"POINT (6.713201208000044 51.415058891000058)",Unfall 45192 (2023) Kat:3, Licht: 2,45192,3,1,9,07,02,7,0,2,0,1,0,0,0,0
"POINT (6.701713085000051 51.399326949000056)",Unfall 45265 (2023) Kat:3, Licht: 0,45265,3,5,0,07,15,3,0,0,1,1,0,0,0,1
"POINT (6.764523853000071 51.502412350000043)",Unfall 45266 (2023) Kat:2, Licht: 0,45266,2,2,4,07,17,3,0,0,0,1,0,0,0,0
"POINT (6.769979257000045 51.370524242000045)",Unfall 45384 (2023) Kat:3, Licht: 0,45384,3,2,3,07,15,2,0,0,0,1,0,1,0,0
"POINT (6.760656960000063 51.374458561000040)",Unfall 45483 (2023) Kat:3, Licht: 0,45483,3,1,7,07,09,1,0,0,0,1,0,0,0,0
"POINT (6.755147366000074 51.426195104000044)",Unfall 45576 (2023) Kat:2, Licht: 0,45576,2,7,0,07,11,7,0,0,0,0,0,0,0,1
"POINT (6.801029586000027 51.477331201000027)",Unfall 45699 (2023) Kat:3, Licht: 2,45699,3,6,4,07,22,6,0,2,0,1,0,1,0,0
"POINT (6.790699966000034 51.486787960000072)",Unfall 45700 (2023) Kat:2, Licht: 0,45700,2,2,5,07,08,6,0,0,0,1,0,0,0,0
"POINT (6.798522904000038 51.422958751000067)",Unfall 45833 (2023) Kat:3, Licht: 0,45833,3,6,2,07,15,5,0,0,0,1,0,0,0,1
"POINT (6.806217142000037 51.459171299000047)",Unfall 45907 (2023) Kat:3, Licht: 0,45907,3,6,2,08,14,4,1,0,0,1,0,0,0,0
"POINT (6.782359637000070 51.352427293000062)",Unfall 45925 (2023) Kat:2, Licht: 0,45925,2,6,3,07,16,6,1,0,0,1,0,0,0,1
"POINT (6.782142434000036 51.419166881000081)",Unfall 45975 (2023) Kat:3, Licht: 0,45975,3,6,0,08,07,2,0,0,1,0,0,0,0,0
"POINT (6.796559707000029 51.433282309000049)",Unfall 45976 (2023) Kat:3, Licht: 2,45976,3,2,0,08,22,2,0,2,0,1,0,1,0,0
"POINT (6.816269887000033 51.468347306000055)",Unfall 45977 (2023) Kat:2, Licht: 0,45977,2,7,0,08,14,2,0,0,0,0,0,1,0,0
"POINT (6.764689057000055 51.485643298000070)",Unfall 45978 (2023) Kat:3, Licht: 0,45978,3,6,2,08,09,2,0,0,0,1,0,0,1,0
"POINT (6.753468415000043 51.416443364000031)",Unfall 46052 (2023) Kat:3, Licht: 0,46052,3,1,0,08,15,1,0,0,1,0,0,0,0,0
"POINT (6.756322444000034 51.431577462000064)",Unfall 46053 (2023) Kat:2, Licht: 2,46053,2,1,0,08,21,1,0,2,0,0,0,1,0,0
"POINT (6.718839919000061 51.456589660000077)",Unfall 46054 (2023) Kat:3, Licht: 0,46054,3,6,5,08,17,1,0,0,1,1,0,0,0,0
"POINT (6.761372198000061 51.434636650000073)",Unfall 46157 (2023) Kat:3, Licht: 0,46157,3,6,0,08,13,7,1,0,1,0,1,0,0,0
"POINT (6.765303466000034 51.426072856000076)",Unfall 46158 (2023) Kat:2, Licht: 2,46158,2,2,5,08,23,7,0,2,1,1,0,0,0,0
"POINT (6.788144754000029 51.391210080000064)",Unfall 46271 (2023) Kat:3, Licht: 0,46271,3,3,5,08,09,6,0,0,1,1,0,0,0,0
"POINT (6.766151976000060 51.518514745000061)",Unfall 46272 (2023) Kat:3, Licht: 0,46272,3,7,0,08,12,6,0,0,1,0,0,0,0,0
"POINT (6.763101271000039 51.489055356000051)",Unfall 46273 (2023) Kat:3, Licht: 0,46273,3,3,5,08,10,6,0,0,0,1,0,0,0,1
"POINT (6.799666823000052 51.433256643000050)",Unfall 46431 (2023) Kat:3, Licht: 0,46431,3,2,1,08,15,5,0,0,0,1,0,0,0,0
"POINT (6.655984880000062 51.391173557000059)",Unfall 46432 (2023) Kat:3, Licht: 0,46432,3,3,5,08,14,5,0,0,1,1,0,0,0,0
"POINT (6.742856422000045 51.523996401000034)",Unfall 46433 (2023) Kat:3, Licht: 0,46433,3,2,5,08,08,5,0,0,0,1,0,0,0,0
"POINT (6.774996174000023 51.457315821000066)",Unfall 46436 (2023) Kat:3, Licht: 0,46436,3,6,2,08,12,5,0,0,0,1,0,0,0,0
"POINT (6.711682600000074 51.415964499000040)",Unfall 46524 (2023) Kat:3, Licht: 0,46524,3,3,5,08,10,2,0,0,1,1,0,0,0,0
"POINT (6.780797866000057 51.432290960000046)",Unfall 46563 (2023) Kat:3, Licht: 0,46563,3,3,5,08,07,4,0,0,1,1,0,0,0,0
"POINT (6.726003994000052 51.534769315000062)",Unfall 46564 (2023) Kat:1, Licht: 0,46564,1,4,6,08,18,4,0,0,0,1,1,0,0,0
"POINT (6.777174827000067 51.483555240000044)",Unfall 46566 (2023) Kat:3, Licht: 0,46566,3,6,3,08,16,4,0,0,0,1,0,0,1,0
"POINT (6.683261329000061 51.358252082000035)",Unfall 46680 (2023) Kat:3, Licht: 0,46680,3,6,2,08,15,3,0,0,0,1,0,0,0,0
"POINT (6.689922231000025 51.447228660000064)",Unfall 46681 (2023) Kat:3, Licht: 0,46681,3,6,1,08,16,3,0,0,0,1,0,0,0,0
"POINT (6.712146157000063 51.407350036000082)",Unfall 46683 (2023) Kat:3, Licht: 0,46683,3,2,6,08,15,3,0,0,0,0,1,0,0,1
"POINT (6.742846331000067 51.528129090000050)",Unfall 46684 (2023) Kat:3, Licht: 0,46684,3,3,6,08,08,3,1,0,0,1,1,0,0,0
"POINT (6.733069984000053 51.543811593000044)",Unfall 46685 (2023) Kat:3, Licht: 0,46685,3,2,3,08,16,3,0,0,1,1,0,0,0,0
"POINT (6.765531848000023 51.490805008000052)",Unfall 46686 (2023) Kat:3, Licht: 0,46686,3,7,6,08,12,3,0,0,0,1,1,0,0,0
"POINT (6.813241709000067 51.398256607000064)",Unfall 46688 (2023) Kat:3, Licht: 0,46688,3,6,3,08,18,3,0,0,0,1,0,0,0,0
"POINT (6.775614114000064 51.436703451000028)",Unfall 46689 (2023) Kat:3, Licht: 1,46689,3,1,9,08,05,3,1,1,0,1,0,0,0,0
"POINT (6.760136406000072 51.507353511000076)",Unfall 46804 (2023) Kat:3, Licht: 0,46804,3,1,2,08,08,2,1,0,0,1,0,0,0,0
"POINT (6.714503536000052 51.546300684000073)",Unfall 46851 (2023) Kat:3, Licht: 0,46851,3,6,1,08,15,2,0,0,0,1,0,1,0,0
"POINT (6.761141881000071 51.523435967000069)",Unfall 46889 (2023) Kat:3, Licht: 0,46889,3,6,2,08,17,1,0,0,0,1,0,0,0,0
"POINT (6.765481971000042 51.431215084000030)",Unfall 46890 (2023) Kat:3, Licht: 0,46890,3,3,5,08,18,5,0,0,1,1,0,0,0,0
"POINT (6.781241084000044 51.422988987000053)",Unfall 46989 (2023) Kat:2, Licht: 0,46989,2,7,0,08,18,7,1,0,1,0,0,0,0,0
"POINT (6.740756470000065 51.454632143000026)",Unfall 46990 (2023) Kat:2, Licht: 2,46990,2,1,0,08,01,7,0,2,1,0,0,0,0,0
"POINT (6.693637432000060 51.465982572000030)",Unfall 47096 (2023) Kat:3, Licht: 0,47096,3,6,2,08,15,6,1,0,0,1,0,0,0,0
"POINT (6.675625449000052 51.419183628000042)",Unfall 47097 (2023) Kat:3, Licht: 0,47097,3,2,5,08,09,6,0,0,0,1,0,1,0,0
"POINT (6.757450170000027 51.527603031000069)",Unfall 47098 (2023) Kat:3, Licht: 2,47098,3,6,2,08,23,6,1,2,0,1,0,0,0,1
"POINT (6.734244016000048 51.542813681000041)",Unfall 47102 (2023) Kat:2, Licht: 0,47102,2,7,3,08,11,6,0,0,0,1,0,1,0,0
"POINT (6.762933898000028 51.498943657000041)",Unfall 47104 (2023) Kat:3, Licht: 2,47104,3,1,1,08,22,6,0,2,0,1,0,0,0,0
"POINT (6.772950185000070 51.510873923000077)",Unfall 47105 (2023) Kat:3, Licht: 0,47105,3,7,9,08,21,6,1,0,0,1,0,0,0,0
"POINT (6.754318343000023 51.435605123000073)",Unfall 47190 (2023) Kat:3, Licht: 0,47190,3,3,6,08,20,1,1,0,0,0,1,0,0,1
"POINT (6.806953345000068 51.430201120000049)",Unfall 47193 (2023) Kat:3, Licht: 0,47193,3,6,2,08,16,1,0,0,0,1,0,0,0,0
"POINT (6.810500562000072 51.440775441000028)",Unfall 47407 (2023) Kat:3, Licht: 0,47407,3,7,0,08,10,6,1,0,0,1,0,0,1,0
"POINT (6.689917732000026 51.468628740000042)",Unfall 47408 (2023) Kat:3, Licht: 0,47408,3,2,2,08,10,6,1,0,0,1,0,0,1,0
"POINT (6.778600393000033 51.372034509000059)",Unfall 47539 (2023) Kat:2, Licht: 0,47539,2,2,3,08,14,5,0,0,0,1,0,0,0,0
"POINT (6.760595529000057 51.397330121000039)",Unfall 47540 (2023) Kat:3, Licht: 0,47540,3,3,3,08,18,5,1,0,1,1,0,0,0,0
"POINT (6.698436344000072 51.400777295000069)",Unfall 47541 (2023) Kat:3, Licht: 0,47541,3,3,5,08,09,5,0,0,1,1,0,0,0,0
"POINT (6.710521197000048 51.398277594000035)",Unfall 47542 (2023) Kat:3, Licht: 0,47542,3,5,0,08,09,5,0,0,0,0,0,0,0,1
"POINT (6.774988811000071 51.527038468000057)",Unfall 47543 (2023) Kat:3, Licht: 0,47543,3,6,2,08,11,5,0,0,0,1,0,1,0,0
"POINT (6.740835480000044 51.454362137000032)",Unfall 47544 (2023) Kat:3, Licht: 0,47544,3,3,5,08,18,5,0,0,0,1,0,0,0,1
"POINT (6.744898503000059 51.445191308000062)",Unfall 47545 (2023) Kat:3, Licht: 0,47545,3,2,5,08,08,5,0,0,1,0,0,0,1,0
"POINT (6.751416104000043 51.403393425000047)",Unfall 47672 (2023) Kat:3, Licht: 2,47672,3,2,0,08,05,4,0,2,0,0,0,1,1,0