WKT,Name,OBJECTID,UKATEGORIE,UTYP1,UART,UMONAT,USTUNDE,UWOCHENTAG,STRZUSTAND,ULICHTVERH,ISTRAD,ISTPKW,ISTFUSS,ISTKRAD,ISTGKFZ,ISTSONSTIG
"POINT (6.766763825000055 51.503528529000050)",Unfall 47673 (2023) Kat:3, Licht: 0,47673,3,1,0,08,07,4,0,0,1,0,0,0,0,0
"POINT (6.814986841000064 51.487979617000065)",Unfall 47677 (2023) Kat:3, Licht: 0,47677,3,6,2,08,14,4,0,0,0,1,0,0,0,0
"POINT (6.764166434000060 51.500368723000065)",Unfall 47678 (2023) Kat:3, Licht: 0,47678,3,6,2,08,14,4,0,0,0,1,0,0,0,0
"POINT (6.754007696000031 51.418468527000073)",Unfall 47790 (2023) Kat:3, Licht: 0,47790,3,4,6,08,15,3,0,0,0,1,1,0,0,0
"POINT (6.768290307000029 51.418966476000037)",Unfall 47791 (2023) Kat:3, Licht: 0,47791,3,7,0,08,09,3,0,0,1,1,0,0,0,0
"POINT (6.762350865000030 51.434387821000030)",Unfall 47793 (2023) Kat:3, Licht: 0,47793,3,2,5,08,08,3,0,0,0,1,0,0,0,0
"POINT (6.775585683000031 51.433171405000053)",Unfall 47794 (2023) Kat:3, Licht: 2,47794,3,6,2,08,21,3,0,2,0,1,0,0,0,0
"POINT (6.767758561000051 51.466162034000035)",Unfall 47795 (2023) Kat:3, Licht: 0,47795,3,6,2,08,09,3,0,0,0,1,0,0,0,0
"POINT (6.786191409000025 51.447668928000041)",Unfall 47798 (2023) Kat:3, Licht: 0,47798,3,6,2,08,14,3,0,0,0,1,0,0,0,0
"POINT (6.758978959000046 51.387862793000068)",Unfall 47917 (2023) Kat:2, Licht: 0,47917,2,2,4,08,14,2,0,0,1,1,0,0,0,0
"POINT (6.677509504000056 51.357303266000031)",Unfall 47918 (2023) Kat:2, Licht: 0,47918,2,7,4,08,13,2,0,0,0,1,0,0,0,0
"POINT (6.784190209000030 51.420967962000077)",Unfall 47919 (2023) Kat:3, Licht: 0,47919,3,1,1,08,12,2,0,0,0,1,0,1,0,0
"POINT (6.791508589000046 51.427084837000052)",Unfall 47920 (2023) Kat:3, Licht: 0,47920,3,6,2,08,17,2,0,0,0,1,0,0,0,0
"POINT (6.686201319000077 51.449650417000043)",Unfall 47921 (2023) Kat:3, Licht: 0,47921,3,3,5,08,13,2,0,0,0,1,0,0,0,1
"POINT (6.794514657000036 51.483712594000053)",Unfall 47922 (2023) Kat:3, Licht: 0,47922,3,2,6,08,07,2,0,0,0,1,1,0,0,0
"POINT (6.785498599000050 51.508755348000079)",Unfall 47924 (2023) Kat:3, Licht: 0,47924,3,3,5,08,12,2,0,0,1,1,0,0,0,0
"POINT (6.774278549000030 51.463676964000058)",Unfall 48021 (2023) Kat:3, Licht: 0,48021,3,6,2,08,17,1,0,0,0,1,0,0,0,0
"POINT (6.769199062000041 51.416208215000040)",Unfall 48114 (2023) Kat:2, Licht: 0,48114,2,3,5,08,12,7,0,0,0,1,0,0,0,0
"POINT (6.679618766000033 51.414615058000038)",Unfall 48115 (2023) Kat:2, Licht: 2,48115,2,2,5,08,21,7,0,2,0,1,0,1,0,0
"POINT (6.795008040000027 51.503933829000061)",Unfall 48116 (2023) Kat:3, Licht: 0,48116,3,3,0,08,13,7,0,0,0,1,0,1,0,0
"POINT (6.742253009000024 51.383367307000071)",Unfall 48210 (2023) Kat:3, Licht: 0,48210,3,4,6,08,14,3,0,0,0,1,1,0,0,0
"POINT (6.791147078000051 51.448258731000067)",Unfall 48263 (2023) Kat:3, Licht: 0,48263,3,2,3,08,16,6,0,0,1,1,0,0,0,0
"POINT (6.756436328000063 51.431331452000052)",Unfall 48264 (2023) Kat:3, Licht: 0,48264,3,6,3,08,10,6,0,0,0,1,0,0,0,1
"POINT (6.808607023000036 51.459975020000059)",Unfall 48268 (2023) Kat:3, Licht: 0,48268,3,6,2,08,06,6,0,0,0,1,0,0,0,0
"POINT (6.762189886000044 51.419489896000073)",Unfall 48378 (2023) Kat:3, Licht: 2,48378,3,7,0,08,22,5,0,2,1,0,0,0,0,0
"POINT (6.766036930000041 51.423765110000033)",Unfall 48380 (2023) Kat:3, Licht: 0,48380,3,2,3,08,15,5,0,0,1,1,0,0,0,0
"POINT (6.761532606000060 51.444012019000070)",Unfall 48381 (2023) Kat:3, Licht: 0,48381,3,3,0,08,09,5,0,0,1,1,0,0,0,0
"POINT (6.712987296000051 51.478302795000047)",Unfall 48383 (2023) Kat:3, Licht: 0,48383,3,2,5,08,13,5,0,0,0,1,0,0,0,0
"POINT (6.787798452000061 51.418529899000077)",Unfall 48495 (2023) Kat:3, Licht: 0,48495,3,7,0,08,18,2,0,0,1,0,0,0,0,0
"POINT (6.730421214000046 51.368689727000060)",Unfall 48525 (2023) Kat:3, Licht: 1,48525,3,3,5,08,05,4,1,1,1,1,0,0,0,0
"POINT (6.810548900000072 51.440877297000043)",Unfall 48526 (2023) Kat:3, Licht: 0,48526,3,6,2,08,09,4,0,0,0,1,0,0,0,0
"POINT (6.742883576000054 51.529101618000027)",Unfall 48527 (2023) Kat:3, Licht: 0,48527,3,7,5,08,13,4,0,0,0,1,0,0,0,1
"POINT (6.792954104000046 51.471620852000058)",Unfall 48529 (2023) Kat:2, Licht: 0,48529,2,6,5,08,09,4,0,0,1,1,0,0,0,0
"POINT (6.808933667000076 51.401762976000043)",Unfall 48533 (2023) Kat:3, Licht: 0,48533,3,6,2,08,14,4,0,0,0,0,0,0,0,1
"POINT (6.705783439000072 51.435873025000035)",Unfall 48536 (2023) Kat:3, Licht: 0,48536,3,3,5,08,11,4,0,0,0,1,0,0,0,1
"POINT (6.768499580000025 51.464607122000075)",Unfall 48661 (2023) Kat:3, Licht: 0,48661,3,6,2,08,17,3,0,0,0,1,0,0,0,0
"POINT (6.804575335000038 51.440719158000036)",Unfall 48826 (2023) Kat:2, Licht: 2,48826,2,6,2,09,20,3,1,2,0,1,0,0,0,1
"POINT (6.740828027000020 51.454352333000031)",Unfall 48953 (2023) Kat:3, Licht: 0,48953,3,2,5,09,14,2,0,0,1,1,0,0,0,0
"POINT (6.798621576000073 51.495370293000065)",Unfall 48954 (2023) Kat:3, Licht: 0,48954,3,6,2,09,14,2,0,0,0,1,0,1,0,0
"POINT (6.742430012000057 51.513068655000041)",Unfall 49045 (2023) Kat:3, Licht: 0,49045,3,1,1,09,12,1,0,0,0,1,0,0,0,0
"POINT (6.773700375000033 51.492022810000037)",Unfall 49146 (2023) Kat:2, Licht: 0,49146,2,3,5,09,19,7,0,0,0,1,0,1,0,0
"POINT (6.776454992000026 51.435390083000073)",Unfall 49150 (2023) Kat:2, Licht: 2,49150,2,1,9,09,02,7,0,2,0,1,0,0,0,0
"POINT (6.763184551000052 51.419703295000033)",Unfall 49283 (2023) Kat:3, Licht: 0,49283,3,2,6,09,13,6,0,0,0,1,1,0,0,0
"POINT (6.687061278000044 51.445554906000041)",Unfall 49284 (2023) Kat:3, Licht: 0,49284,3,5,8,09,14,6,0,0,0,1,0,0,0,0
"POINT (6.808129604000044 51.432721647000051)",Unfall 49325 (2023) Kat:3, Licht: 2,49325,3,1,8,09,22,2,0,2,0,1,0,0,0,0
"POINT (6.740458670000066 51.369836520000035)",Unfall 49443 (2023) Kat:3, Licht: 0,49443,3,2,3,09,16,5,0,0,1,0,0,0,0,1
"POINT (6.804618050000045 51.433181390000072)",Unfall 49444 (2023) Kat:3, Licht: 0,49444,3,6,2,09,07,5,0,0,0,1,0,0,0,0
"POINT (6.688369130000069 51.407013625000047)",Unfall 49445 (2023) Kat:3, Licht: 0,49445,3,3,0,09,06,5,0,0,1,1,0,0,0,0
"POINT (6.720692094000071 51.532394129000068)",Unfall 49446 (2023) Kat:3, Licht: 0,49446,3,5,9,09,16,5,0,0,0,1,0,0,0,0
"POINT (6.733954734000065 51.477054004000081)",Unfall 49447 (2023) Kat:3, Licht: 0,49447,3,7,3,09,07,5,0,0,0,1,0,0,0,0
"POINT (6.699102735000054 51.452516926000044)",Unfall 49448 (2023) Kat:3, Licht: 0,49448,3,6,0,09,11,5,0,0,0,1,0,0,0,1
"POINT (6.800808636000056 51.408997847000080)",Unfall 49452 (2023) Kat:3, Licht: 0,49452,3,6,2,09,17,5,0,0,0,1,0,0,0,1
"POINT (6.807887359000063 51.436498327000038)",Unfall 49455 (2023) Kat:3, Licht: 0,49455,3,1,7,09,09,5,0,0,0,1,0,0,0,0
"POINT (6.814184008000041 51.487525226000059)",Unfall 49457 (2023) Kat:3, Licht: 0,49457,3,6,2,09,10,5,0,0,0,1,0,0,1,0
"POINT (6.740458670000066 51.369836520000035)",Unfall 49588 (2023) Kat:3, Licht: 0,49588,3,3,5,09,07,4,0,0,1,1,0,0,0,0
"POINT (6.791113125000038 51.433115434000058)",Unfall 49589 (2023) Kat:3, Licht: 0,49589,3,1,0,09,19,4,0,0,0,0,0,0,0,1
"POINT (6.774776837000047 51.463779499000054)",Unfall 49590 (2023) Kat:3, Licht: 0,49590,3,2,5,09,10,4,0,0,1,1,0,0,0,0
"POINT (6.781598355000028 51.379559560000075)",Unfall 49760 (2023) Kat:2, Licht: 0,49760,2,2,5,09,11,3,0,0,0,1,0,0,0,0
"POINT (6.689387558000021 51.449639508000075)",Unfall 49761 (2023) Kat:2, Licht: 0,49761,2,2,5,09,09,3,0,0,0,1,1,0,0,0
"POINT (6.695450228000027 51.411465116000045)",Unfall 49762 (2023) Kat:3, Licht: 0,49762,3,5,2,09,13,3,0,0,0,1,0,0,0,0
"POINT (6.696873451000044 51.480482418000065)",Unfall 49765 (2023) Kat:3, Licht: 0,49765,3,6,0,09,19,3,0,0,0,0,0,1,0,0
"POINT (6.727541271000064 51.391483888000039)",Unfall 49911 (2023) Kat:3, Licht: 0,49911,3,6,4,09,07,5,0,0,1,0,0,0,0,1
"POINT (6.793215111000052 51.392967726000052)",Unfall 49924 (2023) Kat:3, Licht: 0,49924,3,6,6,09,11,2,0,0,0,1,1,0,0,0
"POINT (6.748173345000055 51.442638805000058)",Unfall 49925 (2023) Kat:3, Licht: 0,49925,3,3,5,09,16,2,0,0,1,1,0,0,0,0
"POINT (6.764589095000076 51.472401842000068)",Unfall 49926 (2023) Kat:2, Licht: 0,49926,2,3,0,09,15,2,0,0,0,1,0,1,0,0
"POINT (6.796786870000062 51.501795201000050)",Unfall 49927 (2023) Kat:3, Licht: 0,49927,3,6,5,09,12,2,0,0,0,0,0,1,0,1
"POINT (6.820712061000052 51.499567428000034)",Unfall 49931 (2023) Kat:3, Licht: 0,49931,3,6,2,09,09,2,0,0,0,0,0,0,1,0
"POINT (6.775471077000020 51.445720688000051)",Unfall 49932 (2023) Kat:3, Licht: 0,49932,3,6,3,09,10,4,0,0,0,1,0,0,0,0
"POINT (6.752306720000036 51.435916898000073)",Unfall 50047 (2023) Kat:2, Licht: 1,50047,2,1,0,09,19,3,0,1,0,0,0,0,0,1
"POINT (6.733127811000031 51.543761962000076)",Unfall 50056 (2023) Kat:3, Licht: 0,50056,3,2,5,09,15,1,0,0,1,0,0,0,0,1
"POINT (6.819551596000053 51.497209484000052)",Unfall 50058 (2023) Kat:3, Licht: 0,50058,3,6,2,09,19,1,0,0,0,1,0,0,0,1
"POINT (6.707498951000048 51.438130885000078)",Unfall 50165 (2023) Kat:2, Licht: 0,50165,2,2,5,09,13,7,0,0,0,1,0,1,0,0
"POINT (6.762651679000044 51.439527590000068)",Unfall 50282 (2023) Kat:3, Licht: 2,50282,3,2,5,09,05,6,0,2,1,1,0,0,0,0
"POINT (6.748084143000028 51.458068545000060)",Unfall 50283 (2023) Kat:3, Licht: 0,50283,3,2,0,09,14,6,1,0,1,0,0,0,0,1
"POINT (6.752141711000036 51.368754413000033)",Unfall 50431 (2023) Kat:3, Licht: 0,50431,3,3,5,08,09,5,0,0,1,1,0,0,0,0
"POINT (6.759067256000037 51.379994195000052)",Unfall 50432 (2023) Kat:3, Licht: 0,50432,3,3,5,08,17,5,0,0,1,1,0,0,0,0
"POINT (6.692914186000053 51.402679765000073)",Unfall 50433 (2023) Kat:3, Licht: 0,50433,3,1,2,08,07,5,0,0,0,1,0,0,0,0
"POINT (6.756225860000029 51.465285167000047)",Unfall 50434 (2023) Kat:3, Licht: 0,50434,3,3,6,08,13,5,0,0,0,1,1,0,0,0
"POINT (6.734239402000071 51.472298463000072)",Unfall 50436 (2023) Kat:3, Licht: 0,50436,3,6,1,08,17,5,0,0,0,1,0,0,0,0
"POINT (6.765120118000027 51.406119623000052)",Unfall 50587 (2023) Kat:3, Licht: 0,50587,3,2,6,08,11,4,1,0,0,1,1,0,0,0
"POINT (6.764671147000058 51.428729091000037)",Unfall 50588 (2023) Kat:3, Licht: 0,50588,3,6,1,08,15,4,1,0,0,1,0,0,0,0
"POINT (6.742809763000025 51.527324169000053)",Unfall 50589 (2023) Kat:3, Licht: 0,50589,3,2,5,08,15,4,1,0,0,1,0,0,0,0
"POINT (6.735403443000052 51.526986174000058)",Unfall 50590 (2023) Kat:3, Licht: 0,50590,3,6,0,08,12,4,1,0,1,1,0,0,0,0
"POINT (6.761560439000050 51.471886949000066)",Unfall 50591 (2023) Kat:3, Licht: 0,50591,3,2,6,08,19,4,0,0,0,1,1,0,0,0
"POINT (6.816293955000049 51.468531695000081)",Unfall 50595 (2023) Kat:2, Licht: 0,50595,2,6,2,08,11,4,1,0,0,1,0,0,0,0
"POINT (6.772723374000066 51.400366429000030)",Unfall 50599 (2023) Kat:3, Licht: 0,50599,3,6,2,08,16,4,1,0,0,1,0,0,0,0
"POINT (6.693972868000060 51.449594741000055)",Unfall 50726 (2023) Kat:3, Licht: 0,50726,3,2,5,09,15,1,0,0,0,1,0,0,0,0
"POINT (6.698722447000023 51.424424967000050)",Unfall 50733 (2023) Kat:3, Licht: 0,50733,3,2,5,08,13,3,1,0,0,1,0,0,0,0
"POINT (6.733630891000075 51.477888732000054)",Unfall 50735 (2023) Kat:3, Licht: 0,50735,3,6,2,08,15,3,0,0,0,1,0,0,0,0
"POINT (6.786000963000049 51.517944246000070)",Unfall 50736 (2023) Kat:3, Licht: 0,50736,3,7,7,08,14,3,0,0,1,0,0,0,0,0
"POINT (6.785014659000069 51.515898982000067)",Unfall 50737 (2023) Kat:3, Licht: 0,50737,3,6,2,08,15,3,0,0,0,1,0,0,0,0
"POINT (6.807693014000051 51.487326823000046)",Unfall 50738 (2023) Kat:3, Licht: 0,50738,3,6,3,08,06,3,0,0,0,1,0,0,0,0
"POINT (6.782729916000051 51.399964394000051)",Unfall 50803 (2023) Kat:3, Licht: 0,50803,3,2,5,09,13,2,0,0,0,1,0,0,0,0
"POINT (6.754110633000039 51.418868090000046)",Unfall 50878 (2023) Kat:3, Licht: 0,50878,3,4,6,08,20,2,0,0,1,0,1,0,0,0
"POINT (6.777612170000054 51.491894666000064)",Unfall 50880 (2023) Kat:3, Licht: 0,50880,3,2,5,08,08,2,0,0,1,1,0,0,0,0
"POINT (6.743926541000064 51.511777174000031)",Unfall 50881 (2023) Kat:3, Licht: 2,50881,3,2,5,08,23,2,0,2,1,1,0,0,0,0
"POINT (6.726851552000028 51.368257424000035)",Unfall 50969 (2023) Kat:3, Licht: 0,50969,3,2,5,09,14,6,0,0,0,1,0,1,0,0
"POINT (6.659784766000030 51.350211294000076)",Unfall 50970 (2023) Kat:3, Licht: 0,50970,3,7,0,09,17,6,0,0,1,0,0,0,0,0
"POINT (6.742856422000045 51.523996401000034)",Unfall 50971 (2023) Kat:3, Licht: 0,50971,3,6,5,09,15,6,0,0,0,1,0,0,0,0
"POINT (6.804503567000040 51.427972387000068)",Unfall 50973 (2023) Kat:2, Licht: 0,50973,2,6,2,09,11,6,0,0,0,0,0,0,1,0
"POINT (6.778071654000030 51.385325321000039)",Unfall 51074 (2023) Kat:3, Licht: 0,51074,3,6,3,09,16,5,1,0,0,1,0,1,0,0
"POINT (6.765512547000071 51.431170712000039)",Unfall 51075 (2023) Kat:3, Licht: 0,51075,3,6,1,09,16,5,1,0,0,1,0,0,0,0
"POINT (6.742074615000035 51.513736097000049)",Unfall 51076 (2023) Kat:3, Licht: 2,51076,3,6,1,09,20,5,1,2,0,1,0,0,0,0
"POINT (6.770506075000071 51.420106523000072)",Unfall 51079 (2023) Kat:3, Licht: 0,51079,3,1,0,09,17,5,1,0,0,1,0,0,1,0
"POINT (6.775455843000032 51.433370171000035)",Unfall 51080 (2023) Kat:3, Licht: 2,51080,3,6,2,09,19,5,1,2,0,1,0,0,0,0
"POINT (6.711750151000047 51.406045091000067)",Unfall 51184 (2023) Kat:3, Licht: 2,51184,3,3,5,09,07,4,0,2,1,1,0,0,0,0
"POINT (6.788812465000035 51.473260190000076)",Unfall 51185 (2023) Kat:3, Licht: 0,51185,3,6,3,09,18,4,0,0,0,1,0,1,0,0
"POINT (6.733073665000063 51.373438301000078)",Unfall 51286 (2023) Kat:3, Licht: 0,51286,3,7,3,09,11,3,0,0,0,0,0,1,1,0
"POINT (6.742856422000045 51.523996401000034)",Unfall 51287 (2023) Kat:3, Licht: 0,51287,3,3,5,09,16,3,0,0,1,1,0,0,0,0
"POINT (6.820141423000052 51.497804706000068)",Unfall 51288 (2023) Kat:3, Licht: 0,51288,3,6,2,09,13,3,0,0,0,1,0,0,0,1
"POINT (6.778849356000023 51.448980026000072)",Unfall 51289 (2023) Kat:3, Licht: 0,51289,3,6,2,09,12,3,0,0,0,1,0,0,0,0
"POINT (6.776076761000070 51.371288449000076)",Unfall 51412 (2023) Kat:2, Licht: 0,51412,2,2,5,09,15,2,0,0,0,1,0,0,0,0
"POINT (6.800900581000064 51.433235507000063)",Unfall 51413 (2023) Kat:3, Licht: 0,51413,3,2,0,09,12,2,0,0,0,1,0,0,0,1
"POINT (6.691484064000065 51.403813354000079)",Unfall 51414 (2023) Kat:3, Licht: 0,51414,3,3,5,09,15,2,0,0,0,1,0,0,0,1
"POINT (6.734885306000024 51.474086721000049)",Unfall 51415 (2023) Kat:3, Licht: 2,51415,3,7,7,09,21,2,1,2,0,0,0,0,0,1
"POINT (6.768552588000034 51.477267398000038)",Unfall 51417 (2023) Kat:3, Licht: 0,51417,3,6,2,09,14,2,0,0,0,1,0,0,0,0
"POINT (6.697959122000043 51.415054116000078)",Unfall 51507 (2023) Kat:3, Licht: 0,51507,3,7,0,09,15,1,1,0,1,0,0,0,0,0
"POINT (6.808845707000046 51.460063295000054)",Unfall 51508 (2023) Kat:3, Licht: 0,51508,3,6,2,09,14,1,0,0,0,1,0,0,0,0
"POINT (6.672468195000022 51.435597466000047)",Unfall 51509 (2023) Kat:2, Licht: 0,51509,2,1,9,09,17,1,0,0,0,1,0,1,0,0
"POINT (6.762235198000042 51.400687007000045)",Unfall 51623 (2023) Kat:3, Licht: 0,51623,3,1,0,09,13,7,0,0,1,1,0,0,0,0
"POINT (6.747099982000066 51.419782192000071)",Unfall 51624 (2023) Kat:3, Licht: 2,51624,3,6,2,09,20,7,1,2,0,1,0,0,0,0
"POINT (6.733499392000056 51.455983854000067)",Unfall 51625 (2023) Kat:3, Licht: 0,51625,3,1,1,09,08,7,0,0,0,1,0,0,0,0
"POINT (6.798574933000054 51.492950033000056)",Unfall 51626 (2023) Kat:3, Licht: 0,51626,3,7,0,09,10,7,0,0,1,0,1,0,0,0
"POINT (6.685135716000048 51.408857251000029)",Unfall 51781 (2023) Kat:3, Licht: 0,51781,3,3,0,09,13,6,0,0,1,1,0,0,0,0
"POINT (6.758938884000031 51.387587308000036)",Unfall 51913 (2023) Kat:3, Licht: 0,51913,3,2,0,09,12,5,0,0,1,1,0,0,0,0
"POINT (6.772574323000072 51.494257986000036)",Unfall 51915 (2023) Kat:3, Licht: 0,51915,3,3,5,09,14,5,0,0,1,1,0,0,0,0
"POINT (6.752871961000039 51.352847870000062)",Unfall 51916 (2023) Kat:3, Licht: 0,51916,3,1,8,09,07,5,0,0,0,1,0,0,0,0
"POINT (6.808409539000024 51.432769868000037)",Unfall 51918 (2023) Kat:3, Licht: 0,51918,3,6,1,09,19,5,0,0,0,1,0,0,0,0
"POINT (6.778332049000028 51.491580912000074)",Unfall 52007 (2023) Kat:3, Licht: 0,52007,3,6,4,09,10,5,0,0,0,1,0,0,0,0
"POINT (6.764406267000027 51.502344948000029)",Unfall 52044 (2023) Kat:3, Licht: 0,52044,3,6,2,09,18,4,0,0,0,1,0,0,0,0
"POINT (6.740010073000064 51.354938102000062)",Unfall 52097 (2023) Kat:3, Licht: 0,52097,3,3,5,10,11,2,0,0,0,1,0,0,0,1
"POINT (6.794630383000026 51.393477501000064)",Unfall 52098 (2023) Kat:3, Licht: 0,52098,3,2,2,10,11,2,0,0,0,1,0,1,0,0
"POINT (6.767729129000031 51.466761399000063)",Unfall 52099 (2023) Kat:3, Licht: 0,52099,3,6,3,10,08,2,0,0,0,1,0,1,0,0
"POINT (6.751639912000030 51.396668540000064)",Unfall 52158 (2023) Kat:3, Licht: 0,52158,3,2,3,10,11,1,0,0,1,1,0,0,0,0
"POINT (6.719202138000071 51.536011716000075)",Unfall 52159 (2023) Kat:2, Licht: 0,52159,2,4,0,10,17,1,0,0,0,1,1,0,0,0
"POINT (6.774583127000028 51.488706906000061)",Unfall 52160 (2023) Kat:3, Licht: 2,52160,3,3,5,10,02,1,0,2,0,1,0,0,0,0
"POINT (6.817646650000029 51.493384200000037)",Unfall 52231 (2023) Kat:2, Licht: 2,52231,2,6,2,10,22,7,0,2,0,1,0,1,0,0
"POINT (6.707588252000050 51.438719150000054)",Unfall 52325 (2023) Kat:3, Licht: 0,52325,3,6,2,10,13,6,0,0,0,1,0,0,0,0
"POINT (6.742809763000025 51.527324169000053)",Unfall 52326 (2023) Kat:3, Licht: 0,52326,3,2,5,10,17,6,0,0,0,1,0,0,0,0
"POINT (6.770183660000043 51.485852384000054)",Unfall 52327 (2023) Kat:3, Licht: 2,52327,3,6,1,10,21,6,0,2,0,1,0,0,0,0
"POINT (6.798647902000027 51.423101466000048)",Unfall 52331 (2023) Kat:3, Licht: 1,52331,3,6,2,10,18,6,0,1,0,1,0,0,0,0
"POINT (6.767305872000065 51.467018332000066)",Unfall 52333 (2023) Kat:3, Licht: 0,52333,3,3,3,10,13,6,0,0,0,1,0,0,1,0
"POINT (6.793836511000052 51.429406536000045)",Unfall 52412 (2023) Kat:3, Licht: 0,52412,3,2,0,10,16,5,0,0,1,1,0,0,0,0
"POINT (6.711803622000048 51.473434980000036)",Unfall 52413 (2023) Kat:3, Licht: 0,52413,3,7,0,10,15,5,0,0,0,1,0,0,0,0
"POINT (6.733033206000073 51.466621661000033)",Unfall 52414 (2023) Kat:3, Licht: 0,52414,3,3,5,10,14,5,0,0,0,1,0,0,0,1
"POINT (6.770845199000064 51.418964948000053)",Unfall 52415 (2023) Kat:2, Licht: 0,52415,2,6,2,10,16,5,0,0,0,1,0,0,0,0
"POINT (6.780157077000069 51.484904520000043)",Unfall 52447 (2023) Kat:3, Licht: 0,52447,3,6,2,10,09,2,0,0,0,1,0,0,0,1
"POINT (6.742844349000052 51.525125618000061)",Unfall 52488 (2023) Kat:3, Licht: 0,52488,3,7,0,10,16,4,0,0,1,0,0,0,1,0
"POINT (6.765300447000072 51.493325214000038)",Unfall 52491 (2023) Kat:3, Licht: 0,52491,3,6,2,10,07,4,0,0,0,1,0,0,0,0
"POINT (6.784759354000073 51.447264962000077)",Unfall 52493 (2023) Kat:3, Licht: 0,52493,3,6,6,10,12,4,0,0,0,1,1,0,1,0
"POINT (6.734411136000062 51.479712451000069)",Unfall 52612 (2023) Kat:3, Licht: 0,52612,3,7,4,10,11,2,0,0,0,1,0,0,0,0
"POINT (6.712158929000054 51.410602349000044)",Unfall 52696 (2023) Kat:3, Licht: 0,52696,3,6,2,10,18,1,0,0,0,1,0,0,0,0
"POINT (6.714894763000075 51.406143679000081)",Unfall 52698 (2023) Kat:3, Licht: 1,52698,3,7,7,10,18,1,0,1,0,1,0,0,0,0
"POINT (6.767453537000051 51.484772628000030)",Unfall 52699 (2023) Kat:3, Licht: 0,52699,3,7,5,10,17,1,0,0,0,1,0,0,0,1
"POINT (6.734239402000071 51.472298463000072)",Unfall 52700 (2023) Kat:2, Licht: 0,52700,2,2,5,10,13,1,0,0,1,1,0,0,0,0
"POINT (6.777267911000024 51.514046076000056)",Unfall 52702 (2023) Kat:2, Licht: 0,52702,2,3,5,10,15,1,0,0,0,1,0,1,0,0
"POINT (6.730614277000029 51.411346046000062)",Unfall 52792 (2023) Kat:3, Licht: 1,52792,3,1,2,09,06,7,0,1,0,1,0,0,0,0
"POINT (6.769837420000044 51.381042627000056)",Unfall 52794 (2023) Kat:3, Licht: 0,52794,3,6,1,10,18,4,0,0,0,1,0,0,0,0
"POINT (6.691996977000031 51.448421924000058)",Unfall 52898 (2023) Kat:3, Licht: 0,52898,3,6,0,09,15,6,0,0,0,1,0,1,0,0
"POINT (6.794334675000073 51.484465243000045)",Unfall 52899 (2023) Kat:3, Licht: 0,52899,3,6,3,09,11,6,0,0,0,1,0,0,1,0
"POINT (6.780143923000026 51.484897556000078)",Unfall 52901 (2023) Kat:3, Licht: 1,52901,3,6,2,09,19,6,0,1,0,1,0,0,0,0
"POINT (6.730481346000033 51.411468577000051)",Unfall 53022 (2023) Kat:3, Licht: 0,53022,3,6,4,09,18,5,0,0,1,0,0,0,0,0
"POINT (6.741098289000035 51.517347943000061)",Unfall 53023 (2023) Kat:3, Licht: 0,53023,3,3,5,09,16,5,0,0,1,0,0,1,0,0
"POINT (6.817616641000029 51.493346377000080)",Unfall 53031 (2023) Kat:2, Licht: 0,53031,2,6,2,09,15,5,0,0,0,1,0,0,0,1
"POINT (6.778364704000069 51.385475113000041)",Unfall 53148 (2023) Kat:3, Licht: 0,53148,3,7,8,09,11,4,0,0,1,0,0,0,0,1
"POINT (6.752183858000024 51.487244875000044)",Unfall 53151 (2023) Kat:3, Licht: 2,53151,3,6,2,09,20,4,0,2,0,1,0,0,0,0
"POINT (6.697968040000035 51.363236643000050)",Unfall 53301 (2023) Kat:3, Licht: 0,53301,3,6,2,09,15,3,0,0,0,1,0,0,1,0
"POINT (6.807031716000040 51.433166468000081)",Unfall 53302 (2023) Kat:3, Licht: 0,53302,3,6,2,09,16,3,0,0,0,1,0,0,0,0
"POINT (6.771931996000035 51.495648016000075)",Unfall 53304 (2023) Kat:3, Licht: 0,53304,3,6,5,09,12,3,0,0,0,1,0,0,0,0
"POINT (6.767502306000040 51.467119171000036)",Unfall 53306 (2023) Kat:3, Licht: 0,53306,3,6,2,09,12,3,0,0,0,1,0,0,0,0
"POINT (6.790259190000029 51.447969009000076)",Unfall 53308 (2023) Kat:3, Licht: 0,53308,3,6,3,09,15,3,0,0,0,1,0,0,1,0
"POINT (6.800433576000046 51.443782629000054)",Unfall 53377 (2023) Kat:3, Licht: 2,53377,3,6,2,09,22,7,0,2,0,1,0,0,0,0
"POINT (6.687952308000035 51.358295218000080)",Unfall 53443 (2023) Kat:3, Licht: 0,53443,3,3,5,09,14,2,0,0,0,1,0,0,0,0
"POINT (6.697170392000032 51.449573961000056)",Unfall 53444 (2023) Kat:3, Licht: 0,53444,3,7,0,09,10,2,0,0,0,1,0,0,0,1
"POINT (6.727336694000030 51.522492197000076)",Unfall 53445 (2023) Kat:2, Licht: 2,53445,2,6,4,09,06,2,0,2,0,1,0,0,1,0
"POINT (6.741216491000046 51.534554863000039)",Unfall 53446 (2023) Kat:3, Licht: 0,53446,3,3,5,09,07,2,0,0,1,1,0,0,0,0
"POINT (6.766472228000055 51.461770163000040)",Unfall 53448 (2023) Kat:2, Licht: 0,53448,2,1,6,09,17,2,0,0,0,1,1,0,0,0
"POINT (6.802732267000067 51.426567561000070)",Unfall 53450 (2023) Kat:1, Licht: 0,53450,1,6,2,09,13,2,0,0,0,1,0,0,1,0
"POINT (6.769285289000038 51.462697764000040)",Unfall 53451 (2023) Kat:3, Licht: 0,53451,3,6,2,09,17,2,0,0,0,1,0,0,0,0