WKT,Name,OBJECTID,UKATEGORIE,UTYP1,UART,UMONAT,USTUNDE,UWOCHENTAG,STRZUSTAND,ULICHTVERH,ISTRAD,ISTPKW,ISTFUSS,ISTKRAD,ISTGKFZ,ISTSONSTIG
"POINT (6.769572700000026 51.416326319000063)",Unfall 53561 (2023) Kat:2, Licht: 2,53561,2,3,5,10,19,6,0,2,1,0,0,0,0,1
"POINT (6.711875871000075 51.414873704000058)",Unfall 53570 (2023) Kat:3, Licht: 0,53570,3,6,2,10,08,4,0,0,0,1,0,0,0,0
"POINT (6.738827410000056 51.537850379000076)",Unfall 53575 (2023) Kat:2, Licht: 0,53575,2,2,5,09,14,1,0,0,0,1,0,1,0,0
"POINT (6.789369202000046 51.487221897000040)",Unfall 53576 (2023) Kat:3, Licht: 0,53576,3,7,4,09,12,1,0,0,0,1,0,0,0,0
"POINT (6.769441036000046 51.462756060000061)",Unfall 53581 (2023) Kat:3, Licht: 2,53581,3,6,1,09,19,1,0,2,0,1,0,0,0,0
"POINT (6.778832568000041 51.416431783000064)",Unfall 53687 (2023) Kat:3, Licht: 0,53687,3,4,6,09,18,7,0,0,0,1,1,0,0,0
"POINT (6.748763782000026 51.468082592000030)",Unfall 53688 (2023) Kat:3, Licht: 0,53688,3,1,8,09,18,7,0,0,0,1,0,0,0,0
"POINT (6.778919230000042 51.372071434000077)",Unfall 53807 (2023) Kat:3, Licht: 1,53807,3,2,5,10,16,6,1,1,1,1,0,0,0,0
"POINT (6.668640790000040 51.482866047000073)",Unfall 53808 (2023) Kat:2, Licht: 2,53808,2,2,5,10,19,6,1,2,0,1,0,0,0,1
"POINT (6.711876299000039 51.414890331000038)",Unfall 53809 (2023) Kat:3, Licht: 0,53809,3,2,6,10,08,6,1,0,0,1,1,0,0,0
"POINT (6.772505463000073 51.429284749000033)",Unfall 53814 (2023) Kat:3, Licht: 1,53814,3,6,2,10,18,6,1,1,0,1,0,0,0,0
"POINT (6.719135180000023 51.365695326000036)",Unfall 53911 (2023) Kat:2, Licht: 0,53911,2,2,5,10,13,5,0,0,1,1,0,0,0,0
"POINT (6.733673973000066 51.477674109000077)",Unfall 53912 (2023) Kat:3, Licht: 0,53912,3,1,8,10,07,5,1,0,0,0,0,0,0,1
"POINT (6.750327393000020 51.507145180000066)",Unfall 53913 (2023) Kat:3, Licht: 0,53913,3,5,1,10,16,5,0,0,0,1,0,0,0,0
"POINT (6.764806550000060 51.494052455000030)",Unfall 53915 (2023) Kat:3, Licht: 0,53915,3,6,2,10,08,5,0,0,0,1,0,0,1,0
"POINT (6.766290967000032 51.491274195000074)",Unfall 53916 (2023) Kat:3, Licht: 1,53916,3,6,2,10,08,5,1,1,0,1,0,0,0,0
"POINT (6.688672384000029 51.417420644000060)",Unfall 54116 (2023) Kat:3, Licht: 0,54116,3,1,0,10,15,3,1,0,1,0,0,0,0,0
"POINT (6.760130259000050 51.507360802000051)",Unfall 54121 (2023) Kat:2, Licht: 2,54121,2,1,7,10,22,3,1,2,0,0,0,1,0,0
"POINT (6.741166520000036 51.515498755000067)",Unfall 54241 (2023) Kat:3, Licht: 2,54241,3,3,4,10,20,2,1,2,0,1,0,0,0,0
"POINT (6.671063949000029 51.437251939000078)",Unfall 54243 (2023) Kat:2, Licht: 0,54243,2,6,1,10,08,2,0,0,0,1,0,0,1,1
"POINT (6.797861038000065 51.422040036000055)",Unfall 54323 (2023) Kat:3, Licht: 2,54323,3,1,9,10,06,1,1,2,0,1,0,0,0,1
"POINT (6.640803839000057 51.393246354000041)",Unfall 54402 (2023) Kat:2, Licht: 0,54402,2,7,5,10,10,7,1,0,1,1,0,0,0,0
"POINT (6.705944859000056 51.420497860000069)",Unfall 54403 (2023) Kat:3, Licht: 0,54403,3,7,6,10,18,7,0,0,0,1,1,0,0,0
"POINT (6.763483614000052 51.489066464000075)",Unfall 54404 (2023) Kat:3, Licht: 2,54404,3,6,0,10,22,7,0,2,1,1,0,0,0,0
"POINT (6.778540916000054 51.372024752000073)",Unfall 54534 (2023) Kat:3, Licht: 0,54534,3,3,5,10,13,6,1,0,1,1,0,0,0,0
"POINT (6.733567014000073 51.478150513000060)",Unfall 54535 (2023) Kat:3, Licht: 0,54535,3,5,1,10,17,6,1,0,0,1,0,0,0,0
"POINT (6.812458004000064 51.441868346000035)",Unfall 54538 (2023) Kat:3, Licht: 0,54538,3,6,3,10,12,6,1,0,0,1,0,0,1,0
"POINT (6.778279529000031 51.444497120000051)",Unfall 54540 (2023) Kat:3, Licht: 0,54540,3,6,2,10,14,6,1,0,0,1,0,0,0,0
"POINT (6.779962669000042 51.372473969000055)",Unfall 54679 (2023) Kat:3, Licht: 0,54679,3,3,5,10,11,5,0,0,0,1,0,0,0,1
"POINT (6.756918513000073 51.436879676000046)",Unfall 54680 (2023) Kat:3, Licht: 0,54680,3,7,1,10,07,5,1,0,1,1,0,0,0,0
"POINT (6.699672870000029 51.452781107000078)",Unfall 54681 (2023) Kat:3, Licht: 0,54681,3,4,6,10,07,5,0,0,0,1,1,0,0,0
"POINT (6.813756474000058 51.463006027000063)",Unfall 54684 (2023) Kat:3, Licht: 2,54684,3,1,8,10,04,5,1,2,0,1,0,0,0,0
"POINT (6.773700095000038 51.382893160000037)",Unfall 54723 (2023) Kat:3, Licht: 0,54723,3,7,0,10,15,6,1,0,1,0,1,0,0,0
"POINT (6.768284373000029 51.444417822000048)",Unfall 54777 (2023) Kat:3, Licht: 0,54777,3,6,3,10,09,6,1,0,0,1,0,0,0,0
"POINT (6.691193092000049 51.357944358000054)",Unfall 54792 (2023) Kat:3, Licht: 0,54792,3,6,3,10,10,4,0,0,0,1,0,0,1,0
"POINT (6.647204892000047 51.491740157000038)",Unfall 54797 (2023) Kat:3, Licht: 0,54797,3,6,3,10,15,4,0,0,0,1,0,0,1,0
"POINT (6.724946790000047 51.367755693000049)",Unfall 54906 (2023) Kat:3, Licht: 0,54906,3,3,5,10,14,3,0,0,1,1,0,0,0,0
"POINT (6.791281302000073 51.392325129000028)",Unfall 54907 (2023) Kat:2, Licht: 0,54907,2,2,6,10,16,3,0,0,0,1,1,0,0,0
"POINT (6.751959071000044 51.469654032000051)",Unfall 54909 (2023) Kat:3, Licht: 0,54909,3,3,5,10,14,3,0,0,1,1,0,0,0,0
"POINT (6.820079976000045 51.497679273000074)",Unfall 54912 (2023) Kat:2, Licht: 0,54912,2,6,2,10,17,3,0,0,0,1,0,0,1,1
"POINT (6.771008382000048 51.461235749000082)",Unfall 54913 (2023) Kat:3, Licht: 1,54913,3,6,1,10,19,3,0,1,0,1,0,0,0,0
"POINT (6.759013193000044 51.378019083000027)",Unfall 55037 (2023) Kat:3, Licht: 2,55037,3,7,6,10,07,2,0,2,0,1,1,0,0,0
"POINT (6.753179403000047 51.395729267000036)",Unfall 55040 (2023) Kat:3, Licht: 0,55040,3,6,2,10,14,2,0,0,0,1,0,0,0,0
"POINT (6.764805064000029 51.428615100000059)",Unfall 55041 (2023) Kat:3, Licht: 1,55041,3,6,0,10,20,2,0,1,1,0,0,0,0,1
"POINT (6.688798528000063 51.386508735000064)",Unfall 55042 (2023) Kat:3, Licht: 2,55042,3,6,2,10,06,2,1,2,0,1,0,0,0,0
"POINT (6.742858414000068 51.523945110000057)",Unfall 55043 (2023) Kat:3, Licht: 0,55043,3,1,1,10,10,2,0,0,0,1,0,0,0,0
"POINT (6.792179858000054 51.447718898000062)",Unfall 55045 (2023) Kat:3, Licht: 0,55045,3,6,2,10,14,2,0,0,0,1,0,0,1,0
"POINT (6.767915386000027 51.465726700000062)",Unfall 55047 (2023) Kat:3, Licht: 2,55047,3,6,2,10,06,2,0,2,0,1,0,0,1,0
"POINT (6.646844743000031 51.491808271000082)",Unfall 55048 (2023) Kat:3, Licht: 2,55048,3,1,2,10,21,2,0,2,0,1,0,0,0,0
"POINT (6.779964420000056 51.484802520000073)",Unfall 55094 (2023) Kat:3, Licht: 0,55094,3,6,2,10,07,5,1,0,0,1,0,0,0,0
"POINT (6.795833900000048 51.437853392000079)",Unfall 55101 (2023) Kat:2, Licht: 2,55101,2,2,4,10,20,6,1,2,0,1,0,1,0,0
"POINT (6.704656474000046 51.398122502000035)",Unfall 55125 (2023) Kat:3, Licht: 2,55125,3,6,2,10,20,1,0,2,0,1,0,0,0,0
"POINT (6.819447521000029 51.496996607000028)",Unfall 55130 (2023) Kat:3, Licht: 2,55130,3,6,2,10,19,1,0,2,0,1,0,0,0,0
"POINT (6.810413793000066 51.495383713000081)",Unfall 55152 (2023) Kat:3, Licht: 0,55152,3,2,6,10,08,6,1,0,0,1,1,0,0,0
"POINT (6.771375691000060 51.462883561000069)",Unfall 55178 (2023) Kat:3, Licht: 0,55178,3,6,2,10,14,5,0,0,0,1,0,0,0,0
"POINT (6.755527291000021 51.426575252000077)",Unfall 55207 (2023) Kat:3, Licht: 0,55207,3,5,1,10,12,7,0,0,1,1,0,0,0,0
"POINT (6.779516640000054 51.370544934000065)",Unfall 55251 (2023) Kat:3, Licht: 2,55251,3,1,0,10,01,1,0,2,1,0,0,0,0,0
"POINT (6.788011518000076 51.424169326000026)",Unfall 55321 (2023) Kat:3, Licht: 0,55321,3,2,5,10,16,6,0,0,1,1,0,0,0,0
"POINT (6.737733319000029 51.456440565000037)",Unfall 55322 (2023) Kat:3, Licht: 0,55322,3,3,5,10,09,6,1,0,0,1,0,0,0,1
"POINT (6.788783039000066 51.475011044000041)",Unfall 55323 (2023) Kat:3, Licht: 2,55323,3,1,6,10,20,6,1,2,0,1,1,0,0,0
"POINT (6.773606025000049 51.491967095000064)",Unfall 55324 (2023) Kat:3, Licht: 0,55324,3,7,0,10,09,6,0,0,0,1,0,0,0,0
"POINT (6.771416771000077 51.494801192000068)",Unfall 55325 (2023) Kat:3, Licht: 2,55325,3,6,2,10,19,6,1,2,0,1,0,0,0,0
"POINT (6.765691721000053 51.473441788000059)",Unfall 55329 (2023) Kat:3, Licht: 0,55329,3,6,2,10,12,6,0,0,0,1,0,0,0,0
"POINT (6.752912560000027 51.414821969000059)",Unfall 55368 (2023) Kat:3, Licht: 2,55368,3,7,0,10,04,3,0,2,1,0,0,0,0,0
"POINT (6.741363902000046 51.517893797000056)",Unfall 55463 (2023) Kat:3, Licht: 2,55463,3,3,5,10,19,5,1,2,0,1,0,0,0,0
"POINT (6.808063694000055 51.436288622000063)",Unfall 55464 (2023) Kat:2, Licht: 2,55464,2,1,3,10,06,5,1,2,0,1,0,0,1,0
"POINT (6.808643909000068 51.459988244000044)",Unfall 55465 (2023) Kat:3, Licht: 0,55465,3,6,2,10,14,5,0,0,0,1,0,0,0,0
"POINT (6.759109454000054 51.391257646000042)",Unfall 55610 (2023) Kat:3, Licht: 0,55610,3,3,5,10,12,4,0,0,1,1,0,0,0,0
"POINT (6.776921693000077 51.406236616000058)",Unfall 55611 (2023) Kat:3, Licht: 0,55611,3,3,5,10,16,4,0,0,0,1,0,0,0,0
"POINT (6.686014628000066 51.444941721000077)",Unfall 55612 (2023) Kat:3, Licht: 0,55612,3,2,6,10,16,4,0,0,0,1,1,0,0,0
"POINT (6.742808422000053 51.527291187000060)",Unfall 55613 (2023) Kat:3, Licht: 2,55613,3,3,5,10,20,4,0,2,0,1,0,0,0,1
"POINT (6.760287281000046 51.466958595000051)",Unfall 55614 (2023) Kat:3, Licht: 0,55614,3,6,2,10,08,4,0,0,0,1,0,0,0,0
"POINT (6.757851652000056 51.527189221000071)",Unfall 55615 (2023) Kat:3, Licht: 0,55615,3,6,2,10,11,4,0,0,0,1,0,0,0,0
"POINT (6.724230446000035 51.438724582000077)",Unfall 55616 (2023) Kat:3, Licht: 0,55616,3,6,2,10,15,4,0,0,0,1,0,0,0,0
"POINT (6.754221714000039 51.480461221000041)",Unfall 55630 (2023) Kat:3, Licht: 2,55630,3,6,0,10,05,5,1,2,1,1,0,0,0,0
"POINT (6.795607780000068 51.439399645000037)",Unfall 55667 (2023) Kat:3, Licht: 0,55667,3,2,3,10,12,6,0,0,1,1,0,0,0,0
"POINT (6.771260017000031 51.470531676000064)",Unfall 55678 (2023) Kat:3, Licht: 2,55678,3,4,6,10,07,6,1,2,0,1,1,0,0,0
"POINT (6.772826812000062 51.488025359000062)",Unfall 55721 (2023) Kat:3, Licht: 2,55721,3,2,5,10,20,4,1,2,0,1,0,0,0,0
"POINT (6.749143644000071 51.498423152000044)",Unfall 55771 (2023) Kat:2, Licht: 2,55771,2,3,0,10,05,5,1,2,1,1,0,0,0,0
"POINT (6.780719731000033 51.423388632000069)",Unfall 55885 (2023) Kat:3, Licht: 0,55885,3,4,0,10,11,4,0,0,0,0,1,0,0,1
"POINT (6.770467576000044 51.461549890000072)",Unfall 55928 (2023) Kat:3, Licht: 2,55928,3,6,2,11,20,5,1,2,0,1,0,0,0,0
"POINT (6.751509689000045 51.365244371000074)",Unfall 56002 (2023) Kat:3, Licht: 0,56002,3,3,5,11,08,4,1,0,1,1,0,0,0,0
"POINT (6.704015726000023 51.415141110000036)",Unfall 56003 (2023) Kat:3, Licht: 0,56003,3,3,5,11,14,4,0,0,1,1,0,0,0,0
"POINT (6.771970669000041 51.495435381000050)",Unfall 56004 (2023) Kat:3, Licht: 0,56004,3,5,9,11,08,4,0,0,0,1,0,0,0,0
"POINT (6.743926541000064 51.511777174000031)",Unfall 56005 (2023) Kat:2, Licht: 2,56005,2,2,5,11,19,4,1,2,0,1,0,0,0,1
"POINT (6.711309058000040 51.404369987000052)",Unfall 56104 (2023) Kat:3, Licht: 2,56104,3,2,4,11,20,3,0,2,0,1,0,0,0,0
"POINT (6.756832777000056 51.471129342000040)",Unfall 56105 (2023) Kat:3, Licht: 0,56105,3,4,6,11,08,3,1,0,0,1,1,0,0,0
"POINT (6.765059806000068 51.498104661000070)",Unfall 56106 (2023) Kat:2, Licht: 0,56106,2,3,5,11,08,3,1,0,0,1,0,0,0,0
"POINT (6.765006506000020 51.498134183000047)",Unfall 56107 (2023) Kat:3, Licht: 0,56107,3,7,0,11,11,3,1,0,0,0,0,0,0,1
"POINT (6.795693771000060 51.503117521000036)",Unfall 56109 (2023) Kat:3, Licht: 0,56109,3,3,5,11,15,3,0,0,0,1,0,0,0,1
"POINT (6.754418979000036 51.509157417000040)",Unfall 56110 (2023) Kat:3, Licht: 0,56110,3,3,5,11,14,3,0,0,0,1,0,0,0,0
"POINT (6.766042507000066 51.474309897000069)",Unfall 56112 (2023) Kat:3, Licht: 0,56112,3,6,2,11,14,3,0,0,0,1,0,0,0,0
"POINT (6.692999904000033 51.448999233000052)",Unfall 56218 (2023) Kat:3, Licht: 0,56218,3,2,0,11,07,2,1,0,0,0,0,0,0,1
"POINT (6.785943103000022 51.488879625000038)",Unfall 56219 (2023) Kat:3, Licht: 0,56219,3,1,0,11,10,2,0,0,1,0,0,0,0,0
"POINT (6.767200311000067 51.475557280000032)",Unfall 56220 (2023) Kat:3, Licht: 2,56220,3,6,2,11,18,2,0,2,0,1,0,0,0,0
"POINT (6.721411312000043 51.478421696000055)",Unfall 56221 (2023) Kat:2, Licht: 2,56221,2,1,8,11,17,2,1,2,0,1,0,0,0,0
"POINT (6.752858059000062 51.412469134000048)",Unfall 56248 (2023) Kat:3, Licht: 0,56248,3,6,2,11,11,4,0,0,0,1,0,1,0,0
"POINT (6.731202212000028 51.545407697000030)",Unfall 56298 (2023) Kat:3, Licht: 2,56298,3,6,1,11,17,1,1,2,0,1,0,0,0,0
"POINT (6.763167136000050 51.489073309000048)",Unfall 56299 (2023) Kat:3, Licht: 2,56299,3,1,9,11,23,1,1,2,0,1,0,0,0,0
"POINT (6.798267500000065 51.423013990000072)",Unfall 56369 (2023) Kat:3, Licht: 2,56369,3,1,8,11,21,7,1,2,0,1,0,0,0,0
"POINT (6.764556285000026 51.485526306000054)",Unfall 56371 (2023) Kat:3, Licht: 0,56371,3,3,3,11,16,7,1,0,0,1,0,0,0,0
"POINT (6.715151583000022 51.415256551000027)",Unfall 56451 (2023) Kat:3, Licht: 0,56451,3,2,5,11,16,6,0,0,1,1,0,0,0,0
"POINT (6.796076643000049 51.457539384000029)",Unfall 56452 (2023) Kat:3, Licht: 0,56452,3,2,3,11,09,6,0,0,0,0,0,0,1,0
"POINT (6.779266696000036 51.357570806000069)",Unfall 56558 (2023) Kat:2, Licht: 0,56558,2,2,3,11,08,5,1,0,1,1,0,0,0,0
"POINT (6.791916424000021 51.392506543000081)",Unfall 56559 (2023) Kat:3, Licht: 0,56559,3,3,5,11,15,5,0,0,1,1,0,0,0,0
"POINT (6.784190209000030 51.420967962000077)",Unfall 56560 (2023) Kat:2, Licht: 0,56560,2,1,0,11,16,5,0,0,0,0,0,0,0,1
"POINT (6.774993608000045 51.437551660000054)",Unfall 56561 (2023) Kat:3, Licht: 0,56561,3,2,4,11,08,5,1,0,0,0,0,0,1,1
"POINT (6.781989034000048 51.432236279000051)",Unfall 56562 (2023) Kat:3, Licht: 0,56562,3,5,1,11,10,5,1,0,1,1,0,0,0,0
"POINT (6.769558831000040 51.495876139000075)",Unfall 56563 (2023) Kat:3, Licht: 0,56563,3,4,6,11,16,5,0,0,0,1,1,0,0,0
"POINT (6.754070213000034 51.433355056000039)",Unfall 56643 (2023) Kat:3, Licht: 0,56643,3,3,5,11,09,4,1,0,0,1,0,0,0,0
"POINT (6.783095200000048 51.421688201000052)",Unfall 56644 (2023) Kat:3, Licht: 2,56644,3,1,6,11,17,4,1,2,1,0,1,0,0,0
"POINT (6.699459353000066 51.400350564000064)",Unfall 56645 (2023) Kat:3, Licht: 0,56645,3,3,5,11,11,4,0,0,0,1,0,0,0,0
"POINT (6.711875871000075 51.414873704000058)",Unfall 56646 (2023) Kat:3, Licht: 0,56646,3,4,6,11,14,4,0,0,0,1,1,0,0,0
"POINT (6.798623375000034 51.433268075000058)",Unfall 56752 (2023) Kat:2, Licht: 2,56752,2,4,6,10,17,3,1,2,0,1,1,0,0,0
"POINT (6.795958674000076 51.432402693000029)",Unfall 56753 (2023) Kat:3, Licht: 1,56753,3,5,1,10,17,3,0,1,1,1,0,0,0,0
"POINT (6.773859169000048 51.433458771000062)",Unfall 56754 (2023) Kat:3, Licht: 0,56754,3,7,0,10,08,3,0,0,0,1,0,0,0,1
"POINT (6.766095117000020 51.435306944000047)",Unfall 56755 (2023) Kat:3, Licht: 0,56755,3,2,5,10,07,3,0,0,1,0,0,0,1,0
"POINT (6.769634848000067 51.501007612000080)",Unfall 56756 (2023) Kat:3, Licht: 0,56756,3,7,9,10,14,3,0,0,0,1,0,0,0,0
"POINT (6.768357513000069 51.464413321000052)",Unfall 56762 (2023) Kat:3, Licht: 2,56762,3,6,2,10,05,3,1,2,0,1,0,0,0,0
"POINT (6.701305030000071 51.475383708000038)",Unfall 56869 (2023) Kat:3, Licht: 0,56869,3,5,0,11,15,5,0,0,0,0,1,0,0,1
"POINT (6.778964903000031 51.432220999000037)",Unfall 56913 (2023) Kat:2, Licht: 0,56913,2,7,0,10,09,2,0,0,0,0,0,0,0,1
"POINT (6.677079662000040 51.378794923000044)",Unfall 56914 (2023) Kat:3, Licht: 2,56914,3,2,5,10,18,2,1,2,1,1,0,0,0,0
"POINT (6.762385961000064 51.419531960000029)",Unfall 57009 (2023) Kat:3, Licht: 0,57009,3,4,6,10,16,1,1,0,1,0,1,0,0,0
"POINT (6.713894036000056 51.548333298000045)",Unfall 57010 (2023) Kat:3, Licht: 0,57010,3,3,5,10,09,1,0,0,1,0,0,0,0,0
"POINT (6.748192278000033 51.442631985000048)",Unfall 57096 (2023) Kat:3, Licht: 0,57096,3,1,0,10,13,7,0,0,0,0,0,1,0,0
"POINT (6.757581220000077 51.430936877000079)",Unfall 57097 (2023) Kat:3, Licht: 0,57097,3,7,0,10,13,7,0,0,0,0,0,0,0,1
"POINT (6.800636052000073 51.424845149000078)",Unfall 57098 (2023) Kat:3, Licht: 2,57098,3,6,0,10,20,7,1,2,0,1,0,0,0,0
"POINT (6.754464937000023 51.422943015000044)",Unfall 57179 (2023) Kat:3, Licht: 0,57179,3,6,0,11,13,7,1,0,0,1,0,0,0,1
"POINT (6.775185094000051 51.488024165000070)",Unfall 57180 (2023) Kat:3, Licht: 2,57180,3,2,6,11,17,7,1,2,0,1,1,0,0,0
"POINT (6.736845518000052 51.435751136000079)",Unfall 57182 (2023) Kat:3, Licht: 2,57182,3,6,0,11,23,7,1,2,0,1,0,0,0,0
"POINT (6.727830075000043 51.438513057000080)",Unfall 57184 (2023) Kat:3, Licht: 2,57184,3,6,0,11,01,7,1,2,0,1,0,0,0,0
"POINT (6.744123613000056 51.351917866000065)",Unfall 57281 (2023) Kat:3, Licht: 2,57281,3,3,5,11,17,6,1,2,1,1,0,0,0,0
"POINT (6.761532606000060 51.444012019000070)",Unfall 57282 (2023) Kat:3, Licht: 1,57282,3,3,5,11,08,6,1,1,0,1,0,0,1,0
"POINT (6.733091722000040 51.456022251000036)",Unfall 57283 (2023) Kat:3, Licht: 1,57283,3,4,6,11,15,6,1,1,0,1,1,0,0,0
"POINT (6.792730621000032 51.486248201000080)",Unfall 57284 (2023) Kat:3, Licht: 1,57284,3,3,5,11,06,6,1,1,1,0,0,0,1,0
"POINT (6.759773073000076 51.510374004000028)",Unfall 57285 (2023) Kat:3, Licht: 2,57285,3,3,5,11,17,6,1,2,0,1,0,0,0,1
"POINT (6.816337071000021 51.470761211000081)",Unfall 57289 (2023) Kat:3, Licht: 2,57289,3,6,1,11,05,6,1,2,0,1,0,0,0,0
"POINT (6.767298563000054 51.489459551000039)",Unfall 57290 (2023) Kat:3, Licht: 0,57290,3,6,2,11,11,6,1,0,0,1,0,0,0,0
"POINT (6.779304681000042 51.484452035000061)",Unfall 57291 (2023) Kat:3, Licht: 0,57291,3,1,2,11,13,6,0,0,0,1,0,0,0,1
"POINT (6.767773827000042 51.476288578000037)",Unfall 57292 (2023) Kat:3, Licht: 0,57292,3,6,2,11,13,6,1,0,0,1,0,0,0,0
"POINT (6.820132762000071 51.497787026000026)",Unfall 57293 (2023) Kat:3, Licht: 2,57293,3,6,2,11,17,6,1,2,0,1,0,0,0,0
"POINT (6.776298973000053 51.406911600000058)",Unfall 57401 (2023) Kat:3, Licht: 2,57401,3,6,2,11,21,5,1,2,0,1,0,0,0,0
"POINT (6.765315786000031 51.426070841000069)",Unfall 57402 (2023) Kat:3, Licht: 1,57402,3,6,1,11,08,5,1,1,0,1,0,0,0,0
"POINT (6.739511350000043 51.515059795000070)",Unfall 57493 (2023) Kat:3, Licht: 0,57493,3,5,1,11,07,4,0,0,0,1,0,0,0,0
"POINT (6.751467807000040 51.460059724000075)",Unfall 57494 (2023) Kat:3, Licht: 0,57494,3,3,3,11,14,4,0,0,1,0,0,0,1,0
"POINT (6.737657097000067 51.358743119000053)",Unfall 57686 (2023) Kat:3, Licht: 0,57686,3,6,1,11,08,2,1,0,0,1,0,0,0,1
"POINT (6.751349816000072 51.402935167000066)",Unfall 57687 (2023) Kat:3, Licht: 0,57687,3,4,6,11,15,2,0,0,0,1,1,0,0,0
"POINT (6.772084064000069 51.427268874000049)",Unfall 57688 (2023) Kat:2, Licht: 0,57688,2,2,5,11,12,2,0,0,0,1,0,0,0,0
"POINT (6.711875871000075 51.414873704000058)",Unfall 57689 (2023) Kat:3, Licht: 0,57689,3,4,6,11,15,2,0,0,0,1,1,0,0,0
"POINT (6.750654447000045 51.459817964000081)",Unfall 57690 (2023) Kat:3, Licht: 2,57690,3,2,5,11,18,2,0,2,0,1,0,0,0,0
"POINT (6.814067889000057 51.486229300000048)",Unfall 57693 (2023) Kat:3, Licht: 1,57693,3,6,2,11,16,2,0,1,0,1,0,0,0,1
"POINT (6.768568130000062 51.487402125000074)",Unfall 57709 (2023) Kat:3, Licht: 2,57709,3,6,3,11,18,5,1,2,0,1,0,0,0,0
"POINT (6.768373015000066 51.496466556000030)",Unfall 57777 (2023) Kat:2, Licht: 2,57777,2,6,1,11,00,1,1,2,0,1,0,0,0,0
"POINT (6.765253763000032 51.498012441000071)",Unfall 57778 (2023) Kat:3, Licht: 2,57778,3,6,1,11,03,1,1,2,0,1,0,0,0,0
"POINT (6.776261235000050 51.434131788000059)",Unfall 57782 (2023) Kat:3, Licht: 2,57782,3,6,3,11,20,1,1,2,0,1,0,0,0,0
"POINT (6.778853748000074 51.448535070000048)",Unfall 57855 (2023) Kat:3, Licht: 2,57855,3,6,2,11,18,1,1,2,0,1,0,0,0,0
"POINT (6.790832416000057 51.486954250000053)",Unfall 57869 (2023) Kat:3, Licht: 0,57869,3,3,5,11,14,7,1,0,0,1,0,0,0,0
"POINT (6.797119926000050 51.418647337000039)",Unfall 57870 (2023) Kat:3, Licht: 0,57870,3,6,2,11,10,7,0,0,0,1,0,0,0,0
"POINT (6.664593324000066 51.484346549000065)",Unfall 57873 (2023) Kat:3, Licht: 2,57873,3,1,0,11,17,7,1,2,0,1,0,0,1,0
"POINT (6.792314601000044 51.486451237000040)",Unfall 57985 (2023) Kat:3, Licht: 1,57985,3,6,2,11,15,6,1,1,0,1,0,0,0,0
"POINT (6.759033599000077 51.510688900000048)",Unfall 57986 (2023) Kat:3, Licht: 2,57986,3,3,3,11,17,6,0,2,0,1,0,0,0,0
"POINT (6.759810892000075 51.507754963000082)",Unfall 57987 (2023) Kat:3, Licht: 2,57987,3,6,2,11,04,6,0,2,0,1,0,0,1,0
"POINT (6.759806249000064 51.507761196000047)",Unfall 58080 (2023) Kat:2, Licht: 0,58080,2,6,2,11,10,5,1,0,0,1,0,0,1,0
"POINT (6.776375462000033 51.406824488000041)",Unfall 58343 (2023) Kat:3, Licht: 2,58343,3,6,2,11,17,3,1,2,0,1,0,0,0,0
"POINT (6.780987914000036 51.432135988000027)",Unfall 58344 (2023) Kat:3, Licht: 2,58344,3,2,0,11,17,3,1,2,1,1,0,0,0,0
"POINT (6.741775388000065 51.491540954000072)",Unfall 58346 (2023) Kat:3, Licht: 2,58346,3,2,5,11,05,3,1,2,0,1,0,0,0,0
"POINT (6.701955108000050 51.399219471000038)",Unfall 58491 (2023) Kat:3, Licht: 0,58491,3,6,8,11,13,2,1,0,0,0,0,0,1,1
"POINT (6.773688748000041 51.488337861000048)",Unfall 58492 (2023) Kat:3, Licht: 0,58492,3,6,1,11,13,2,1,0,0,1,0,0,0,0
"POINT (6.761602726000035 51.434659972000077)",Unfall 58569 (2023) Kat:3, Licht: 2,58569,3,1,0,11,18,6,0,2,1,0,0,0,0,0
"POINT (6.767187830000069 51.371226604000071)",Unfall 58642 (2023) Kat:3, Licht: 2,58642,3,7,0,11,03,7,1,2,0,0,0,0,0,1
"POINT (6.754758464000076 51.424025944000050)",Unfall 58737 (2023) Kat:3, Licht: 0,58737,3,2,3,11,15,6,0,0,1,1,0,0,0,0
"POINT (6.773579822000045 51.370885824000027)",Unfall 58761 (2023) Kat:2, Licht: 0,58761,2,2,5,11,14,2,1,0,1,1,0,0,0,0
"POINT (6.734957723000036 51.456019550000065)",Unfall 58776 (2023) Kat:3, Licht: 2,58776,3,4,6,11,17,6,1,2,0,1,1,0,0,0
"POINT (6.753725457000030 51.498106336000035)",Unfall 58777 (2023) Kat:2, Licht: 1,58777,2,2,5,11,17,6,1,1,0,1,0,0,0,0
"POINT (6.765531848000023 51.490805008000052)",Unfall 59022 (2023) Kat:3, Licht: 1,59022,3,3,5,12,07,2,0,1,1,1,0,0,0,0
"POINT (6.779032471000050 51.484308647000034)",Unfall 59023 (2023) Kat:3, Licht: 0,59023,3,6,2,12,12,2,0,0,0,1,0,0,0,0
"POINT (6.812325102000045 51.399754716000075)",Unfall 59133 (2023) Kat:3, Licht: 2,59133,3,1,9,12,02,7,1,2,0,1,0,0,0,0
"POINT (6.765059806000068 51.498104661000070)",Unfall 59134 (2023) Kat:3, Licht: 2,59134,3,3,5,12,19,7,0,2,0,1,0,0,0,0