WKT,Name,OBJECTID,UKATEGORIE,UTYP1,UART,UMONAT,USTUNDE,UWOCHENTAG,STRZUSTAND,ULICHTVERH,ISTRAD,ISTPKW,ISTFUSS,ISTKRAD,ISTGKFZ,ISTSONSTIG
"POINT (6.733784235000030 51.406820511000035)",Unfall 180676 (2023) Kat:3, Licht: 1,180676,3,7,0,06,22,7,0,1,1,0,0,0,0,0
"POINT (6.749947890000044 51.506787129000031)",Unfall 180677 (2023) Kat:3, Licht: 2,180677,3,7,2,06,00,7,0,2,0,1,0,0,0,0
"POINT (6.790524326000025 51.433532631000048)",Unfall 180770 (2023) Kat:3, Licht: 0,180770,3,2,6,06,12,6,0,0,0,1,1,0,0,0
"POINT (6.755083298000045 51.422336307000080)",Unfall 180855 (2023) Kat:3, Licht: 0,180855,3,6,2,07,17,2,1,0,0,1,0,0,0,0
"POINT (6.700315316000058 51.447620887000028)",Unfall 180902 (2023) Kat:3, Licht: 2,180902,3,7,0,07,00,1,0,2,1,0,0,0,0,0
"POINT (6.774150083000052 51.512641748000078)",Unfall 180939 (2023) Kat:3, Licht: 0,180939,3,7,1,07,09,7,0,0,0,1,0,0,0,1
"POINT (6.795278180000025 51.400911116000032)",Unfall 180999 (2023) Kat:3, Licht: 0,180999,3,1,9,07,11,6,0,0,0,0,0,1,0,0
"POINT (6.715503177000073 51.408751118000055)",Unfall 181000 (2023) Kat:3, Licht: 0,181000,3,2,5,07,09,6,0,0,1,1,0,0,0,0
"POINT (6.794558048000056 51.497525689000042)",Unfall 181001 (2023) Kat:3, Licht: 2,181001,3,1,8,07,23,6,0,2,0,1,0,0,0,0
"POINT (6.734727528000064 51.398705815000028)",Unfall 181056 (2023) Kat:2, Licht: 0,181056,2,3,5,07,16,5,0,0,0,1,0,0,0,0
"POINT (6.792379097000037 51.494778986000028)",Unfall 181125 (2023) Kat:3, Licht: 0,181125,3,1,0,07,09,4,1,0,1,0,0,0,0,0
"POINT (6.786486802000070 51.490265159000046)",Unfall 181165 (2023) Kat:3, Licht: 0,181165,3,3,5,07,18,5,1,0,0,1,0,0,0,0
"POINT (6.778373861000034 51.429564913000036)",Unfall 181186 (2023) Kat:3, Licht: 0,181186,3,4,0,07,08,3,0,0,0,1,1,0,0,0
"POINT (6.699906441000053 51.451777808000031)",Unfall 181232 (2023) Kat:2, Licht: 0,181232,2,6,0,07,10,2,0,0,0,1,0,0,0,0
"POINT (6.776213042000052 51.469226447000040)",Unfall 181255 (2023) Kat:3, Licht: 0,181255,3,5,0,07,16,2,0,0,1,1,0,0,0,0
"POINT (6.817824808000069 51.503568220000034)",Unfall 181256 (2023) Kat:2, Licht: 1,181256,2,1,8,07,21,2,0,1,0,0,0,1,0,0
"POINT (6.749276718000033 51.507274015000064)",Unfall 181257 (2023) Kat:3, Licht: 0,181257,3,7,5,07,16,2,0,0,0,1,0,0,0,0
"POINT (6.780439404000049 51.360475845000053)",Unfall 181303 (2023) Kat:2, Licht: 0,181303,2,6,2,07,11,1,0,0,1,0,0,0,0,0
"POINT (6.750222415000053 51.381433411000046)",Unfall 181352 (2023) Kat:3, Licht: 0,181352,3,7,0,07,10,7,0,0,1,0,0,0,0,0
"POINT (6.751322427000048 51.405098877000057)",Unfall 181353 (2023) Kat:3, Licht: 0,181353,3,7,0,07,20,7,0,0,1,0,0,0,0,0
"POINT (6.776091506000057 51.409913923000033)",Unfall 181354 (2023) Kat:3, Licht: 0,181354,3,6,2,07,13,7,0,0,0,1,0,0,0,0
"POINT (6.784176852000030 51.419349223000040)",Unfall 181355 (2023) Kat:3, Licht: 0,181355,3,3,5,07,14,7,0,0,0,1,0,0,0,0
"POINT (6.707514564000064 51.449395106000054)",Unfall 181356 (2023) Kat:3, Licht: 0,181356,3,3,5,07,20,7,0,0,1,1,0,0,0,0
"POINT (6.712335863000021 51.405809984000030)",Unfall 181467 (2023) Kat:3, Licht: 0,181467,3,2,0,07,07,4,1,0,1,1,0,0,0,0
"POINT (6.709450679000042 51.416566676000059)",Unfall 181516 (2023) Kat:3, Licht: 0,181516,3,3,5,07,10,5,0,0,1,1,0,0,0,0
"POINT (6.756029730000023 51.419891367000048)",Unfall 181586 (2023) Kat:3, Licht: 0,181586,3,7,6,07,18,4,1,0,0,1,1,0,0,0
"POINT (6.731018407000022 51.432766667000067)",Unfall 181644 (2023) Kat:3, Licht: 0,181644,3,4,6,07,16,3,0,0,0,1,1,0,0,0
"POINT (6.693380986000022 51.454930712000078)",Unfall 181645 (2023) Kat:2, Licht: 0,181645,2,5,6,07,08,3,0,0,0,1,1,0,0,0
"POINT (6.733682036000062 51.368604135000055)",Unfall 181810 (2023) Kat:2, Licht: 0,181810,2,1,9,07,17,7,0,0,0,0,0,1,0,0
"POINT (6.773714326000061 51.485879490000059)",Unfall 181868 (2023) Kat:3, Licht: 0,181868,3,3,0,08,12,2,1,0,0,1,0,0,0,1
"POINT (6.789188837000040 51.420038918000046)",Unfall 181898 (2023) Kat:3, Licht: 0,181898,3,7,0,08,13,1,1,0,0,0,0,1,0,0
"POINT (6.753886694000073 51.404471349000062)",Unfall 182007 (2023) Kat:3, Licht: 0,182007,3,4,6,08,11,6,0,0,0,1,1,0,0,0
"POINT (6.730489694000028 51.453000428000053)",Unfall 182008 (2023) Kat:3, Licht: 0,182008,3,7,3,08,18,6,1,0,1,0,0,0,0,0
"POINT (6.777787572000022 51.458524227000055)",Unfall 182009 (2023) Kat:3, Licht: 0,182009,3,6,0,08,14,6,0,0,0,1,0,0,0,0
"POINT (6.666378508000037 51.424680912000042)",Unfall 182103 (2023) Kat:3, Licht: 0,182103,3,3,0,08,15,4,1,0,0,1,0,1,0,0
"POINT (6.756561476000059 51.505284904000064)",Unfall 182111 (2023) Kat:3, Licht: 0,182111,3,3,5,08,11,4,1,0,0,1,0,0,0,0
"POINT (6.763035889000037 51.401233459000082)",Unfall 182174 (2023) Kat:3, Licht: 0,182174,3,7,0,08,19,3,0,0,0,0,0,0,0,1
"POINT (6.761681411000040 51.433339955000065)",Unfall 182175 (2023) Kat:3, Licht: 0,182175,3,2,5,08,15,3,1,0,1,0,0,1,0,0
"POINT (6.687872405000064 51.426184430000035)",Unfall 182176 (2023) Kat:3, Licht: 0,182176,3,2,0,08,10,3,0,0,0,1,0,1,0,0
"POINT (6.775055016000067 51.401237887000036)",Unfall 182302 (2023) Kat:2, Licht: 0,182302,2,5,1,07,08,7,1,0,0,1,0,0,0,0
"POINT (6.685073852000073 51.456018902000039)",Unfall 182356 (2023) Kat:3, Licht: 0,182356,3,3,5,07,16,6,0,0,0,1,0,1,0,0
"POINT (6.788538730000027 51.496279883000057)",Unfall 182415 (2023) Kat:3, Licht: 0,182415,3,3,5,07,15,5,1,0,0,1,0,0,0,0
"POINT (6.767091759000039 51.377662982000061)",Unfall 182554 (2023) Kat:3, Licht: 0,182554,3,5,1,07,18,2,1,0,1,1,0,0,0,0
"POINT (6.758626529000026 51.501176352000073)",Unfall 182555 (2023) Kat:3, Licht: 1,182555,3,3,5,07,20,2,0,1,0,1,0,0,0,0
"POINT (6.794622104000041 51.404074208000054)",Unfall 182596 (2023) Kat:3, Licht: 2,182596,3,1,8,07,04,1,0,2,0,1,0,0,0,0
"POINT (6.759079361000033 51.470045852000055)",Unfall 182597 (2023) Kat:3, Licht: 0,182597,3,3,5,07,16,1,0,0,1,1,0,0,0,0
"POINT (6.769098526000050 51.430674940000074)",Unfall 182695 (2023) Kat:3, Licht: 0,182695,3,7,9,07,20,6,0,0,0,1,1,0,0,0
"POINT (6.784240675000035 51.426401975000033)",Unfall 182696 (2023) Kat:3, Licht: 2,182696,3,1,0,07,21,6,0,2,1,1,0,0,0,0
"POINT (6.718093188000068 51.410407124000074)",Unfall 182697 (2023) Kat:3, Licht: 0,182697,3,2,5,07,12,6,0,0,0,1,0,0,0,1
"POINT (6.731105808000052 51.516158772000040)",Unfall 182758 (2023) Kat:3, Licht: 0,182758,3,2,5,07,20,5,0,0,1,1,0,0,0,0
"POINT (6.780288183000039 51.478790976000028)",Unfall 182760 (2023) Kat:3, Licht: 0,182760,3,7,0,07,08,5,1,0,0,0,0,1,0,0
"POINT (6.817227878000040 51.494665858000076)",Unfall 182761 (2023) Kat:3, Licht: 2,182761,3,1,2,07,22,5,0,2,0,0,0,0,0,1
"POINT (6.762446667000063 51.505036441000073)",Unfall 182762 (2023) Kat:3, Licht: 0,182762,3,7,0,07,17,5,0,0,0,0,0,0,0,1
"POINT (6.719517195000037 51.404591730000050)",Unfall 182822 (2023) Kat:3, Licht: 0,182822,3,4,6,07,17,4,0,0,0,1,1,0,0,0
"POINT (6.814297005000071 51.498723597000037)",Unfall 182974 (2023) Kat:3, Licht: 0,182974,3,6,6,08,15,7,0,0,0,1,1,0,0,0
"POINT (6.712335863000021 51.405809984000030)",Unfall 183037 (2023) Kat:3, Licht: 0,183037,3,2,3,08,09,6,0,0,1,1,0,0,0,0
"POINT (6.717028822000032 51.404723602000047)",Unfall 183038 (2023) Kat:3, Licht: 0,183038,3,1,6,08,13,6,0,0,0,1,1,0,0,0
"POINT (6.774221937000050 51.512643314000059)",Unfall 183039 (2023) Kat:3, Licht: 0,183039,3,5,1,08,12,6,0,0,0,1,0,0,0,0
"POINT (6.781581224000035 51.427923400000054)",Unfall 183117 (2023) Kat:3, Licht: 0,183117,3,3,0,08,08,5,0,0,1,1,0,0,0,0
"POINT (6.780791124000075 51.467676530000062)",Unfall 183118 (2023) Kat:3, Licht: 0,183118,3,7,0,08,09,5,0,0,0,0,1,0,0,1
"POINT (6.683118348000050 51.455687461000082)",Unfall 183186 (2023) Kat:3, Licht: 0,183186,3,5,8,08,18,4,0,0,0,1,0,0,0,0
"POINT (6.778739273000042 51.472961197000075)",Unfall 183187 (2023) Kat:3, Licht: 1,183187,3,3,5,08,21,4,0,1,0,1,0,0,0,1
"POINT (6.711166680000076 51.385680681000053)",Unfall 183323 (2023) Kat:3, Licht: 0,183323,3,1,0,08,12,5,0,0,0,0,0,0,0,1
"POINT (6.806691419000060 51.384530197000061)",Unfall 183425 (2023) Kat:3, Licht: 0,183425,3,7,0,08,15,1,0,0,1,0,0,0,0,0
"POINT (6.787270959000068 51.350284650000049)",Unfall 183569 (2023) Kat:3, Licht: 0,183569,3,6,3,08,12,6,0,0,1,0,0,0,0,1
"POINT (6.755416992000050 51.431312289000061)",Unfall 183570 (2023) Kat:3, Licht: 0,183570,3,6,0,08,11,6,0,0,0,0,0,0,1,1
"POINT (6.777732314000048 51.408071128000074)",Unfall 183571 (2023) Kat:2, Licht: 0,183571,2,7,5,08,17,6,0,0,0,1,0,1,0,0
"POINT (6.778373861000034 51.429564913000036)",Unfall 183572 (2023) Kat:3, Licht: 1,183572,3,1,2,08,05,6,0,1,1,1,0,0,0,0
"POINT (6.751906154000039 51.434091490000071)",Unfall 183573 (2023) Kat:3, Licht: 0,183573,3,6,0,08,13,6,0,0,0,1,0,0,0,0
"POINT (6.775768423000045 51.467438651000066)",Unfall 183574 (2023) Kat:3, Licht: 0,183574,3,7,6,08,15,6,0,0,0,0,1,0,0,1
"POINT (6.757183638000072 51.503753701000051)",Unfall 183575 (2023) Kat:2, Licht: 0,183575,2,4,6,08,14,6,0,0,0,1,1,0,0,0
"POINT (6.759408320000034 51.424613429000033)",Unfall 183766 (2023) Kat:3, Licht: 0,183766,3,6,5,08,12,4,0,0,1,1,0,1,0,0
"POINT (6.718629956000029 51.539930887000025)",Unfall 183767 (2023) Kat:3, Licht: 2,183767,3,6,5,08,21,4,0,2,0,1,0,1,0,0
"POINT (6.787099557000033 51.457885147000070)",Unfall 183768 (2023) Kat:3, Licht: 0,183768,3,3,5,08,08,4,1,0,1,1,0,0,0,0
"POINT (6.783399632000055 51.471827702000041)",Unfall 183850 (2023) Kat:3, Licht: 0,183850,3,1,5,08,17,3,0,0,0,1,0,0,0,0
"POINT (6.799644598000043 51.433101170000043)",Unfall 183968 (2023) Kat:3, Licht: 0,183968,3,3,5,09,16,7,0,0,1,1,0,0,0,0
"POINT (6.761186203000022 51.406417269000031)",Unfall 184051 (2023) Kat:3, Licht: 0,184051,3,3,5,09,17,6,1,0,0,1,0,0,0,0
"POINT (6.683973585000047 51.450937107000073)",Unfall 184052 (2023) Kat:3, Licht: 0,184052,3,4,6,09,10,6,1,0,0,1,1,0,0,0
"POINT (6.765511077000042 51.530785702000060)",Unfall 184287 (2023) Kat:3, Licht: 0,184287,3,7,0,08,16,3,0,0,1,1,0,0,0,0
"POINT (6.782636232000073 51.500347826000052)",Unfall 184288 (2023) Kat:3, Licht: 0,184288,3,2,6,08,12,3,0,0,0,0,1,0,0,1
"POINT (6.766184883000051 51.415479334000054)",Unfall 184353 (2023) Kat:3, Licht: 0,184353,3,6,2,09,19,7,0,0,0,1,0,0,0,0
"POINT (6.707488766000040 51.438030275000074)",Unfall 184355 (2023) Kat:3, Licht: 0,184355,3,3,5,08,11,2,0,0,1,1,0,0,0,0
"POINT (6.742141354000069 51.447983310000041)",Unfall 184356 (2023) Kat:3, Licht: 0,184356,3,2,0,08,11,2,0,0,1,1,0,0,0,0
"POINT (6.754490812000029 51.469748901000060)",Unfall 184357 (2023) Kat:3, Licht: 2,184357,3,4,6,08,21,2,0,2,0,0,1,0,0,1
"POINT (6.707795705000024 51.393437527000060)",Unfall 184559 (2023) Kat:3, Licht: 0,184559,3,3,5,08,15,6,1,0,1,1,0,0,0,0
"POINT (6.770167441000069 51.532072924000033)",Unfall 184560 (2023) Kat:3, Licht: 2,184560,3,7,0,08,21,6,1,2,0,1,0,1,0,0
"POINT (6.775959569000065 51.485476221000056)",Unfall 184561 (2023) Kat:3, Licht: 0,184561,3,7,4,08,00,6,0,0,0,1,0,0,0,0
"POINT (6.779720183000052 51.493326351000064)",Unfall 184563 (2023) Kat:3, Licht: 2,184563,3,1,1,08,23,6,0,2,0,1,0,0,0,0
"POINT (6.752446988000031 51.501203716000077)",Unfall 184564 (2023) Kat:2, Licht: 0,184564,2,3,5,08,18,6,1,0,0,1,0,0,0,1
"POINT (6.765406759000030 51.425152011000080)",Unfall 184651 (2023) Kat:3, Licht: 0,184651,3,3,5,08,09,5,0,0,1,1,0,0,0,0
"POINT (6.759545511000056 51.506626925000035)",Unfall 184652 (2023) Kat:3, Licht: 0,184652,3,4,6,08,13,5,0,0,0,1,1,0,0,0
"POINT (6.782319281000071 51.433386048000045)",Unfall 184846 (2023) Kat:3, Licht: 0,184846,3,7,0,09,13,6,1,0,0,0,1,0,0,1
"POINT (6.658427351000057 51.399946349000061)",Unfall 184850 (2023) Kat:3, Licht: 2,184850,3,1,0,08,21,3,0,2,1,0,0,0,0,0
"POINT (6.749664448000033 51.484210504000032)",Unfall 184954 (2023) Kat:3, Licht: 0,184954,3,6,2,08,15,4,0,0,0,1,0,0,0,0
"POINT (6.702439297000069 51.406580661000078)",Unfall 184964 (2023) Kat:3, Licht: 0,184964,3,7,6,08,15,2,0,0,1,0,1,0,0,0
"POINT (6.776315883000052 51.365391549000037)",Unfall 185010 (2023) Kat:3, Licht: 0,185010,3,7,0,09,10,5,0,0,1,0,0,0,0,0
"POINT (6.778382740000040 51.429021393000028)",Unfall 185011 (2023) Kat:3, Licht: 0,185011,3,6,1,09,17,5,0,0,0,1,0,0,0,0
"POINT (6.716137063000076 51.456345439000074)",Unfall 185145 (2023) Kat:3, Licht: 2,185145,3,1,0,09,22,3,1,2,0,0,0,1,0,0
"POINT (6.767190275000075 51.431065865000051)",Unfall 185199 (2023) Kat:3, Licht: 0,185199,3,7,5,09,16,4,0,0,0,1,0,0,0,1
"POINT (6.781190719000051 51.404503091000038)",Unfall 185230 (2023) Kat:1, Licht: 0,185230,1,3,5,09,12,2,0,0,1,1,0,0,0,0
"POINT (6.745621232000076 51.439215147000027)",Unfall 185231 (2023) Kat:3, Licht: 0,185231,3,6,2,09,14,2,0,0,0,1,0,0,1,0
"POINT (6.722901850000028 51.402814614000079)",Unfall 185232 (2023) Kat:2, Licht: 0,185232,2,2,4,09,15,2,0,0,1,1,0,0,0,0
"POINT (6.772989042000063 51.493187220000038)",Unfall 185233 (2023) Kat:3, Licht: 0,185233,3,7,0,09,14,2,0,0,0,0,0,0,0,1
"POINT (6.783844299000066 51.388149600000077)",Unfall 185280 (2023) Kat:3, Licht: 0,185280,3,6,1,09,14,1,0,0,0,1,0,0,0,0
"POINT (6.690753450000045 51.456256292000035)",Unfall 185281 (2023) Kat:3, Licht: 0,185281,3,1,3,09,15,1,0,0,1,0,0,0,0,0
"POINT (6.688523465000060 51.450407435000045)",Unfall 185364 (2023) Kat:3, Licht: 0,185364,3,6,0,09,16,7,0,0,0,0,0,1,0,0
"POINT (6.798138081000047 51.502390817000048)",Unfall 185365 (2023) Kat:3, Licht: 0,185365,3,4,6,09,18,7,0,0,0,0,1,0,0,1
"POINT (6.729329184000051 51.395676224000056)",Unfall 185455 (2023) Kat:3, Licht: 0,185455,3,3,5,09,09,6,0,0,0,0,0,0,1,1
"POINT (6.746202199000038 51.517573483000035)",Unfall 185456 (2023) Kat:3, Licht: 0,185456,3,3,4,09,12,6,0,0,1,1,0,0,0,0
"POINT (6.791553959000055 51.413239415000078)",Unfall 185570 (2023) Kat:3, Licht: 0,185570,3,6,0,09,17,5,0,0,1,1,0,0,0,0
"POINT (6.804698023000071 51.432859031000078)",Unfall 185571 (2023) Kat:3, Licht: 1,185571,3,3,5,09,20,5,0,1,1,1,0,0,0,0
"POINT (6.730998130000046 51.537659946000076)",Unfall 185572 (2023) Kat:3, Licht: 0,185572,3,5,1,09,09,5,0,0,1,1,0,0,0,0
"POINT (6.785201815000050 51.431333000000052)",Unfall 185575 (2023) Kat:3, Licht: 0,185575,3,3,0,09,12,6,0,0,1,1,0,0,0,0
"POINT (6.755486575000020 51.431283129000064)",Unfall 185669 (2023) Kat:3, Licht: 0,185669,3,2,0,09,14,6,0,0,0,0,0,1,0,0
"POINT (6.791220510000073 51.413546275000044)",Unfall 185683 (2023) Kat:3, Licht: 0,185683,3,6,0,09,19,4,0,0,1,0,0,0,0,0
"POINT (6.761983957000041 51.502684496000029)",Unfall 185684 (2023) Kat:3, Licht: 0,185684,3,5,0,09,19,4,0,0,1,1,0,0,0,0
"POINT (6.729320775000076 51.455798970000046)",Unfall 185798 (2023) Kat:2, Licht: 0,185798,2,2,6,09,08,3,0,0,0,1,1,0,0,0
"POINT (6.773130850000030 51.489656541000045)",Unfall 185799 (2023) Kat:3, Licht: 0,185799,3,4,6,09,10,3,0,0,0,1,1,0,0,0
"POINT (6.779499346000023 51.473729322000054)",Unfall 185908 (2023) Kat:3, Licht: 0,185908,3,5,0,09,17,7,0,0,1,1,0,0,0,0
"POINT (6.761667417000069 51.390585345000034)",Unfall 185911 (2023) Kat:3, Licht: 0,185911,3,7,0,09,14,2,0,0,0,0,0,0,0,1
"POINT (6.761815341000045 51.421756836000043)",Unfall 185912 (2023) Kat:3, Licht: 0,185912,3,3,5,09,12,2,0,0,0,1,0,0,0,1
"POINT (6.678305669000054 51.455699995000032)",Unfall 185913 (2023) Kat:3, Licht: 0,185913,3,2,5,09,14,2,0,0,1,1,0,0,0,0
"POINT (6.723379061000060 51.365790646000050)",Unfall 185984 (2023) Kat:3, Licht: 2,185984,3,6,0,09,21,1,0,2,0,1,0,0,0,1
"POINT (6.805109712000046 51.495693480000057)",Unfall 185985 (2023) Kat:3, Licht: 2,185985,3,7,6,09,00,1,0,2,0,1,1,0,0,0
"POINT (6.685003011000049 51.353036211000074)",Unfall 185995 (2023) Kat:3, Licht: 0,185995,3,2,2,09,15,5,0,0,1,0,0,0,0,0
"POINT (6.755936791000067 51.458117355000070)",Unfall 185996 (2023) Kat:2, Licht: 0,185996,2,7,0,09,15,5,0,0,1,0,0,0,0,0
"POINT (6.795426196000051 51.490406160000077)",Unfall 185997 (2023) Kat:3, Licht: 0,185997,3,7,0,09,13,5,1,0,0,0,0,1,0,1
"POINT (6.704635779000057 51.394187669000075)",Unfall 186064 (2023) Kat:3, Licht: 0,186064,3,6,4,09,11,4,0,0,0,0,0,1,0,1
"POINT (6.761076002000038 51.504374820000066)",Unfall 186065 (2023) Kat:3, Licht: 0,186065,3,7,5,09,15,4,0,0,0,1,0,0,0,1
"POINT (6.738471220000065 51.438081462000071)",Unfall 186135 (2023) Kat:3, Licht: 0,186135,3,2,4,09,13,3,0,0,1,1,0,0,0,0
"POINT (6.776512713000045 51.460484283000028)",Unfall 186136 (2023) Kat:3, Licht: 2,186136,3,7,8,09,06,3,0,2,1,0,0,0,0,0
"POINT (6.753299866000020 51.530786461000048)",Unfall 186202 (2023) Kat:3, Licht: 0,186202,3,6,3,09,15,2,0,0,1,1,0,0,0,0
"POINT (6.775035447000050 51.489772116000040)",Unfall 186203 (2023) Kat:2, Licht: 2,186203,2,2,4,09,19,2,0,2,0,1,0,0,0,0
"POINT (6.676706211000067 51.382848746000036)",Unfall 186255 (2023) Kat:2, Licht: 0,186255,2,1,9,09,08,4,0,0,0,0,0,0,0,1
"POINT (6.756561476000059 51.505284904000064)",Unfall 186276 (2023) Kat:3, Licht: 0,186276,3,3,5,09,13,1,0,0,0,1,0,0,0,0
"POINT (6.754848000000038 51.415646475000074)",Unfall 186327 (2023) Kat:3, Licht: 0,186327,3,7,1,09,15,7,0,0,0,1,0,0,0,1
"POINT (6.663824042000044 51.402944709000053)",Unfall 186329 (2023) Kat:3, Licht: 0,186329,3,2,2,09,18,7,0,0,1,1,0,0,0,0
"POINT (6.765010312000072 51.415169400000082)",Unfall 186396 (2023) Kat:3, Licht: 0,186396,3,6,0,09,18,6,1,0,0,0,0,1,0,0
"POINT (6.701407651000068 51.418766135000055)",Unfall 186397 (2023) Kat:3, Licht: 0,186397,3,7,6,09,13,6,0,0,0,1,1,0,0,0
"POINT (6.781385730000068 51.375972777000072)",Unfall 186480 (2023) Kat:2, Licht: 0,186480,2,1,9,09,14,5,0,0,0,0,0,0,0,1
"POINT (6.782092449000061 51.469164194000030)",Unfall 186481 (2023) Kat:3, Licht: 0,186481,3,6,6,09,08,5,0,0,0,1,1,0,0,0
"POINT (6.790169253000045 51.441300892000072)",Unfall 186545 (2023) Kat:3, Licht: 0,186545,3,5,6,09,15,4,0,0,0,1,1,0,0,0
"POINT (6.796274997000069 51.388394679000044)",Unfall 186550 (2023) Kat:3, Licht: 0,186550,3,6,0,09,11,1,0,0,0,1,0,0,0,0
"POINT (6.758041930000047 51.400837519000049)",Unfall 186629 (2023) Kat:3, Licht: 0,186629,3,3,0,09,11,3,0,0,0,1,0,0,0,0
"POINT (6.747807514000044 51.425164923000068)",Unfall 186631 (2023) Kat:3, Licht: 0,186631,3,6,2,09,12,3,0,0,0,1,0,0,1,0
"POINT (6.726895231000071 51.436357090000058)",Unfall 186632 (2023) Kat:3, Licht: 0,186632,3,1,8,09,09,3,0,0,0,1,0,0,0,0
"POINT (6.775922191000063 51.492145925000045)",Unfall 186633 (2023) Kat:2, Licht: 0,186633,2,4,6,09,16,3,0,0,0,1,1,0,0,0
"POINT (6.783506832000057 51.499715112000047)",Unfall 186634 (2023) Kat:3, Licht: 0,186634,3,4,6,09,13,3,0,0,0,1,1,0,0,0
"POINT (6.771656522000058 51.429597258000058)",Unfall 186722 (2023) Kat:3, Licht: 0,186722,3,6,2,09,14,2,0,0,0,1,0,1,0,0
"POINT (6.739495900000065 51.449612050000042)",Unfall 186724 (2023) Kat:3, Licht: 0,186724,3,6,3,09,15,2,0,0,0,1,0,1,0,0
"POINT (6.728324688000043 51.455909764000069)",Unfall 186725 (2023) Kat:3, Licht: 0,186725,3,6,0,09,15,2,0,0,1,1,0,0,0,0
"POINT (6.800716612000031 51.498893829000053)",Unfall 186726 (2023) Kat:3, Licht: 0,186726,3,3,5,09,17,2,0,0,1,1,0,0,0,0
"POINT (6.661724374000073 51.397387774000038)",Unfall 186776 (2023) Kat:3, Licht: 0,186776,3,3,5,09,13,2,0,0,1,1,0,0,0,0
"POINT (6.720253788000036 51.545212492000076)",Unfall 186849 (2023) Kat:3, Licht: 0,186849,3,3,0,09,18,7,0,0,1,1,0,0,0,0
"POINT (6.747399723000058 51.382601899000065)",Unfall 186946 (2023) Kat:3, Licht: 0,186946,3,4,6,09,13,6,0,0,0,1,1,0,0,0
"POINT (6.751679190000061 51.386752251000075)",Unfall 187091 (2023) Kat:3, Licht: 0,187091,3,2,6,10,14,7,0,0,0,1,1,0,0,0
"POINT (6.784621858000037 51.436086402000058)",Unfall 187141 (2023) Kat:3, Licht: 2,187141,3,7,9,10,19,6,1,2,0,1,0,0,0,0
"POINT (6.763489880000066 51.523353465000071)",Unfall 187142 (2023) Kat:3, Licht: 0,187142,3,7,0,10,11,6,1,0,0,0,0,1,0,0
"POINT (6.788478613000052 51.491963849000058)",Unfall 187143 (2023) Kat:3, Licht: 0,187143,3,5,1,10,10,6,1,0,0,1,0,1,0,0
"POINT (6.776604003000045 51.514142163000031)",Unfall 187144 (2023) Kat:3, Licht: 0,187144,3,3,5,10,07,6,1,0,0,1,0,1,0,0
"POINT (6.759415725000053 51.432011765000027)",Unfall 187216 (2023) Kat:3, Licht: 2,187216,3,6,5,10,05,5,1,2,0,1,0,0,0,1
"POINT (6.769119308000029 51.430697092000059)",Unfall 187217 (2023) Kat:3, Licht: 0,187217,3,2,4,10,17,5,1,0,0,1,0,0,0,1
"POINT (6.786670774000072 51.438307754000050)",Unfall 187279 (2023) Kat:3, Licht: 0,187279,3,2,5,10,12,4,0,0,1,1,0,0,0,0
"POINT (6.775978802000054 51.485467127000049)",Unfall 187280 (2023) Kat:3, Licht: 0,187280,3,3,5,10,15,4,0,0,0,1,0,0,0,0
"POINT (6.748881964000020 51.508597554000062)",Unfall 187281 (2023) Kat:3, Licht: 0,187281,3,7,8,10,13,4,0,0,0,1,0,0,0,1
"POINT (6.794781797000041 51.427297460000034)",Unfall 187345 (2023) Kat:3, Licht: 0,187345,3,2,5,10,14,3,0,0,0,1,0,0,0,0
"POINT (6.772011744000054 51.430209634000050)",Unfall 187346 (2023) Kat:3, Licht: 0,187346,3,2,6,10,14,3,0,0,0,1,1,0,0,0
"POINT (6.735455496000043 51.539097373000061)",Unfall 187452 (2023) Kat:3, Licht: 2,187452,3,6,0,10,20,1,0,2,0,1,0,0,0,1
"POINT (6.684974503000035 51.353067303000046)",Unfall 187501 (2023) Kat:3, Licht: 0,187501,3,3,5,10,09,7,0,0,1,1,0,0,0,0
"POINT (6.752550100000065 51.400200911000070)",Unfall 187550 (2023) Kat:3, Licht: 0,187550,3,3,5,10,09,6,0,0,0,1,0,0,0,0
"POINT (6.691597050000041 51.384522554000057)",Unfall 187551 (2023) Kat:3, Licht: 0,187551,3,1,2,10,17,6,0,0,1,1,0,0,0,0
"POINT (6.772228372000029 51.492095950000078)",Unfall 187603 (2023) Kat:3, Licht: 0,187603,3,7,6,10,13,5,0,0,0,1,1,0,0,0
"POINT (6.775684841000043 51.461665942000081)",Unfall 187675 (2023) Kat:3, Licht: 0,187675,3,1,9,10,10,4,1,0,1,0,0,0,0,0
"POINT (6.781911290000039 51.428191072000061)",Unfall 187721 (2023) Kat:3, Licht: 2,187721,3,7,6,10,19,3,0,2,0,1,1,0,0,0
"POINT (6.777535510000064 51.525939803000028)",Unfall 187722 (2023) Kat:3, Licht: 0,187722,3,3,5,10,18,3,1,0,1,1,0,0,0,0