WKT,Name,OBJECTID,UKATEGORIE,UTYP1,UART,UMONAT,USTUNDE,UWOCHENTAG,STRZUSTAND,ULICHTVERH,ISTRAD,ISTPKW,ISTFUSS,ISTKRAD,ISTGKFZ,ISTSONSTIG
"POINT (6.785724411000047 51.422266932000070)",Unfall 25959 (2024) Kat:3, Licht: 2,25959,3,4,6,01,16,5,0,2,1,0,1,0,0,0
"POINT (6.750621750000050 51.487226812000074)",Unfall 26023 (2024) Kat:2, Licht: 2,26023,2,1,8,01,20,5,2,2,0,1,0,0,0,1
"POINT (6.757012486000065 51.486900575000050)",Unfall 26163 (2024) Kat:3, Licht: 0,26163,3,6,8,01,12,3,0,0,0,1,0,0,0,0
"POINT (6.800315924000074 51.455154618000051)",Unfall 26165 (2024) Kat:3, Licht: 0,26165,3,6,2,01,11,3,0,0,0,1,0,0,0,0
"POINT (6.778279529000031 51.444497120000051)",Unfall 26166 (2024) Kat:3, Licht: 0,26166,3,6,0,01,14,3,0,0,0,1,0,0,0,0
"POINT (6.784234340000069 51.511394338000059)",Unfall 26308 (2024) Kat:3, Licht: 0,26308,3,7,8,01,14,1,0,0,0,1,0,0,0,0
"POINT (6.784644388000061 51.432601710000029)",Unfall 26466 (2024) Kat:3, Licht: 1,26466,3,3,0,02,07,6,1,1,1,1,0,0,0,0
"POINT (6.752933603000031 51.486317719000056)",Unfall 26467 (2024) Kat:3, Licht: 2,26467,3,3,5,02,22,6,0,2,0,1,0,0,0,0
"POINT (6.742661026000064 51.512663701000065)",Unfall 26544 (2024) Kat:3, Licht: 0,26544,3,6,1,02,11,5,1,0,0,1,0,0,0,0
"POINT (6.780546960000038 51.437675054000067)",Unfall 26625 (2024) Kat:3, Licht: 2,26625,3,3,5,02,22,4,0,2,0,1,0,0,0,1
"POINT (6.809890160000066 51.463501472000075)",Unfall 26626 (2024) Kat:3, Licht: 2,26626,3,7,0,02,07,4,1,2,0,1,0,0,0,0
"POINT (6.769360047000021 51.444440542000052)",Unfall 26631 (2024) Kat:3, Licht: 0,26631,3,6,3,02,13,4,1,0,0,1,0,0,1,0
"POINT (6.778595725000059 51.363942512000051)",Unfall 26706 (2024) Kat:3, Licht: 0,26706,3,4,6,02,12,3,0,0,0,1,1,0,0,0
"POINT (6.793374857000060 51.433303928000043)",Unfall 26707 (2024) Kat:3, Licht: 0,26707,3,2,3,02,09,3,0,0,0,1,0,0,0,0
"POINT (6.671857270000032 51.438169599000048)",Unfall 26709 (2024) Kat:3, Licht: 2,26709,3,1,9,02,20,3,1,2,0,1,0,0,0,0
"POINT (6.767936771000052 51.405225358000052)",Unfall 26787 (2024) Kat:3, Licht: 0,26787,3,1,2,02,14,2,0,0,0,1,0,0,1,0
"POINT (6.778881464000051 51.432232705000047)",Unfall 26788 (2024) Kat:3, Licht: 0,26788,3,2,5,02,09,2,0,0,1,1,0,0,0,0
"POINT (6.744212074000075 51.501639207000039)",Unfall 26789 (2024) Kat:3, Licht: 1,26789,3,3,3,02,17,2,0,1,0,1,0,0,0,0
"POINT (6.760653897000054 51.500128039000060)",Unfall 26790 (2024) Kat:3, Licht: 0,26790,3,6,2,02,11,2,0,0,0,1,0,1,0,0
"POINT (6.808358566000038 51.433956928000043)",Unfall 26855 (2024) Kat:3, Licht: 0,26855,3,6,2,02,14,1,1,0,0,1,0,0,1,0
"POINT (6.770571657000062 51.422008356000049)",Unfall 26857 (2024) Kat:2, Licht: 2,26857,2,7,8,02,07,1,1,2,0,1,0,0,0,0
"POINT (6.750836877000040 51.507593076000035)",Unfall 26915 (2024) Kat:3, Licht: 0,26915,3,7,5,02,16,7,1,0,0,1,0,0,0,0
"POINT (6.789017620000038 51.394465682000032)",Unfall 26992 (2024) Kat:3, Licht: 2,26992,3,3,5,02,17,6,0,2,0,1,0,0,0,1
"POINT (6.747142495000048 51.419781139000065)",Unfall 26994 (2024) Kat:3, Licht: 0,26994,3,6,1,02,11,6,0,0,0,1,0,0,0,0
"POINT (6.710811968000030 51.402915609000047)",Unfall 27077 (2024) Kat:3, Licht: 0,27077,3,1,0,02,14,5,0,0,0,1,0,0,0,0
"POINT (6.740842119000035 51.516103922000070)",Unfall 27078 (2024) Kat:3, Licht: 0,27078,3,1,2,02,14,5,0,0,0,1,0,0,0,0
"POINT (6.738085500000068 51.539385752000044)",Unfall 27079 (2024) Kat:2, Licht: 2,27079,2,4,0,02,17,5,0,2,0,0,1,0,0,1
"POINT (6.816384074000041 51.469876763000059)",Unfall 27080 (2024) Kat:3, Licht: 0,27080,3,6,2,02,16,5,0,0,0,1,0,0,0,0
"POINT (6.737495049000074 51.479920013000026)",Unfall 27168 (2024) Kat:3, Licht: 0,27168,3,7,1,01,13,4,0,0,1,1,0,0,0,1
"POINT (6.775687005000066 51.433124891000034)",Unfall 27189 (2024) Kat:3, Licht: 1,27189,3,2,4,02,17,2,0,1,0,1,0,0,0,0
"POINT (6.778944514000045 51.368073237000033)",Unfall 27233 (2024) Kat:3, Licht: 0,27233,3,6,3,01,13,3,0,0,1,0,1,0,0,0
"POINT (6.713677106000034 51.437303464000081)",Unfall 27235 (2024) Kat:2, Licht: 0,27235,2,7,7,01,13,3,0,0,0,0,0,0,0,1
"POINT (6.719106300000021 51.365683706000027)",Unfall 27303 (2024) Kat:3, Licht: 0,27303,3,2,5,01,14,2,0,0,0,0,0,1,0,1
"POINT (6.778328396000063 51.452569520000054)",Unfall 27307 (2024) Kat:2, Licht: 2,27307,2,6,2,01,20,2,0,2,0,1,0,1,0,0
"POINT (6.669922884000073 51.437224947000061)",Unfall 27308 (2024) Kat:3, Licht: 2,27308,3,6,2,01,07,2,0,2,0,1,0,1,0,0
"POINT (6.764925338000069 51.497944338000082)",Unfall 27375 (2024) Kat:3, Licht: 0,27375,3,3,5,01,13,1,0,0,0,1,0,0,0,0
"POINT (6.769711925000024 51.512495650000062)",Unfall 27400 (2024) Kat:3, Licht: 2,27400,3,1,0,02,05,7,0,2,0,1,0,0,0,1
"POINT (6.771792382000058 51.494799537000063)",Unfall 27457 (2024) Kat:3, Licht: 2,27457,3,7,5,01,18,7,0,2,0,1,0,0,0,1
"POINT (6.774274264000042 51.445386019000068)",Unfall 27459 (2024) Kat:3, Licht: 0,27459,3,6,2,01,13,7,0,0,0,1,0,0,0,0
"POINT (6.749520693000022 51.352659560000063)",Unfall 27505 (2024) Kat:3, Licht: 2,27505,3,6,3,01,07,3,0,2,0,1,0,0,1,0
"POINT (6.718839919000061 51.456589660000077)",Unfall 27568 (2024) Kat:3, Licht: 2,27568,3,3,5,01,18,6,0,2,1,1,0,0,0,0
"POINT (6.711875871000075 51.414873704000058)",Unfall 27569 (2024) Kat:3, Licht: 1,27569,3,2,5,01,08,6,1,1,1,1,0,0,0,0
"POINT (6.724221247000060 51.525335441000038)",Unfall 27570 (2024) Kat:3, Licht: 0,27570,3,2,5,01,14,6,0,0,0,1,0,0,1,0
"POINT (6.743164596000042 51.370129477000035)",Unfall 27672 (2024) Kat:3, Licht: 2,27672,3,3,5,01,04,5,0,2,0,1,0,0,0,1
"POINT (6.782285084000023 51.419186606000039)",Unfall 27674 (2024) Kat:2, Licht: 2,27674,2,2,6,01,20,5,1,2,0,1,1,0,0,0
"POINT (6.780987914000036 51.432135988000027)",Unfall 27675 (2024) Kat:3, Licht: 2,27675,3,2,5,01,19,5,1,2,0,1,0,0,0,1
"POINT (6.741363902000046 51.517893797000056)",Unfall 27676 (2024) Kat:3, Licht: 2,27676,3,3,5,01,18,5,1,2,0,1,0,0,0,0
"POINT (6.791053535000060 51.447898450000082)",Unfall 27765 (2024) Kat:3, Licht: 0,27765,3,6,1,02,13,5,1,0,0,1,0,0,1,0
"POINT (6.757289728000046 51.480291496000063)",Unfall 27766 (2024) Kat:3, Licht: 0,27766,3,1,2,02,11,5,0,0,1,0,0,0,0,0
"POINT (6.740492210000070 51.369841406000035)",Unfall 27770 (2024) Kat:3, Licht: 2,27770,3,2,5,01,17,4,0,2,1,1,0,0,0,0
"POINT (6.742829644000039 51.525445592000040)",Unfall 27772 (2024) Kat:3, Licht: 0,27772,3,5,3,01,14,4,0,0,1,0,0,0,0,1
"POINT (6.773987156000032 51.493747089000067)",Unfall 27773 (2024) Kat:1, Licht: 0,27773,1,3,6,01,11,4,0,0,0,1,1,0,0,0
"POINT (6.701004251000029 51.399645404000069)",Unfall 27897 (2024) Kat:3, Licht: 0,27897,3,2,5,01,12,3,0,0,1,0,0,0,0,1
"POINT (6.810402396000029 51.463173777000065)",Unfall 27899 (2024) Kat:3, Licht: 2,27899,3,3,0,01,07,3,0,2,0,1,0,0,0,1
"POINT (6.716458293000073 51.437752766000074)",Unfall 27904 (2024) Kat:3, Licht: 0,27904,3,6,2,01,14,3,0,0,0,1,0,0,0,0
"POINT (6.780060853000066 51.372897661000081)",Unfall 28008 (2024) Kat:3, Licht: 0,28008,3,4,6,01,15,2,1,0,0,1,1,0,0,0
"POINT (6.779524619000028 51.360463063000054)",Unfall 28009 (2024) Kat:3, Licht: 0,28009,3,3,5,01,11,2,0,0,0,1,0,0,0,0
"POINT (6.657710218000034 51.396740382000075)",Unfall 28010 (2024) Kat:3, Licht: 2,28010,3,3,5,01,19,2,0,2,1,1,0,0,0,0
"POINT (6.713840206000043 51.415200616000050)",Unfall 28011 (2024) Kat:3, Licht: 0,28011,3,3,5,01,16,2,1,0,0,1,0,1,0,0
"POINT (6.766981419000047 51.475526424000066)",Unfall 28015 (2024) Kat:3, Licht: 0,28015,3,6,2,01,13,2,1,0,0,1,0,0,1,0
"POINT (6.741993023000020 51.520485854000071)",Unfall 28060 (2024) Kat:3, Licht: 2,28060,3,1,0,01,17,1,0,2,0,1,0,0,0,0
"POINT (6.775038668000036 51.437550956000052)",Unfall 28073 (2024) Kat:3, Licht: 2,28073,3,6,2,03,19,7,0,2,0,1,0,0,0,0
"POINT (6.731542564000051 51.498895922000031)",Unfall 28074 (2024) Kat:2, Licht: 0,28074,2,7,0,03,12,7,0,0,1,0,0,0,0,0
"POINT (6.765760205000049 51.469514731000061)",Unfall 28077 (2024) Kat:3, Licht: 0,28077,3,6,2,03,13,7,0,0,0,1,0,0,0,1
"POINT (6.784067414000049 51.353076446000046)",Unfall 28167 (2024) Kat:3, Licht: 0,28167,3,2,5,03,14,6,0,0,0,1,0,0,0,0
"POINT (6.648312288000056 51.509326833000046)",Unfall 28168 (2024) Kat:3, Licht: 0,28168,3,7,7,03,14,6,0,0,0,0,0,1,0,0
"POINT (6.736327364000033 51.480004780000058)",Unfall 28252 (2024) Kat:2, Licht: 1,28252,2,5,1,03,18,5,0,1,0,1,0,0,0,0
"POINT (6.798621576000073 51.495370293000065)",Unfall 28253 (2024) Kat:2, Licht: 0,28253,2,1,0,03,16,5,0,0,0,0,0,0,0,1
"POINT (6.742541391000032 51.521461898000041)",Unfall 28323 (2024) Kat:3, Licht: 0,28323,3,3,6,03,16,4,0,0,0,1,1,0,0,0
"POINT (6.741523027000028 51.518641251000076)",Unfall 28324 (2024) Kat:3, Licht: 0,28324,3,7,3,03,13,4,0,0,0,0,0,1,1,0
"POINT (6.775550232000057 51.464310105000038)",Unfall 28325 (2024) Kat:3, Licht: 0,28325,3,6,3,03,16,4,0,0,0,1,0,0,0,1
"POINT (6.806298540000057 51.433173746000080)",Unfall 28382 (2024) Kat:3, Licht: 2,28382,3,1,8,03,00,3,0,2,0,1,0,0,0,0
"POINT (6.711308239000061 51.416641592000076)",Unfall 28383 (2024) Kat:3, Licht: 0,28383,3,7,0,03,17,3,1,0,0,0,0,1,0,0
"POINT (6.688200525000070 51.358465399000067)",Unfall 28452 (2024) Kat:3, Licht: 2,28452,3,3,5,03,05,2,0,2,0,1,0,0,1,0
"POINT (6.768933062000031 51.426499378000074)",Unfall 28453 (2024) Kat:3, Licht: 0,28453,3,3,5,03,12,2,0,0,0,1,0,0,0,0
"POINT (6.821552531000066 51.501286976000074)",Unfall 28516 (2024) Kat:2, Licht: 2,28516,2,1,8,03,00,2,0,2,0,1,0,0,0,0
"POINT (6.726003994000052 51.534769315000062)",Unfall 28527 (2024) Kat:3, Licht: 0,28527,3,3,0,03,17,1,0,0,1,1,0,0,0,0
"POINT (6.768335956000044 51.464486496000063)",Unfall 28530 (2024) Kat:2, Licht: 1,28530,2,6,2,03,18,1,0,1,0,1,0,0,0,0
"POINT (6.762218850000068 51.505425780000053)",Unfall 28531 (2024) Kat:2, Licht: 0,28531,2,6,2,03,13,1,0,0,0,1,0,0,0,0
"POINT (6.794698712000070 51.481944920000046)",Unfall 28609 (2024) Kat:3, Licht: 2,28609,3,6,0,03,19,7,0,2,0,0,0,1,0,0
"POINT (6.810617446000037 51.441018921000079)",Unfall 28711 (2024) Kat:3, Licht: 0,28711,3,3,5,03,16,6,0,0,0,1,0,0,0,0
"POINT (6.795649085000036 51.439142030000028)",Unfall 28712 (2024) Kat:3, Licht: 0,28712,3,2,3,03,12,6,0,0,1,1,0,0,0,0
"POINT (6.792707050000047 51.451619454000081)",Unfall 28713 (2024) Kat:3, Licht: 0,28713,3,2,3,03,13,6,0,0,1,0,0,0,0,1
"POINT (6.814300881000065 51.486667546000035)",Unfall 28716 (2024) Kat:3, Licht: 0,28716,3,6,0,03,12,6,0,0,0,1,0,0,0,0
"POINT (6.752912560000027 51.414821969000059)",Unfall 28819 (2024) Kat:3, Licht: 2,28819,3,2,4,02,19,5,0,2,0,1,0,0,0,0
"POINT (6.748451322000051 51.442532389000064)",Unfall 28821 (2024) Kat:3, Licht: 0,28821,3,2,0,02,13,5,0,0,1,1,0,0,0,0
"POINT (6.748193973000070 51.490396899000075)",Unfall 28822 (2024) Kat:3, Licht: 2,28822,3,6,4,02,19,5,0,2,0,1,0,0,0,0
"POINT (6.733058984000024 51.481423354000071)",Unfall 28825 (2024) Kat:3, Licht: 0,28825,3,6,2,02,16,5,0,0,0,1,0,0,0,0
"POINT (6.718839919000061 51.456589660000077)",Unfall 28879 (2024) Kat:3, Licht: 2,28879,3,3,5,03,21,2,0,2,1,1,0,0,0,0
"POINT (6.749097438000035 51.489936424000064)",Unfall 28886 (2024) Kat:3, Licht: 2,28886,3,6,4,02,06,4,0,2,0,1,0,0,0,0
"POINT (6.723646151000025 51.367313985000067)",Unfall 28987 (2024) Kat:3, Licht: 0,28987,3,3,5,02,16,3,0,0,1,1,0,0,0,0
"POINT (6.796402564000061 51.434086053000044)",Unfall 28988 (2024) Kat:2, Licht: 2,28988,2,2,3,02,18,3,0,2,1,1,0,0,0,0
"POINT (6.779521376000048 51.360432958000047)",Unfall 29089 (2024) Kat:3, Licht: 1,29089,3,1,3,02,08,2,1,1,1,1,0,0,0,0
"POINT (6.765927571000020 51.473860011000056)",Unfall 29091 (2024) Kat:3, Licht: 1,29091,3,3,5,02,08,2,1,1,0,1,0,0,1,0
"POINT (6.818858399000021 51.495207395000079)",Unfall 29148 (2024) Kat:3, Licht: 0,29148,3,6,1,02,16,1,0,0,0,1,0,0,0,0
"POINT (6.764302382000039 51.498487552000029)",Unfall 29216 (2024) Kat:3, Licht: 0,29216,3,6,1,02,12,7,0,0,0,1,0,0,0,0
"POINT (6.767935941000076 51.506895916000076)",Unfall 29311 (2024) Kat:3, Licht: 0,29311,3,4,6,02,09,6,0,0,0,1,1,0,0,0
"POINT (6.743199954000033 51.510038993000080)",Unfall 29351 (2024) Kat:3, Licht: 0,29351,3,6,2,03,08,5,0,0,0,1,0,0,0,0
"POINT (6.819438175000073 51.467462303000048)",Unfall 29366 (2024) Kat:3, Licht: 0,29366,3,2,5,02,12,5,0,0,0,1,0,0,0,0
"POINT (6.722068115000070 51.353537926000058)",Unfall 29376 (2024) Kat:3, Licht: 0,29376,3,6,1,02,13,5,1,0,0,1,0,0,0,0
"POINT (6.713275353000029 51.550677835000045)",Unfall 29377 (2024) Kat:3, Licht: 2,29377,3,2,2,02,22,5,1,2,0,1,0,0,0,0
"POINT (6.785675088000062 51.440079414000081)",Unfall 29460 (2024) Kat:3, Licht: 2,29460,3,2,6,02,19,4,1,2,0,1,1,0,0,0
"POINT (6.772447324000041 51.494483553000066)",Unfall 29461 (2024) Kat:3, Licht: 0,29461,3,7,0,02,15,4,0,0,0,0,1,0,0,1
"POINT (6.774954721000029 51.493114916000081)",Unfall 29534 (2024) Kat:3, Licht: 2,29534,3,2,0,02,18,3,0,2,0,0,0,0,0,1
"POINT (6.781708374000061 51.490170556000066)",Unfall 29636 (2024) Kat:3, Licht: 2,29636,3,6,1,03,19,7,0,2,0,1,0,0,0,0
"POINT (6.646845737000035 51.491808085000059)",Unfall 29640 (2024) Kat:3, Licht: 2,29640,3,6,2,02,19,2,1,2,0,1,0,0,0,0
"POINT (6.753243490000045 51.435079477000045)",Unfall 29790 (2024) Kat:3, Licht: 0,29790,3,2,4,02,11,7,0,0,0,1,0,1,0,0
"POINT (6.797855239000057 51.416434877000029)",Unfall 29793 (2024) Kat:3, Licht: 0,29793,3,6,2,02,10,7,0,0,0,1,0,0,0,0
"POINT (6.752179258000069 51.440916600000037)",Unfall 29866 (2024) Kat:3, Licht: 0,29866,3,4,6,02,07,6,0,0,0,1,1,0,0,0
"POINT (6.791662762000044 51.478875260000052)",Unfall 29867 (2024) Kat:3, Licht: 0,29867,3,2,3,02,11,6,0,0,0,1,0,0,0,1
"POINT (6.767106131000048 51.475687169000082)",Unfall 29870 (2024) Kat:2, Licht: 2,29870,2,6,2,02,17,6,1,2,0,1,0,0,0,0
"POINT (6.772084064000069 51.427268874000049)",Unfall 29906 (2024) Kat:3, Licht: 0,29906,3,2,5,03,17,6,0,0,0,1,0,0,0,1
"POINT (6.759016884000062 51.378129634000061)",Unfall 29972 (2024) Kat:3, Licht: 0,29972,3,6,2,02,14,5,0,0,0,1,0,0,0,0
"POINT (6.697880792000035 51.363263502000052)",Unfall 29973 (2024) Kat:3, Licht: 0,29973,3,5,1,02,12,5,1,0,0,0,0,0,1,0
"POINT (6.747173263000036 51.419779932000040)",Unfall 29975 (2024) Kat:3, Licht: 0,29975,3,3,5,02,11,5,0,0,0,1,0,0,0,0
"POINT (6.798171041000046 51.496497164000061)",Unfall 29976 (2024) Kat:3, Licht: 0,29976,3,3,5,02,07,5,1,0,0,1,0,1,0,0
"POINT (6.792886547000023 51.486162524000065)",Unfall 29977 (2024) Kat:3, Licht: 0,29977,3,6,1,02,07,5,1,0,0,1,0,0,0,0
"POINT (6.747990348000030 51.419574118000071)",Unfall 30115 (2024) Kat:3, Licht: 0,30115,3,6,3,02,10,4,1,0,0,1,0,0,1,0
"POINT (6.759978200000035 51.510406325000076)",Unfall 30116 (2024) Kat:2, Licht: 0,30116,2,6,1,02,10,4,1,0,0,1,0,0,0,0
"POINT (6.780532598000036 51.437681599000030)",Unfall 30223 (2024) Kat:3, Licht: 2,30223,3,3,5,02,06,3,0,2,1,1,0,0,0,0
"POINT (6.710696601000052 51.398165891000076)",Unfall 30224 (2024) Kat:3, Licht: 0,30224,3,1,2,02,14,3,0,0,0,1,0,0,0,0
"POINT (6.741141897000034 51.515546106000045)",Unfall 30225 (2024) Kat:3, Licht: 0,30225,3,3,5,02,15,3,0,0,1,1,0,0,0,0
"POINT (6.806961930000057 51.430211122000060)",Unfall 30229 (2024) Kat:3, Licht: 0,30229,3,6,2,02,10,3,0,0,0,1,0,0,0,0
"POINT (6.765531848000023 51.490805008000052)",Unfall 30240 (2024) Kat:3, Licht: 0,30240,3,3,5,03,15,2,0,0,0,1,0,0,0,0
"POINT (6.751280753000060 51.402375319000043)",Unfall 30402 (2024) Kat:3, Licht: 2,30402,3,4,6,03,05,5,0,2,1,0,1,0,0,0
"POINT (6.771009759000037 51.461234464000029)",Unfall 30404 (2024) Kat:3, Licht: 0,30404,3,6,2,03,16,5,0,0,0,1,0,0,0,0
"POINT (6.716686047000053 51.456743269000071)",Unfall 30504 (2024) Kat:2, Licht: 0,30504,2,3,0,03,17,4,0,0,0,1,0,0,0,0
"POINT (6.754082925000034 51.509063008000055)",Unfall 30505 (2024) Kat:3, Licht: 2,30505,3,1,6,03,19,4,0,2,0,0,1,0,0,1
"POINT (6.741273577000072 51.454588348000073)",Unfall 30561 (2024) Kat:3, Licht: 2,30561,3,1,2,03,23,4,0,2,0,1,0,0,0,0
"POINT (6.772511522000059 51.437704834000044)",Unfall 30617 (2024) Kat:3, Licht: 0,30617,3,2,5,03,14,3,0,0,0,1,0,0,0,1
"POINT (6.686408117000042 51.445169764000070)",Unfall 30632 (2024) Kat:3, Licht: 0,30632,3,3,0,03,17,4,0,0,1,1,0,0,0,0
"POINT (6.727540391000048 51.368341871000041)",Unfall 30712 (2024) Kat:3, Licht: 0,30712,3,2,5,03,13,2,0,0,0,1,0,0,0,0
"POINT (6.796464931000060 51.433143606000044)",Unfall 30713 (2024) Kat:3, Licht: 0,30713,3,4,6,03,08,2,0,0,0,1,1,0,0,0
"POINT (6.704590995000046 51.529956427000059)",Unfall 30714 (2024) Kat:2, Licht: 0,30714,2,6,0,03,17,2,0,0,1,0,0,0,0,0
"POINT (6.792979663000040 51.447642010000038)",Unfall 30716 (2024) Kat:3, Licht: 0,30716,3,6,2,03,16,2,0,0,0,1,0,0,0,1
"POINT (6.754070213000034 51.433355056000039)",Unfall 30783 (2024) Kat:3, Licht: 0,30783,3,2,5,03,16,1,0,0,0,1,0,0,0,0
"POINT (6.772403045000033 51.494337572000063)",Unfall 30784 (2024) Kat:3, Licht: 0,30784,3,7,0,03,11,1,0,0,0,1,0,0,0,1
"POINT (6.756109900000070 51.430517731000066)",Unfall 30841 (2024) Kat:3, Licht: 2,30841,3,7,9,03,04,7,1,2,0,1,0,0,0,0
"POINT (6.742896100000053 51.529616548000035)",Unfall 30843 (2024) Kat:3, Licht: 0,30843,3,3,5,03,16,7,0,0,1,1,0,0,0,0
"POINT (6.761918363000063 51.460692956000059)",Unfall 30844 (2024) Kat:3, Licht: 2,30844,3,1,0,03,21,7,0,2,0,0,0,0,0,1
"POINT (6.766297120000047 51.468439179000029)",Unfall 30845 (2024) Kat:3, Licht: 2,30845,3,6,2,03,20,7,0,2,0,1,0,0,0,0
"POINT (6.781963052000037 51.381217180000078)",Unfall 30935 (2024) Kat:3, Licht: 0,30935,3,5,1,03,14,6,0,0,1,1,0,0,0,0
"POINT (6.706194044000028 51.414902062000067)",Unfall 30936 (2024) Kat:3, Licht: 0,30936,3,6,2,03,15,6,1,0,0,1,0,0,0,0
"POINT (6.757881454000028 51.527252847000057)",Unfall 30937 (2024) Kat:3, Licht: 0,30937,3,6,2,03,16,6,1,0,0,1,0,0,0,0
"POINT (6.756373038000049 51.527493055000036)",Unfall 30938 (2024) Kat:3, Licht: 0,30938,3,1,2,03,15,6,1,0,0,1,0,0,0,0
"POINT (6.801861516000031 51.425852633000034)",Unfall 30941 (2024) Kat:3, Licht: 0,30941,3,6,2,03,15,6,1,0,0,1,0,0,0,0
"POINT (6.761573477000070 51.444020193000028)",Unfall 30971 (2024) Kat:3, Licht: 0,30971,3,1,0,03,15,5,0,0,1,0,0,0,0,0
"POINT (6.757748155000058 51.375386728000080)",Unfall 31052 (2024) Kat:3, Licht: 0,31052,3,2,6,03,17,5,0,0,0,1,1,0,0,0
"POINT (6.696309855000038 51.450926300000049)",Unfall 31053 (2024) Kat:3, Licht: 0,31053,3,3,3,03,15,5,0,0,0,1,0,0,1,0
"POINT (6.756497020000040 51.480346062000081)",Unfall 31055 (2024) Kat:2, Licht: 2,31055,2,1,8,03,23,5,0,2,0,1,0,0,0,0
"POINT (6.741363902000046 51.517893797000056)",Unfall 31056 (2024) Kat:3, Licht: 0,31056,3,2,4,03,10,5,0,0,0,1,0,0,0,0
"POINT (6.732099635000054 51.535806198000046)",Unfall 31061 (2024) Kat:3, Licht: 0,31061,3,6,3,03,11,2,0,0,1,1,0,0,0,0
"POINT (6.751612366000074 51.396688839000035)",Unfall 31155 (2024) Kat:3, Licht: 0,31155,3,6,2,03,14,4,0,0,0,1,0,0,0,0
"POINT (6.747099982000066 51.419782192000071)",Unfall 31156 (2024) Kat:3, Licht: 1,31156,3,3,3,03,17,4,0,1,0,1,0,0,1,0
"POINT (6.750654447000045 51.459817964000081)",Unfall 31158 (2024) Kat:3, Licht: 1,31158,3,2,8,03,18,4,0,1,0,0,0,0,1,0
"POINT (6.757678483000063 51.465849052000067)",Unfall 31159 (2024) Kat:3, Licht: 0,31159,3,6,4,03,16,4,0,0,0,1,0,0,0,0
"POINT (6.765463420000060 51.484372942000050)",Unfall 31160 (2024) Kat:3, Licht: 0,31160,3,3,5,03,12,4,1,0,1,1,0,0,0,0
"POINT (6.807650013000057 51.437664756000061)",Unfall 31163 (2024) Kat:3, Licht: 0,31163,3,6,2,03,15,4,0,0,0,1,0,0,0,0
"POINT (6.770595185000047 51.483227012000043)",Unfall 31176 (2024) Kat:3, Licht: 0,31176,3,6,2,03,06,4,1,0,0,1,0,0,0,0
"POINT (6.751856367000073 51.369933595000077)",Unfall 31273 (2024) Kat:2, Licht: 0,31273,2,7,6,03,08,3,1,0,0,1,0,0,0,1
"POINT (6.741636423000045 51.519705652000027)",Unfall 31274 (2024) Kat:3, Licht: 0,31274,3,6,2,03,17,3,0,0,0,1,0,0,0,0
"POINT (6.738621960000046 51.538275567000028)",Unfall 31276 (2024) Kat:3, Licht: 2,31276,3,3,3,03,05,3,1,2,0,1,0,0,0,0
"POINT (6.798743665000075 51.414269116000071)",Unfall 31279 (2024) Kat:3, Licht: 0,31279,3,6,2,03,14,3,0,0,0,1,0,0,0,1
"POINT (6.709780429000034 51.478060664000054)",Unfall 31281 (2024) Kat:3, Licht: 2,31281,3,1,9,03,22,3,0,2,0,1,0,0,0,0
"POINT (6.803545448000023 51.405951879000042)",Unfall 31393 (2024) Kat:3, Licht: 0,31393,3,6,2,03,13,2,1,0,0,1,0,0,0,1
"POINT (6.769441036000046 51.462756060000061)",Unfall 31395 (2024) Kat:3, Licht: 2,31395,3,1,8,03,19,2,1,2,0,0,0,0,0,1
"POINT (6.776182727000048 51.371320325000056)",Unfall 31439 (2024) Kat:3, Licht: 1,31439,3,1,8,03,18,7,0,1,0,1,0,0,0,0
"POINT (6.769134413000074 51.416466604000050)",Unfall 31460 (2024) Kat:3, Licht: 0,31460,3,6,2,03,12,1,0,0,0,1,0,0,0,0
"POINT (6.747099982000066 51.419782192000071)",Unfall 31505 (2024) Kat:3, Licht: 0,31505,3,6,3,03,16,2,0,0,0,1,0,0,1,0
"POINT (6.735118091000061 51.457063172000062)",Unfall 31538 (2024) Kat:3, Licht: 0,31538,3,7,3,03,16,5,0,0,0,1,0,1,0,0
"POINT (6.753075205000073 51.395569061000060)",Unfall 31559 (2024) Kat:3, Licht: 1,31559,3,3,5,03,18,7,0,1,0,1,0,0,0,1
"POINT (6.797482635000051 51.433276031000048)",Unfall 31562 (2024) Kat:3, Licht: 0,31562,3,7,3,03,17,7,0,0,0,1,0,1,0,0
"POINT (6.741390176000039 51.454592097000045)",Unfall 31567 (2024) Kat:3, Licht: 0,31567,3,2,5,04,10,4,0,0,1,1,0,0,0,0
"POINT (6.813253568000050 51.479990122000061)",Unfall 31568 (2024) Kat:2, Licht: 0,31568,2,6,3,04,08,4,0,0,0,1,0,0,1,0
"POINT (6.742880337000031 51.523163140000065)",Unfall 31650 (2024) Kat:3, Licht: 0,31650,3,1,0,04,17,3,0,0,0,0,0,0,0,1
"POINT (6.770643390000032 51.470513548000042)",Unfall 31651 (2024) Kat:3, Licht: 0,31651,3,7,0,04,13,3,0,0,1,1,0,0,0,0
"POINT (6.794407261000060 51.444729373000030)",Unfall 31737 (2024) Kat:3, Licht: 0,31737,3,3,5,04,07,2,0,0,0,1,0,0,0,0
"POINT (6.778881464000051 51.432232705000047)",Unfall 31738 (2024) Kat:3, Licht: 0,31738,3,4,0,04,12,2,0,0,0,0,1,0,0,1