WKT,Name,OBJECTID,UKATEGORIE,UTYP1,UART,UMONAT,USTUNDE,UWOCHENTAG,STRZUSTAND,ULICHTVERH,ISTRAD,ISTPKW,ISTFUSS,ISTKRAD,ISTGKFZ,ISTSONSTIG
"POINT (6.771600940000042 51.491310605000081)",Unfall 43425 (2024) Kat:3, Licht: 0,43425,3,6,3,08,16,6,0,0,1,1,0,0,0,0
"POINT (6.791612189000034 51.392436251000049)",Unfall 43510 (2024) Kat:3, Licht: 0,43510,3,3,5,08,14,5,1,0,1,1,0,0,0,0
"POINT (6.660537205000026 51.350655553000081)",Unfall 43511 (2024) Kat:3, Licht: 0,43511,3,6,2,08,08,5,1,0,0,1,0,0,0,0
"POINT (6.764390029000026 51.426214350000066)",Unfall 43512 (2024) Kat:3, Licht: 0,43512,3,7,0,08,06,5,0,0,0,0,0,0,0,1
"POINT (6.733091722000040 51.456022251000036)",Unfall 43513 (2024) Kat:3, Licht: 0,43513,3,3,0,08,16,5,1,0,0,1,0,1,0,0
"POINT (6.794258416000048 51.483529870000041)",Unfall 43514 (2024) Kat:2, Licht: 0,43514,2,6,2,08,13,5,1,0,0,1,0,0,0,0
"POINT (6.792570020000028 51.471585201000039)",Unfall 43515 (2024) Kat:3, Licht: 0,43515,3,3,5,08,19,5,1,0,0,1,0,0,0,1
"POINT (6.732528007000042 51.482063315000062)",Unfall 43516 (2024) Kat:3, Licht: 0,43516,3,1,2,08,15,5,1,0,0,1,0,0,0,0
"POINT (6.790716582000073 51.433037649000028)",Unfall 43584 (2024) Kat:3, Licht: 0,43584,3,2,5,08,08,5,0,0,1,1,0,0,0,0
"POINT (6.749204889000055 51.386294546000045)",Unfall 43672 (2024) Kat:3, Licht: 0,43672,3,3,0,07,13,3,0,0,1,1,0,0,0,0
"POINT (6.758916188000057 51.383711033000054)",Unfall 43673 (2024) Kat:3, Licht: 0,43673,3,2,4,07,13,3,0,0,0,1,0,1,0,0
"POINT (6.688039800000070 51.358289710000065)",Unfall 43674 (2024) Kat:3, Licht: 0,43674,3,3,5,07,11,3,0,0,0,1,0,0,0,0
"POINT (6.766727457000059 51.422219075000044)",Unfall 43675 (2024) Kat:3, Licht: 0,43675,3,3,5,07,20,3,0,0,1,1,0,0,0,0
"POINT (6.770208101000037 51.461982246000048)",Unfall 43677 (2024) Kat:3, Licht: 0,43677,3,6,2,07,14,3,0,0,0,1,0,0,0,0
"POINT (6.704180140000062 51.421317564000049)",Unfall 43679 (2024) Kat:3, Licht: 0,43679,3,1,2,08,13,5,1,0,0,1,0,0,0,0
"POINT (6.733648106000032 51.477803013000027)",Unfall 43761 (2024) Kat:3, Licht: 0,43761,3,1,0,07,18,2,0,0,1,0,0,0,0,0
"POINT (6.771792382000058 51.494799537000063)",Unfall 43762 (2024) Kat:3, Licht: 0,43762,3,2,5,07,16,2,0,0,1,1,0,0,0,0
"POINT (6.724732618000075 51.392537733000040)",Unfall 43831 (2024) Kat:3, Licht: 0,43831,3,6,1,07,17,1,0,0,0,1,0,1,0,0
"POINT (6.663693592000072 51.484951932000058)",Unfall 43998 (2024) Kat:3, Licht: 0,43998,3,1,9,07,06,6,1,0,0,1,0,0,0,0
"POINT (6.758928335000064 51.387528627000052)",Unfall 44088 (2024) Kat:3, Licht: 2,44088,3,7,0,07,22,5,0,2,1,0,0,0,0,0
"POINT (6.776375462000033 51.406824488000041)",Unfall 44089 (2024) Kat:2, Licht: 0,44089,2,2,4,07,09,5,0,0,1,1,0,0,0,0
"POINT (6.780560474000026 51.437669971000048)",Unfall 44090 (2024) Kat:2, Licht: 0,44090,2,4,6,07,10,5,0,0,0,0,1,0,0,1
"POINT (6.746975517000067 51.443462970000041)",Unfall 44178 (2024) Kat:3, Licht: 0,44178,3,3,5,07,19,4,0,0,1,1,0,0,0,0
"POINT (6.707922090000068 51.397619117000033)",Unfall 44179 (2024) Kat:3, Licht: 0,44179,3,3,5,07,16,4,0,0,0,1,0,1,0,0
"POINT (6.746683985000061 51.385542223000073)",Unfall 44279 (2024) Kat:3, Licht: 0,44279,3,6,2,07,14,3,1,0,0,1,0,0,0,0
"POINT (6.755526906000057 51.438143701000058)",Unfall 44280 (2024) Kat:2, Licht: 0,44280,2,3,5,07,11,3,0,0,1,1,0,0,0,0
"POINT (6.741363902000046 51.517893797000056)",Unfall 44281 (2024) Kat:2, Licht: 0,44281,2,7,6,07,08,3,1,0,0,0,1,0,0,1
"POINT (6.710240154000076 51.457417640000074)",Unfall 44282 (2024) Kat:3, Licht: 0,44282,3,6,2,07,16,3,0,0,0,1,0,0,0,0
"POINT (6.711875871000075 51.414873704000058)",Unfall 44430 (2024) Kat:3, Licht: 0,44430,3,2,5,07,10,4,0,0,0,1,0,0,0,0
"POINT (6.712146157000063 51.407350036000082)",Unfall 44657 (2024) Kat:3, Licht: 0,44657,3,2,6,07,12,6,0,0,0,1,1,0,0,0
"POINT (6.750055355000029 51.441913953000039)",Unfall 44794 (2024) Kat:3, Licht: 0,44794,3,3,5,07,11,5,0,0,1,1,0,0,0,0
"POINT (6.745605223000041 51.456355484000028)",Unfall 44795 (2024) Kat:3, Licht: 0,44795,3,2,0,07,17,5,0,0,1,1,0,0,0,0
"POINT (6.815611916000023 51.489820412000029)",Unfall 44797 (2024) Kat:3, Licht: 0,44797,3,1,2,07,18,5,0,0,0,1,0,0,0,1
"POINT (6.794534057000021 51.483569347000071)",Unfall 44902 (2024) Kat:3, Licht: 2,44902,3,1,0,07,03,1,0,2,1,0,0,0,0,0
"POINT (6.751224072000070 51.401799634000042)",Unfall 44989 (2024) Kat:3, Licht: 1,44989,3,4,6,07,05,3,0,1,0,1,1,0,0,0
"POINT (6.692529404000027 51.416681352000069)",Unfall 44990 (2024) Kat:3, Licht: 0,44990,3,6,2,07,06,3,0,0,0,1,0,0,0,0
"POINT (6.771109872000068 51.494951020000030)",Unfall 44991 (2024) Kat:3, Licht: 0,44991,3,6,2,07,13,3,0,0,0,1,0,0,0,0
"POINT (6.712353628000074 51.436933649000082)",Unfall 44998 (2024) Kat:3, Licht: 0,44998,3,6,2,07,07,3,0,0,0,1,0,0,0,0
"POINT (6.751077309000038 51.397315168000034)",Unfall 45120 (2024) Kat:3, Licht: 2,45120,3,1,9,07,00,2,0,2,0,1,0,0,0,0
"POINT (6.722699635000026 51.406848102000026)",Unfall 45121 (2024) Kat:3, Licht: 0,45121,3,3,3,07,20,2,0,0,1,1,0,0,0,0
"POINT (6.742439951000051 51.435036640000078)",Unfall 45128 (2024) Kat:2, Licht: 0,45128,2,6,2,07,16,3,0,0,0,1,0,0,0,0
"POINT (6.762002164000023 51.357250240000042)",Unfall 45143 (2024) Kat:3, Licht: 2,45143,3,6,3,07,22,4,0,2,0,1,0,0,0,0
"POINT (6.711268102000076 51.416689729000041)",Unfall 45183 (2024) Kat:2, Licht: 0,45183,2,3,5,07,14,2,0,0,0,1,0,1,0,0
"POINT (6.800714909000021 51.425168546000066)",Unfall 45195 (2024) Kat:3, Licht: 0,45195,3,6,2,07,14,4,0,0,0,1,0,0,0,0
"POINT (6.771076196000024 51.446120561000043)",Unfall 45240 (2024) Kat:3, Licht: 0,45240,3,3,0,07,13,1,0,0,1,1,0,0,0,0
"POINT (6.760953386000040 51.500216699000077)",Unfall 45264 (2024) Kat:3, Licht: 0,45264,3,2,3,07,17,6,0,0,0,1,0,0,0,1
"POINT (6.753946140000039 51.439454357000045)",Unfall 45355 (2024) Kat:3, Licht: 1,45355,3,3,5,07,21,7,0,1,0,1,0,0,0,0
"POINT (6.769118570000046 51.534114895000073)",Unfall 45412 (2024) Kat:3, Licht: 0,45412,3,1,0,07,20,3,0,0,0,0,0,1,0,0
"POINT (6.790309567000065 51.352720021000039)",Unfall 45450 (2024) Kat:3, Licht: 0,45450,3,6,2,07,17,6,0,0,0,1,0,0,0,0
"POINT (6.799896553000053 51.424499505000028)",Unfall 45451 (2024) Kat:3, Licht: 0,45451,3,1,3,07,11,6,1,0,0,1,0,0,0,0
"POINT (6.773515793000058 51.430982735000043)",Unfall 45454 (2024) Kat:3, Licht: 0,45454,3,6,2,07,14,6,1,0,0,1,0,0,0,0
"POINT (6.749609234000047 51.435297906000073)",Unfall 45465 (2024) Kat:2, Licht: 0,45465,2,7,8,07,20,3,0,0,0,0,0,0,1,0
"POINT (6.778266079000048 51.385424700000044)",Unfall 45548 (2024) Kat:3, Licht: 0,45548,3,1,0,08,17,4,1,0,0,1,0,0,0,0
"POINT (6.702780784000026 51.392431067000075)",Unfall 45629 (2024) Kat:3, Licht: 0,45629,3,2,8,08,13,3,0,0,0,1,0,0,0,0
"POINT (6.766349640000044 51.468630972000028)",Unfall 45632 (2024) Kat:2, Licht: 0,45632,2,6,2,08,11,3,0,0,0,1,0,0,0,1
"POINT (6.784999049000021 51.515865258000076)",Unfall 45716 (2024) Kat:2, Licht: 0,45716,2,7,6,08,09,2,0,0,0,1,1,0,0,0
"POINT (6.733068077000041 51.481427219000068)",Unfall 45801 (2024) Kat:3, Licht: 0,45801,3,6,2,08,14,1,0,0,0,1,0,0,0,0
"POINT (6.752912560000027 51.414821969000059)",Unfall 45908 (2024) Kat:3, Licht: 0,45908,3,3,4,08,18,7,0,0,0,1,0,0,0,1
"POINT (6.747007836000023 51.443529797000053)",Unfall 45910 (2024) Kat:3, Licht: 0,45910,3,3,1,08,14,7,0,0,0,1,0,0,0,1
"POINT (6.777033141000061 51.434897659000058)",Unfall 45913 (2024) Kat:2, Licht: 2,45913,2,1,9,08,21,7,0,2,0,1,0,0,0,0
"POINT (6.802856504000033 51.409176998000078)",Unfall 46016 (2024) Kat:3, Licht: 0,46016,3,6,3,08,14,6,0,0,0,1,0,0,0,0
"POINT (6.807025014000033 51.433166534000065)",Unfall 46133 (2024) Kat:3, Licht: 0,46133,3,4,6,08,16,5,0,0,0,0,1,0,0,1
"POINT (6.764532520000046 51.472375249000038)",Unfall 46134 (2024) Kat:3, Licht: 0,46134,3,6,1,08,12,5,0,0,0,1,0,0,0,0
"POINT (6.771905063000077 51.460398266000027)",Unfall 46139 (2024) Kat:3, Licht: 0,46139,3,6,2,08,17,5,0,0,0,1,0,0,0,0
"POINT (6.757013975000064 51.436926955000047)",Unfall 46225 (2024) Kat:3, Licht: 0,46225,3,7,0,08,13,4,1,0,1,0,0,0,0,0
"POINT (6.726003994000052 51.534769315000062)",Unfall 46226 (2024) Kat:3, Licht: 0,46226,3,3,5,08,13,4,1,0,1,1,0,0,0,0
"POINT (6.738411364000058 51.456336155000031)",Unfall 46227 (2024) Kat:3, Licht: 2,46227,3,6,8,08,23,4,0,2,0,1,0,0,0,0
"POINT (6.659784766000030 51.350211294000076)",Unfall 46338 (2024) Kat:3, Licht: 0,46338,3,6,2,08,17,3,0,0,0,1,0,0,0,0
"POINT (6.771789002000048 51.470550253000056)",Unfall 46339 (2024) Kat:3, Licht: 0,46339,3,4,6,08,15,3,0,0,0,1,1,0,0,0
"POINT (6.777400418000070 51.442783240000040)",Unfall 46345 (2024) Kat:3, Licht: 0,46345,3,6,3,08,15,3,0,0,0,1,0,0,0,0
"POINT (6.679574242000058 51.475311337000051)",Unfall 46447 (2024) Kat:2, Licht: 0,46447,2,6,3,08,18,2,0,0,0,1,0,1,0,0
"POINT (6.706665579000060 51.446280325000032)",Unfall 46449 (2024) Kat:3, Licht: 0,46449,3,3,5,08,13,2,0,0,1,1,0,0,0,0
"POINT (6.753971291000028 51.470717019000062)",Unfall 46450 (2024) Kat:3, Licht: 0,46450,3,3,5,08,16,2,0,0,0,1,0,1,0,0
"POINT (6.791323421000072 51.488287514000035)",Unfall 46451 (2024) Kat:3, Licht: 0,46451,3,3,5,08,14,2,0,0,1,1,0,0,0,0
"POINT (6.726091781000036 51.491567365000037)",Unfall 46452 (2024) Kat:3, Licht: 0,46452,3,1,0,08,21,2,0,0,1,0,0,0,0,0
"POINT (6.698130658000025 51.451979825000080)",Unfall 46533 (2024) Kat:3, Licht: 0,46533,3,3,0,08,15,1,0,0,0,1,0,1,0,0
"POINT (6.728629861000059 51.455945074000056)",Unfall 46534 (2024) Kat:3, Licht: 1,46534,3,1,0,08,21,1,0,1,0,0,0,1,0,0
"POINT (6.808254657000020 51.432331660000045)",Unfall 46535 (2024) Kat:3, Licht: 0,46535,3,6,2,08,10,1,0,0,0,1,0,0,0,0
"POINT (6.791284905000055 51.448538309000071)",Unfall 46619 (2024) Kat:3, Licht: 0,46619,3,6,1,08,14,7,0,0,0,1,0,0,0,0
"POINT (6.794144292000055 51.445720634000054)",Unfall 46621 (2024) Kat:3, Licht: 2,46621,3,1,1,08,00,7,0,2,0,1,0,0,0,0
"POINT (6.751456131000054 51.462360231000048)",Unfall 46622 (2024) Kat:3, Licht: 2,46622,3,3,5,08,05,7,0,2,0,1,0,0,0,0
"POINT (6.761532606000060 51.444012019000070)",Unfall 46795 (2024) Kat:3, Licht: 0,46795,3,3,0,08,15,3,0,0,0,1,0,1,0,0
"POINT (6.747032742000044 51.442901424000070)",Unfall 46796 (2024) Kat:3, Licht: 0,46796,3,2,3,08,13,3,0,0,1,1,0,0,0,0
"POINT (6.774629760000039 51.488728032000040)",Unfall 46797 (2024) Kat:3, Licht: 0,46797,3,1,0,08,15,3,0,0,1,0,0,0,0,0
"POINT (6.794484141000055 51.443961800000068)",Unfall 46913 (2024) Kat:3, Licht: 0,46913,3,2,5,08,15,2,0,0,1,1,0,0,0,0
"POINT (6.674347361000059 51.478934716000026)",Unfall 46914 (2024) Kat:3, Licht: 0,46914,3,6,2,08,10,2,0,0,0,1,0,0,0,1
"POINT (6.727970491000065 51.409306130000061)",Unfall 46915 (2024) Kat:3, Licht: 0,46915,3,2,5,08,16,2,0,0,1,1,0,0,0,0
"POINT (6.739511350000043 51.515059795000070)",Unfall 46916 (2024) Kat:3, Licht: 0,46916,3,5,1,08,15,2,0,0,0,1,0,0,0,0
"POINT (6.771782157000075 51.470584515000041)",Unfall 46917 (2024) Kat:3, Licht: 2,46917,3,2,3,08,21,2,0,2,1,1,0,0,0,0
"POINT (6.706149613000036 51.420395903000042)",Unfall 47011 (2024) Kat:3, Licht: 0,47011,3,1,2,08,13,1,0,0,0,1,0,0,0,0
"POINT (6.752983194000024 51.414913415000058)",Unfall 47229 (2024) Kat:3, Licht: 2,47229,3,6,2,08,20,1,0,2,0,1,0,0,0,0
"POINT (6.740594693000048 51.369856335000065)",Unfall 47248 (2024) Kat:3, Licht: 0,47248,3,2,0,08,11,6,0,0,1,0,0,0,0,0
"POINT (6.790141908000066 51.425958817000037)",Unfall 47365 (2024) Kat:3, Licht: 0,47365,3,4,6,08,17,5,0,0,1,0,1,0,0,0
"POINT (6.746464772000024 51.442850528000065)",Unfall 47366 (2024) Kat:3, Licht: 0,47366,3,6,0,08,15,5,0,0,0,1,0,0,1,0
"POINT (6.758955873000048 51.431663582000056)",Unfall 47367 (2024) Kat:3, Licht: 0,47367,3,4,6,08,17,5,0,0,0,1,1,0,0,0
"POINT (6.751553015000070 51.527365807000081)",Unfall 47368 (2024) Kat:3, Licht: 0,47368,3,2,5,08,15,5,0,0,1,0,1,0,0,0
"POINT (6.754047223000043 51.418606910000051)",Unfall 47502 (2024) Kat:3, Licht: 0,47502,3,4,6,08,18,4,0,0,0,1,1,0,0,0
"POINT (6.699474427000041 51.452691036000033)",Unfall 47503 (2024) Kat:3, Licht: 0,47503,3,3,5,08,14,4,0,0,0,0,0,1,1,0
"POINT (6.697849610000048 51.413288088000058)",Unfall 47504 (2024) Kat:3, Licht: 0,47504,3,3,5,08,15,4,0,0,1,1,0,0,0,0
"POINT (6.711188499000059 51.525705221000067)",Unfall 47505 (2024) Kat:3, Licht: 2,47505,3,5,8,08,23,4,0,2,0,0,0,1,0,0
"POINT (6.753167042000030 51.460353521000059)",Unfall 47506 (2024) Kat:2, Licht: 0,47506,2,2,3,08,07,4,0,0,1,0,0,0,1,0
"POINT (6.778532961000053 51.451678379000043)",Unfall 47509 (2024) Kat:3, Licht: 0,47509,3,6,2,08,13,4,0,0,0,1,0,0,0,0
"POINT (6.752944669000044 51.392622957000071)",Unfall 47620 (2024) Kat:3, Licht: 2,47620,3,6,1,08,22,3,1,2,0,1,0,0,0,0
"POINT (6.734957723000036 51.456019550000065)",Unfall 47621 (2024) Kat:3, Licht: 0,47621,3,6,3,08,16,3,0,0,0,1,0,0,0,0
"POINT (6.767867057000046 51.488096975000076)",Unfall 47625 (2024) Kat:2, Licht: 2,47625,2,1,8,08,01,3,0,2,0,1,0,0,0,0
"POINT (6.799067650000040 51.433263209000074)",Unfall 47759 (2024) Kat:3, Licht: 0,47759,3,7,3,08,10,2,0,0,0,1,0,0,0,1
"POINT (6.757013975000064 51.436926955000047)",Unfall 47760 (2024) Kat:3, Licht: 0,47760,3,1,4,08,16,2,0,0,1,0,0,0,0,0
"POINT (6.742828426000074 51.525472096000044)",Unfall 47761 (2024) Kat:3, Licht: 0,47761,3,3,5,08,12,2,0,0,0,1,0,0,0,0
"POINT (6.794534057000021 51.483569347000071)",Unfall 47762 (2024) Kat:3, Licht: 0,47762,3,6,3,08,15,2,0,0,0,1,0,0,0,0
"POINT (6.771014352000066 51.461230180000030)",Unfall 47766 (2024) Kat:3, Licht: 0,47766,3,6,2,08,16,2,0,0,0,1,0,0,0,0
"POINT (6.695664523000062 51.464253909000035)",Unfall 47872 (2024) Kat:3, Licht: 2,47872,3,6,4,08,01,1,1,2,1,0,0,0,0,0
"POINT (6.764467235000041 51.472344209000028)",Unfall 47873 (2024) Kat:3, Licht: 0,47873,3,2,0,08,15,1,0,0,0,0,0,1,0,0
"POINT (6.772374666000076 51.491544966000049)",Unfall 47874 (2024) Kat:3, Licht: 1,47874,3,2,6,08,21,1,0,1,0,1,1,0,0,0
"POINT (6.794226152000022 51.445660355000030)",Unfall 47907 (2024) Kat:3, Licht: 0,47907,3,6,1,08,15,2,0,0,0,1,0,1,0,0
"POINT (6.786196051000047 51.518267596000044)",Unfall 47980 (2024) Kat:3, Licht: 1,47980,3,7,0,08,20,2,0,1,0,1,1,0,0,0
"POINT (6.753259556000046 51.393620342000077)",Unfall 47993 (2024) Kat:3, Licht: 2,47993,3,2,5,08,21,7,0,2,0,1,0,0,0,1
"POINT (6.791343252000047 51.392441252000026)",Unfall 47994 (2024) Kat:3, Licht: 0,47994,3,3,5,08,19,7,0,0,1,1,0,0,0,0
"POINT (6.759773073000076 51.510374004000028)",Unfall 47995 (2024) Kat:3, Licht: 2,47995,3,3,5,08,01,7,1,2,0,1,0,0,0,0
"POINT (6.816752669000039 51.490903608000053)",Unfall 48001 (2024) Kat:3, Licht: 0,48001,3,1,8,08,06,7,1,0,0,1,0,0,0,0
"POINT (6.767761766000035 51.506862329000057)",Unfall 48104 (2024) Kat:3, Licht: 0,48104,3,2,5,08,13,6,0,0,1,1,0,0,0,0
"POINT (6.710568922000050 51.417433482000035)",Unfall 48251 (2024) Kat:3, Licht: 0,48251,3,3,5,08,06,5,0,0,0,1,0,0,0,0
"POINT (6.712665077000054 51.406017425000073)",Unfall 48252 (2024) Kat:3, Licht: 0,48252,3,6,2,08,19,5,0,0,0,1,0,0,0,0
"POINT (6.770783117000065 51.461445821000041)",Unfall 48254 (2024) Kat:3, Licht: 0,48254,3,6,2,08,12,5,0,0,0,1,0,0,0,1
"POINT (6.771532606000051 51.427615749000040)",Unfall 48255 (2024) Kat:3, Licht: 0,48255,3,6,2,08,15,5,0,0,0,1,0,0,0,0
"POINT (6.818859331000056 51.467119420000074)",Unfall 48402 (2024) Kat:3, Licht: 0,48402,3,3,5,09,14,6,0,0,0,1,0,0,0,0
"POINT (6.687774125000033 51.449645240000052)",Unfall 48412 (2024) Kat:3, Licht: 2,48412,3,5,1,09,21,6,0,2,1,1,0,0,0,0
"POINT (6.821063161000041 51.500287253000067)",Unfall 48415 (2024) Kat:2, Licht: 2,48415,2,6,2,09,06,6,0,2,0,0,0,0,1,1
"POINT (6.774954721000029 51.493114916000081)",Unfall 48499 (2024) Kat:3, Licht: 0,48499,3,2,5,09,07,5,0,0,1,0,0,0,0,1
"POINT (6.711309058000040 51.404369987000052)",Unfall 48690 (2024) Kat:3, Licht: 2,48690,3,2,4,09,20,3,1,2,0,1,0,0,0,0
"POINT (6.730481346000033 51.411468577000051)",Unfall 48691 (2024) Kat:3, Licht: 0,48691,3,1,0,09,15,3,0,0,1,0,0,0,0,0
"POINT (6.739315254000076 51.450690875000078)",Unfall 48692 (2024) Kat:3, Licht: 2,48692,3,1,0,09,21,3,1,2,0,0,0,0,0,1
"POINT (6.767755829000066 51.488048100000071)",Unfall 48694 (2024) Kat:3, Licht: 2,48694,3,1,8,09,21,3,1,2,0,1,0,0,0,0
"POINT (6.783742713000038 51.447273371000051)",Unfall 48787 (2024) Kat:3, Licht: 2,48787,3,7,4,09,20,2,1,2,0,1,0,0,0,0
"POINT (6.767033471000047 51.467410844000028)",Unfall 48846 (2024) Kat:3, Licht: 0,48846,3,6,3,09,12,4,0,0,0,1,0,0,1,0
"POINT (6.754059273000053 51.418656543000054)",Unfall 48874 (2024) Kat:3, Licht: 1,48874,3,2,6,09,20,1,0,1,0,1,1,0,0,0
"POINT (6.693637432000060 51.465982572000030)",Unfall 48875 (2024) Kat:3, Licht: 0,48875,3,6,1,09,11,1,0,0,0,1,0,0,0,0
"POINT (6.729473352000070 51.497492085000033)",Unfall 48876 (2024) Kat:3, Licht: 0,48876,3,1,0,09,14,1,0,0,1,0,0,0,0,0
"POINT (6.766463918000056 51.474592975000064)",Unfall 48877 (2024) Kat:3, Licht: 0,48877,3,6,2,09,13,1,0,0,0,1,0,0,0,0
"POINT (6.781991664000032 51.467090566000081)",Unfall 48975 (2024) Kat:3, Licht: 0,48975,3,1,9,09,14,6,0,0,0,1,0,0,0,0
"POINT (6.773232372000052 51.527527636000059)",Unfall 48982 (2024) Kat:3, Licht: 0,48982,3,6,2,09,10,7,0,0,0,1,0,0,0,0
"POINT (6.734469039000032 51.476287868000043)",Unfall 48983 (2024) Kat:3, Licht: 2,48983,3,3,5,09,23,7,0,2,0,1,0,0,0,0
"POINT (6.772901810000064 51.437691428000051)",Unfall 49111 (2024) Kat:3, Licht: 0,49111,3,2,0,09,07,6,0,0,0,0,0,0,0,1
"POINT (6.756711599000027 51.471111529000041)",Unfall 49112 (2024) Kat:2, Licht: 2,49112,2,3,5,09,23,6,0,2,0,1,0,0,0,1
"POINT (6.737969328000077 51.435499090000064)",Unfall 49113 (2024) Kat:3, Licht: 0,49113,3,1,8,09,12,6,0,0,1,0,0,0,0,0
"POINT (6.783061038000028 51.467398730000070)",Unfall 49156 (2024) Kat:3, Licht: 0,49156,3,6,0,09,14,3,0,0,1,1,0,0,0,0
"POINT (6.772290641000041 51.427240897000047)",Unfall 49234 (2024) Kat:2, Licht: 0,49234,2,3,5,09,11,5,0,0,0,1,0,0,0,0
"POINT (6.772806852000031 51.510927595000055)",Unfall 49235 (2024) Kat:3, Licht: 0,49235,3,4,6,09,13,5,0,0,0,1,1,0,0,0
"POINT (6.733033206000073 51.466621661000033)",Unfall 49236 (2024) Kat:3, Licht: 0,49236,3,3,5,09,17,5,0,0,0,1,0,0,0,1
"POINT (6.742809763000025 51.527324169000053)",Unfall 49375 (2024) Kat:3, Licht: 2,49375,3,7,0,09,20,4,0,2,0,1,0,0,0,0
"POINT (6.733769468000048 51.458368313000051)",Unfall 49376 (2024) Kat:2, Licht: 0,49376,2,6,2,09,09,4,1,0,0,1,0,0,0,0
"POINT (6.734027399000070 51.470643351000035)",Unfall 49377 (2024) Kat:3, Licht: 0,49377,3,1,8,09,12,4,0,0,0,1,0,0,0,0
"POINT (6.807344562000026 51.459555315000046)",Unfall 49379 (2024) Kat:3, Licht: 0,49379,3,6,2,09,14,4,1,0,0,1,0,0,0,0
"POINT (6.775849038000047 51.436770461000037)",Unfall 49380 (2024) Kat:3, Licht: 0,49380,3,6,2,09,17,4,0,0,0,1,0,0,0,0
"POINT (6.747223135000070 51.443250222000074)",Unfall 49511 (2024) Kat:3, Licht: 0,49511,3,3,5,09,08,3,0,0,1,0,0,0,0,1
"POINT (6.683021352000026 51.417983757000059)",Unfall 49512 (2024) Kat:3, Licht: 0,49512,3,3,5,09,14,3,0,0,1,1,0,0,0,0
"POINT (6.742854978000025 51.524703792000082)",Unfall 49513 (2024) Kat:3, Licht: 0,49513,3,3,5,09,18,3,0,0,1,1,0,0,0,0
"POINT (6.762926806000053 51.472102578000033)",Unfall 49515 (2024) Kat:3, Licht: 0,49515,3,6,2,09,13,3,0,0,0,1,0,0,0,0
"POINT (6.746015801000055 51.486519653000073)",Unfall 49657 (2024) Kat:3, Licht: 0,49657,3,6,1,09,09,2,0,0,0,0,0,0,1,1
"POINT (6.699583741000026 51.479917204000060)",Unfall 49658 (2024) Kat:3, Licht: 1,49658,3,1,9,09,18,2,1,1,0,1,0,0,0,0
"POINT (6.775687005000066 51.433124891000034)",Unfall 49761 (2024) Kat:3, Licht: 2,49761,3,2,5,09,22,1,0,2,0,1,0,0,0,0
"POINT (6.765059806000068 51.498104661000070)",Unfall 49762 (2024) Kat:3, Licht: 2,49762,3,6,3,09,03,1,0,2,0,1,0,0,0,0
"POINT (6.783966228000054 51.489507600000081)",Unfall 49763 (2024) Kat:3, Licht: 2,49763,3,7,6,09,00,1,0,2,0,1,1,0,0,0
"POINT (6.766077665000068 51.497375266000063)",Unfall 49872 (2024) Kat:3, Licht: 0,49872,3,6,5,09,13,7,0,0,1,1,0,0,0,0
"POINT (6.751804876000051 51.418884698000056)",Unfall 49883 (2024) Kat:3, Licht: 0,49883,3,2,5,08,14,7,0,0,1,1,0,0,0,0
"POINT (6.682460778000063 51.442878839000059)",Unfall 49974 (2024) Kat:3, Licht: 0,49974,3,3,0,08,11,7,0,0,1,1,0,0,0,0
"POINT (6.757300879000070 51.375061283000036)",Unfall 50022 (2024) Kat:3, Licht: 0,50022,3,3,5,08,13,6,0,0,1,1,0,0,0,0
"POINT (6.751186269000073 51.401518486000043)",Unfall 50087 (2024) Kat:3, Licht: 2,50087,3,3,0,09,05,6,1,2,1,0,0,0,0,1
"POINT (6.779930727000021 51.372336128000029)",Unfall 50158 (2024) Kat:3, Licht: 0,50158,3,2,4,08,17,5,0,0,1,1,0,0,0,0
"POINT (6.753618223000046 51.417016962000048)",Unfall 50159 (2024) Kat:3, Licht: 0,50159,3,1,0,08,08,5,0,0,1,0,0,0,0,0
"POINT (6.790888384000027 51.426574247000076)",Unfall 50160 (2024) Kat:3, Licht: 0,50160,3,1,0,08,18,5,0,0,1,0,0,0,0,0
"POINT (6.795545616000027 51.439821461000065)",Unfall 50161 (2024) Kat:3, Licht: 0,50161,3,6,2,08,17,5,0,0,0,1,0,0,0,0
"POINT (6.718839919000061 51.456589660000077)",Unfall 50162 (2024) Kat:3, Licht: 0,50162,3,3,5,08,17,5,0,0,1,0,0,0,0,1
"POINT (6.692529404000027 51.416681352000069)",Unfall 50163 (2024) Kat:3, Licht: 0,50163,3,3,2,08,16,5,0,0,1,1,0,0,0,0
"POINT (6.715375165000069 51.543772829000034)",Unfall 50164 (2024) Kat:3, Licht: 0,50164,3,3,5,08,10,5,0,0,1,1,0,0,0,0
"POINT (6.720545116000039 51.531915141000070)",Unfall 50165 (2024) Kat:2, Licht: 2,50165,2,6,8,08,02,5,0,2,0,1,0,1,0,0
"POINT (6.733912172000032 51.470807283000056)",Unfall 50273 (2024) Kat:3, Licht: 0,50273,3,6,1,09,12,4,1,0,0,1,0,0,0,0
"POINT (6.773149255000021 51.433571324000070)",Unfall 50322 (2024) Kat:3, Licht: 0,50322,3,7,6,09,15,3,0,0,0,1,1,0,0,0
"POINT (6.797166811000068 51.461823048000042)",Unfall 50336 (2024) Kat:3, Licht: 0,50336,3,6,0,08,13,4,0,0,0,1,1,0,0,0
"POINT (6.763101271000039 51.489055356000051)",Unfall 50337 (2024) Kat:3, Licht: 0,50337,3,4,6,08,11,4,0,0,0,1,1,0,0,0