WKT,Name,OBJECTID,UKATEGORIE,UTYP1,UART,UMONAT,USTUNDE,UWOCHENTAG,STRZUSTAND,ULICHTVERH,ISTRAD,ISTPKW,ISTFUSS,ISTKRAD,ISTGKFZ,ISTSONSTIG
"POINT (6.769141964000028 51.502610779000065)",Unfall 50339 (2024) Kat:3, Licht: 0,50339,3,4,5,08,11,4,0,0,0,1,1,0,0,0
"POINT (6.700737809000032 51.362677186000042)",Unfall 50432 (2024) Kat:3, Licht: 2,50432,3,1,8,09,19,3,1,2,0,1,0,0,1,0
"POINT (6.759346271000027 51.527658637000059)",Unfall 50433 (2024) Kat:3, Licht: 2,50433,3,1,0,09,05,3,0,2,1,1,0,0,0,0
"POINT (6.801313005000054 51.442999868000072)",Unfall 50534 (2024) Kat:3, Licht: 0,50534,3,6,2,09,16,2,0,0,0,1,0,0,1,0
"POINT (6.800432380000075 51.455308230000071)",Unfall 50535 (2024) Kat:3, Licht: 0,50535,3,6,2,09,06,2,0,0,0,1,0,0,0,1
"POINT (6.753526589000046 51.416669027000069)",Unfall 50647 (2024) Kat:3, Licht: 0,50647,3,5,1,09,18,1,0,0,0,1,0,1,0,0
"POINT (6.742802269000038 51.417358552000053)",Unfall 50648 (2024) Kat:3, Licht: 0,50648,3,1,0,09,15,1,0,0,1,0,0,0,0,0
"POINT (6.811944187000051 51.433097925000027)",Unfall 50649 (2024) Kat:2, Licht: 0,50649,2,1,0,09,12,1,0,0,0,0,0,1,0,0
"POINT (6.691229238000062 51.449632549000057)",Unfall 50752 (2024) Kat:3, Licht: 2,50752,3,6,4,09,05,7,0,2,0,1,0,0,0,0
"POINT (6.791919123000071 51.492999699000052)",Unfall 50753 (2024) Kat:3, Licht: 0,50753,3,4,6,09,14,7,0,0,0,1,1,0,0,0
"POINT (6.710676502000069 51.436818579000033)",Unfall 50759 (2024) Kat:3, Licht: 0,50759,3,6,2,09,10,7,0,0,0,1,0,0,0,1
"POINT (6.779138730000057 51.368910872000072)",Unfall 50908 (2024) Kat:3, Licht: 0,50908,3,1,0,09,17,6,0,0,1,0,0,0,0,0
"POINT (6.790308612000047 51.416943493000076)",Unfall 50909 (2024) Kat:3, Licht: 0,50909,3,2,5,09,15,6,0,0,1,1,0,0,0,0
"POINT (6.656315430000063 51.392254426000079)",Unfall 50910 (2024) Kat:3, Licht: 0,50910,3,3,5,09,13,6,0,0,1,1,0,0,0,0
"POINT (6.770278359000031 51.425502141000038)",Unfall 50915 (2024) Kat:3, Licht: 0,50915,3,6,2,09,14,6,0,0,0,1,0,0,1,0
"POINT (6.731145753000021 51.545460037000055)",Unfall 51056 (2024) Kat:2, Licht: 0,51056,2,3,5,09,16,5,0,0,1,1,0,0,0,0
"POINT (6.771084939000048 51.381680409000069)",Unfall 51203 (2024) Kat:2, Licht: 0,51203,2,5,3,09,17,4,0,0,0,1,0,1,0,0
"POINT (6.790034577000029 51.425865403000046)",Unfall 51204 (2024) Kat:3, Licht: 1,51204,3,7,0,09,19,4,0,1,1,0,0,0,0,0
"POINT (6.757595656000035 51.429758491000030)",Unfall 51205 (2024) Kat:2, Licht: 0,51205,2,3,1,09,12,4,0,0,0,1,0,1,0,0
"POINT (6.760383862000026 51.481470880000074)",Unfall 51225 (2024) Kat:3, Licht: 0,51225,3,1,0,09,12,4,0,0,0,0,0,1,0,0
"POINT (6.765377433000026 51.406270396000082)",Unfall 51298 (2024) Kat:3, Licht: 2,51298,3,3,5,09,06,3,0,2,1,1,0,0,0,0
"POINT (6.753578246000075 51.393766177000032)",Unfall 51402 (2024) Kat:3, Licht: 0,51402,3,2,3,09,09,2,0,0,1,0,0,0,0,1
"POINT (6.767313053000066 51.475954762000072)",Unfall 51406 (2024) Kat:2, Licht: 0,51406,2,6,3,09,16,2,0,0,0,1,0,0,0,0
"POINT (6.759773073000076 51.510374004000028)",Unfall 51431 (2024) Kat:3, Licht: 0,51431,3,3,5,09,12,7,0,0,0,1,0,1,0,0
"POINT (6.756811828000025 51.430704644000059)",Unfall 51505 (2024) Kat:3, Licht: 0,51505,3,6,3,09,10,1,0,0,0,0,0,1,0,0
"POINT (6.711750151000047 51.406045091000067)",Unfall 51506 (2024) Kat:3, Licht: 0,51506,3,2,0,09,17,1,0,0,1,1,0,0,0,0
"POINT (6.773964294000052 51.371099991000051)",Unfall 51535 (2024) Kat:2, Licht: 0,51535,2,1,0,09,13,4,0,0,0,0,0,1,0,0
"POINT (6.769594569000049 51.426866368000049)",Unfall 51664 (2024) Kat:3, Licht: 2,51664,3,6,3,10,05,4,1,2,1,1,0,0,0,0
"POINT (6.799312640000039 51.459740346000046)",Unfall 51665 (2024) Kat:3, Licht: 0,51665,3,1,5,10,14,4,1,0,1,0,0,0,0,0
"POINT (6.741747721000024 51.491521564000038)",Unfall 51666 (2024) Kat:3, Licht: 0,51666,3,3,5,10,14,4,1,0,0,1,0,0,0,0
"POINT (6.662858140000026 51.485727662000045)",Unfall 51669 (2024) Kat:3, Licht: 2,51669,3,1,0,10,21,4,1,2,0,1,0,0,0,0
"POINT (6.765090186000066 51.472151114000042)",Unfall 51772 (2024) Kat:3, Licht: 0,51772,3,6,2,10,15,3,0,0,0,1,0,0,0,1
"POINT (6.752592287000027 51.413872999000034)",Unfall 51887 (2024) Kat:3, Licht: 0,51887,3,6,1,10,16,2,0,0,0,1,0,0,0,0
"POINT (6.682646534000071 51.449690759000077)",Unfall 51888 (2024) Kat:3, Licht: 0,51888,3,3,5,10,14,2,0,0,0,1,0,1,0,0
"POINT (6.736128762000021 51.456231805000073)",Unfall 51931 (2024) Kat:2, Licht: 0,51931,2,7,5,10,12,2,0,0,0,1,0,1,0,0
"POINT (6.767421615000046 51.426090988000055)",Unfall 51956 (2024) Kat:3, Licht: 0,51956,3,6,2,10,15,1,0,0,0,1,0,0,0,0
"POINT (6.806966883000030 51.430216894000068)",Unfall 51962 (2024) Kat:3, Licht: 2,51962,3,1,7,10,01,1,0,2,0,1,0,0,0,0
"POINT (6.751804876000051 51.418884698000056)",Unfall 52046 (2024) Kat:3, Licht: 0,52046,3,4,0,10,16,7,0,0,1,0,1,0,0,0
"POINT (6.640803839000057 51.393246354000041)",Unfall 52047 (2024) Kat:3, Licht: 0,52047,3,3,5,10,12,7,0,0,1,1,0,0,0,0
"POINT (6.715375165000069 51.543772829000034)",Unfall 52048 (2024) Kat:3, Licht: 0,52048,3,1,8,10,12,7,0,0,0,0,0,1,0,0
"POINT (6.788883616000021 51.487613764000059)",Unfall 52049 (2024) Kat:3, Licht: 2,52049,3,6,3,10,20,7,0,2,0,1,0,0,0,1
"POINT (6.797332330000074 51.417779067000026)",Unfall 52050 (2024) Kat:3, Licht: 0,52050,3,6,2,10,14,7,0,0,0,1,0,0,0,0
"POINT (6.700937326000030 51.479548835000060)",Unfall 52053 (2024) Kat:3, Licht: 2,52053,3,1,8,10,23,7,0,2,0,1,0,0,0,0
"POINT (6.763074546000041 51.431529656000066)",Unfall 52111 (2024) Kat:3, Licht: 0,52111,3,2,5,10,10,3,0,0,0,1,0,1,0,0
"POINT (6.801226028000031 51.455866913000079)",Unfall 52140 (2024) Kat:3, Licht: 0,52140,3,6,2,10,11,3,0,0,0,1,0,0,0,0
"POINT (6.776126041000055 51.435847314000057)",Unfall 52208 (2024) Kat:2, Licht: 0,52208,2,1,9,10,17,5,0,0,0,0,0,1,0,0
"POINT (6.754332775000023 51.418620029000067)",Unfall 52211 (2024) Kat:3, Licht: 0,52211,3,6,2,10,12,7,0,0,0,1,0,0,0,1
"POINT (6.785023290000026 51.486202887000047)",Unfall 52217 (2024) Kat:3, Licht: 0,52217,3,6,2,10,16,4,1,0,0,1,0,0,0,0
"POINT (6.798289864000026 51.423040647000050)",Unfall 52289 (2024) Kat:3, Licht: 0,52289,3,6,2,10,10,4,1,0,0,1,0,0,0,0
"POINT (6.806975554000076 51.438624918000073)",Unfall 52290 (2024) Kat:3, Licht: 2,52290,3,7,8,10,05,4,1,2,0,1,0,0,0,1
"POINT (6.763149507000037 51.431521025000052)",Unfall 52413 (2024) Kat:3, Licht: 0,52413,3,2,4,10,08,3,1,0,0,1,0,0,0,1
"POINT (6.707491556000036 51.455877666000049)",Unfall 52414 (2024) Kat:3, Licht: 1,52414,3,6,5,10,09,3,1,1,0,1,0,0,0,0
"POINT (6.757341264000047 51.498930033000079)",Unfall 52415 (2024) Kat:3, Licht: 2,52415,3,5,1,10,20,3,0,2,0,1,0,0,1,0
"POINT (6.806744048000041 51.430301559000043)",Unfall 52418 (2024) Kat:3, Licht: 0,52418,3,1,9,10,09,3,1,0,0,1,0,0,0,0
"POINT (6.746948903000032 51.443472249000081)",Unfall 52528 (2024) Kat:3, Licht: 2,52528,3,2,4,09,21,2,1,2,0,1,0,0,0,1
"POINT (6.768933062000031 51.426499378000074)",Unfall 52530 (2024) Kat:3, Licht: 2,52530,3,2,4,09,19,2,1,2,0,1,0,0,0,1
"POINT (6.767644132000044 51.466511661000027)",Unfall 52534 (2024) Kat:3, Licht: 0,52534,3,6,2,09,15,2,1,0,0,1,0,0,0,0
"POINT (6.801933793000046 51.444713636000074)",Unfall 52711 (2024) Kat:3, Licht: 0,52711,3,6,2,09,17,7,0,0,0,1,0,0,0,0
"POINT (6.696364283000037 51.450955777000047)",Unfall 52842 (2024) Kat:3, Licht: 0,52842,3,2,3,09,13,6,0,0,0,1,0,0,0,0
"POINT (6.767132362000041 51.421663252000030)",Unfall 53002 (2024) Kat:2, Licht: 2,53002,2,1,0,09,05,5,1,2,0,0,0,0,0,1
"POINT (6.778881464000051 51.432232705000047)",Unfall 53003 (2024) Kat:3, Licht: 0,53003,3,3,5,09,13,5,1,0,0,1,0,0,0,1
"POINT (6.771173749000070 51.461081534000073)",Unfall 53005 (2024) Kat:3, Licht: 0,53005,3,6,2,09,17,5,0,0,0,1,0,0,0,0
"POINT (6.697125110000059 51.401243768000029)",Unfall 53138 (2024) Kat:3, Licht: 0,53138,3,2,3,09,09,4,0,0,0,0,0,0,0,1
"POINT (6.733680422000020 51.477641966000078)",Unfall 53139 (2024) Kat:3, Licht: 2,53139,3,6,2,09,21,4,1,2,0,1,0,0,0,0
"POINT (6.807687763000047 51.437225668000053)",Unfall 53146 (2024) Kat:3, Licht: 1,53146,3,6,3,09,07,4,0,1,0,1,0,0,1,0
"POINT (6.770207059000029 51.461983219000047)",Unfall 53147 (2024) Kat:3, Licht: 0,53147,3,6,2,09,16,4,0,0,0,1,0,0,0,1
"POINT (6.770458169000051 51.420808004000037)",Unfall 53148 (2024) Kat:3, Licht: 2,53148,3,6,2,09,03,4,1,2,0,1,0,0,0,0
"POINT (6.782491288000074 51.383466610000028)",Unfall 53260 (2024) Kat:3, Licht: 0,53260,3,2,4,10,12,4,1,0,0,1,0,1,0,0
"POINT (6.766563440000027 51.484565526000040)",Unfall 53261 (2024) Kat:2, Licht: 2,53261,2,3,5,10,04,4,1,2,0,1,0,0,0,0
"POINT (6.754304848000061 51.420989978000080)",Unfall 53356 (2024) Kat:3, Licht: 0,53356,3,3,5,10,04,3,0,0,1,1,0,0,0,0
"POINT (6.754221714000039 51.480461221000041)",Unfall 53357 (2024) Kat:3, Licht: 1,53357,3,3,0,10,16,3,1,1,1,1,0,0,0,0
"POINT (6.759254414000054 51.438986272000079)",Unfall 53362 (2024) Kat:3, Licht: 1,53362,3,6,8,10,06,3,1,1,0,1,0,0,1,0
"POINT (6.700948172000039 51.453290897000045)",Unfall 53421 (2024) Kat:3, Licht: 0,53421,3,2,5,10,16,3,1,0,0,1,0,0,0,0
"POINT (6.757582975000048 51.527605989000051)",Unfall 53474 (2024) Kat:3, Licht: 0,53474,3,3,0,10,13,2,0,0,1,1,0,0,0,0
"POINT (6.795964785000024 51.457621877000065)",Unfall 53536 (2024) Kat:3, Licht: 2,53536,3,6,2,10,20,1,0,2,0,1,0,1,0,0
"POINT (6.759773073000076 51.510374004000028)",Unfall 53617 (2024) Kat:3, Licht: 0,53617,3,6,2,10,17,7,0,0,0,1,0,0,0,0
"POINT (6.769541938000032 51.495671788000038)",Unfall 53618 (2024) Kat:3, Licht: 0,53618,3,5,0,10,10,7,0,0,1,0,0,0,0,0
"POINT (6.754123570000047 51.418921380000029)",Unfall 53736 (2024) Kat:3, Licht: 0,53736,3,4,6,10,12,6,0,0,0,0,1,0,0,1
"POINT (6.685277918000054 51.410060622000060)",Unfall 53737 (2024) Kat:3, Licht: 2,53737,3,3,5,10,21,6,0,2,0,1,0,0,0,1
"POINT (6.773494260000064 51.391887624000049)",Unfall 53744 (2024) Kat:3, Licht: 2,53744,3,1,8,10,00,6,0,2,0,1,0,0,0,0
"POINT (6.758893451000063 51.383850043000052)",Unfall 53864 (2024) Kat:3, Licht: 0,53864,3,2,5,10,10,5,0,0,1,1,0,0,0,0
"POINT (6.718839919000061 51.456589660000077)",Unfall 53865 (2024) Kat:3, Licht: 2,53865,3,1,0,10,01,5,0,2,0,0,0,0,0,1
"POINT (6.710681211000065 51.417329455000072)",Unfall 53866 (2024) Kat:3, Licht: 0,53866,3,6,2,10,10,5,0,0,0,1,0,0,0,0
"POINT (6.807326527000043 51.459549393000032)",Unfall 53868 (2024) Kat:3, Licht: 2,53868,3,6,2,10,18,5,0,2,0,1,0,0,0,0
"POINT (6.818612988000041 51.495250366000050)",Unfall 53907 (2024) Kat:3, Licht: 0,53907,3,6,3,10,17,6,0,0,0,1,0,0,1,0
"POINT (6.775687005000066 51.433124891000034)",Unfall 53972 (2024) Kat:3, Licht: 0,53972,3,2,5,10,10,4,0,0,1,1,0,0,0,0
"POINT (6.740919292000058 51.454476432000035)",Unfall 54084 (2024) Kat:3, Licht: 2,54084,3,6,2,10,05,3,1,2,0,1,0,0,0,0
"POINT (6.777289452000048 51.434876996000071)",Unfall 54089 (2024) Kat:1, Licht: 0,54089,1,1,9,10,12,3,0,0,0,1,0,0,0,0
"POINT (6.800470659000041 51.406202938000035)",Unfall 54184 (2024) Kat:2, Licht: 1,54184,2,2,4,10,07,2,1,1,0,1,0,0,0,0
"POINT (6.754311034000068 51.421705340000074)",Unfall 54185 (2024) Kat:3, Licht: 1,54185,3,6,0,10,07,2,1,1,0,1,0,0,0,1
"POINT (6.817666430000031 51.492618099000026)",Unfall 54195 (2024) Kat:2, Licht: 0,54195,2,3,3,10,08,2,1,0,0,1,0,0,1,0
"POINT (6.791120587000023 51.433116241000050)",Unfall 54202 (2024) Kat:3, Licht: 0,54202,3,1,0,10,14,3,1,0,0,0,1,0,0,1
"POINT (6.760953386000040 51.500216699000077)",Unfall 54349 (2024) Kat:3, Licht: 2,54349,3,3,5,10,02,7,1,2,0,1,0,0,0,0
"POINT (6.812139696000031 51.442999265000026)",Unfall 54350 (2024) Kat:3, Licht: 2,54350,3,6,2,10,19,7,0,2,0,1,0,0,0,0
"POINT (6.776160159000028 51.483306504000041)",Unfall 54351 (2024) Kat:3, Licht: 0,54351,3,6,2,10,17,7,0,0,0,1,0,0,0,0
"POINT (6.717239031000076 51.414969513000074)",Unfall 54392 (2024) Kat:3, Licht: 0,54392,3,6,1,10,14,6,0,0,0,1,0,0,0,0
"POINT (6.791147078000051 51.448258731000067)",Unfall 54463 (2024) Kat:3, Licht: 0,54463,3,3,5,10,10,6,0,0,0,1,0,0,0,1
"POINT (6.769104236000032 51.534042321000072)",Unfall 54464 (2024) Kat:3, Licht: 0,54464,3,7,0,10,13,6,0,0,0,1,1,0,0,0
"POINT (6.754221714000039 51.480461221000041)",Unfall 54549 (2024) Kat:3, Licht: 0,54549,3,3,2,10,10,5,1,0,1,1,0,0,0,0
"POINT (6.763126252000063 51.499079024000082)",Unfall 54550 (2024) Kat:3, Licht: 2,54550,3,6,3,10,21,5,1,2,0,1,0,0,0,0
"POINT (6.774620727000070 51.432628782000052)",Unfall 54551 (2024) Kat:3, Licht: 0,54551,3,6,3,10,14,5,0,0,0,1,0,0,1,0
"POINT (6.784356582000044 51.420861686000080)",Unfall 54667 (2024) Kat:3, Licht: 2,54667,3,6,1,10,19,4,0,2,0,1,0,0,0,0
"POINT (6.767090155000062 51.426043592000042)",Unfall 54668 (2024) Kat:3, Licht: 2,54668,3,1,0,10,21,4,0,2,0,1,0,0,0,0
"POINT (6.688862285000027 51.469352624000066)",Unfall 54669 (2024) Kat:3, Licht: 0,54669,3,6,4,10,17,4,0,0,1,0,0,1,0,0
"POINT (6.754992909000066 51.527563620000080)",Unfall 54670 (2024) Kat:3, Licht: 0,54670,3,6,2,10,13,4,0,0,0,1,0,0,0,1
"POINT (6.769554587000073 51.370558263000078)",Unfall 54770 (2024) Kat:3, Licht: 0,54770,3,3,5,10,09,3,0,0,1,1,0,0,0,0
"POINT (6.709952052000062 51.414705215000026)",Unfall 54771 (2024) Kat:3, Licht: 0,54771,3,2,5,10,17,3,0,0,0,1,0,0,0,0
"POINT (6.798366678000036 51.415187756000080)",Unfall 54773 (2024) Kat:2, Licht: 0,54773,2,6,2,10,08,3,0,0,0,1,0,0,1,0
"POINT (6.746683985000061 51.385542223000073)",Unfall 54873 (2024) Kat:3, Licht: 0,54873,3,6,2,10,18,2,1,0,0,1,0,0,0,0
"POINT (6.791662762000044 51.478875260000052)",Unfall 54874 (2024) Kat:3, Licht: 0,54874,3,3,5,10,07,2,0,0,0,1,0,0,0,0
"POINT (6.765488842000025 51.473020931000065)",Unfall 54878 (2024) Kat:3, Licht: 2,54878,3,6,2,10,06,2,0,2,0,1,0,0,0,0
"POINT (6.786906673000033 51.447762009000030)",Unfall 54880 (2024) Kat:3, Licht: 0,54880,3,7,2,10,11,2,0,0,0,1,0,0,0,0
"POINT (6.746683985000061 51.385542223000073)",Unfall 54952 (2024) Kat:3, Licht: 2,54952,3,1,0,10,22,1,0,2,0,1,0,0,0,0
"POINT (6.739420580000058 51.381958755000028)",Unfall 54953 (2024) Kat:3, Licht: 2,54953,3,6,4,10,20,1,2,2,1,0,0,0,0,1
"POINT (6.796078935000025 51.436152100000072)",Unfall 54954 (2024) Kat:3, Licht: 2,54954,3,1,9,10,05,1,1,2,0,1,0,0,0,0
"POINT (6.782819763000020 51.467677578000064)",Unfall 54955 (2024) Kat:3, Licht: 2,54955,3,1,8,10,04,1,1,2,0,1,0,0,0,0
"POINT (6.747678072000042 51.499629366000079)",Unfall 55012 (2024) Kat:3, Licht: 0,55012,3,6,8,10,14,7,0,0,0,1,0,0,0,0
"POINT (6.750850122000031 51.397919751000074)",Unfall 55145 (2024) Kat:3, Licht: 1,55145,3,6,2,10,06,6,0,1,0,1,0,0,0,0
"POINT (6.790699966000034 51.486787960000072)",Unfall 55146 (2024) Kat:3, Licht: 0,55146,3,3,5,10,10,6,0,0,0,1,0,0,0,0
"POINT (6.767949289000057 51.408790105000037)",Unfall 55287 (2024) Kat:3, Licht: 0,55287,3,6,2,10,15,5,0,0,0,1,0,0,0,0
"POINT (6.761701372000061 51.431687744000044)",Unfall 55289 (2024) Kat:3, Licht: 0,55289,3,7,0,10,15,5,0,0,0,1,1,0,0,0
"POINT (6.672305329000039 51.481417311000030)",Unfall 55296 (2024) Kat:2, Licht: 2,55296,2,1,8,10,23,5,1,2,0,1,0,0,0,0
"POINT (6.805258764000030 51.433183701000075)",Unfall 55301 (2024) Kat:3, Licht: 0,55301,3,7,0,10,16,2,1,0,1,0,0,0,0,0
"POINT (6.752347895000071 51.414383689000033)",Unfall 55435 (2024) Kat:3, Licht: 0,55435,3,2,5,11,14,2,0,0,0,1,0,0,0,1
"POINT (6.768933062000031 51.426499378000074)",Unfall 55436 (2024) Kat:3, Licht: 0,55436,3,1,9,11,12,2,1,0,0,1,0,0,0,1
"POINT (6.779327173000070 51.419899341000075)",Unfall 55437 (2024) Kat:3, Licht: 2,55437,3,3,5,11,17,2,1,2,0,1,0,0,0,0
"POINT (6.761532606000060 51.444012019000070)",Unfall 55438 (2024) Kat:3, Licht: 0,55438,3,6,0,11,14,2,0,0,0,1,0,0,0,0
"POINT (6.759100346000025 51.428235985000072)",Unfall 55501 (2024) Kat:3, Licht: 2,55501,3,6,2,11,18,1,0,2,0,1,0,0,0,0
"POINT (6.766563440000027 51.484565526000040)",Unfall 55502 (2024) Kat:3, Licht: 2,55502,3,3,3,11,16,1,1,2,1,0,0,1,0,0
"POINT (6.774748976000069 51.492911246000062)",Unfall 55503 (2024) Kat:3, Licht: 2,55503,3,6,3,11,03,1,0,2,0,1,0,0,0,0
"POINT (6.807035227000028 51.438965733000032)",Unfall 55504 (2024) Kat:3, Licht: 2,55504,3,1,9,11,22,1,0,2,0,1,0,0,0,0
"POINT (6.650425114000029 51.391779744000075)",Unfall 55559 (2024) Kat:2, Licht: 0,55559,2,3,0,11,08,7,0,0,1,0,0,0,0,0
"POINT (6.767635344000041 51.481696244000034)",Unfall 55634 (2024) Kat:2, Licht: 2,55634,2,1,0,11,23,6,0,2,0,0,0,0,0,1
"POINT (6.734373841000036 51.472613427000056)",Unfall 55635 (2024) Kat:3, Licht: 1,55635,3,4,6,11,15,6,0,1,0,1,1,0,0,0
"POINT (6.742880697000032 51.503751089000048)",Unfall 55636 (2024) Kat:3, Licht: 0,55636,3,6,2,11,16,6,0,0,0,1,0,0,0,0
"POINT (6.761275134000073 51.427137008000045)",Unfall 55710 (2024) Kat:3, Licht: 0,55710,3,6,2,11,10,5,0,0,0,1,0,0,0,0
"POINT (6.732157282000060 51.481919622000078)",Unfall 55711 (2024) Kat:2, Licht: 0,55711,2,2,5,11,10,5,1,0,0,1,0,0,0,1
"POINT (6.770257636000053 51.495357221000063)",Unfall 55712 (2024) Kat:3, Licht: 0,55712,3,3,5,11,13,5,0,0,1,1,0,0,0,0
"POINT (6.768890858000020 51.486974908000036)",Unfall 55719 (2024) Kat:3, Licht: 2,55719,3,6,2,11,19,5,0,2,0,1,0,0,0,0
"POINT (6.754047223000043 51.418606910000051)",Unfall 55820 (2024) Kat:3, Licht: 0,55820,3,4,6,11,13,4,1,0,0,1,1,0,0,0
"POINT (6.759089656000071 51.428250374000072)",Unfall 55821 (2024) Kat:3, Licht: 1,55821,3,4,6,11,06,4,1,1,0,1,1,0,0,0
"POINT (6.790188359000069 51.477188200000057)",Unfall 55822 (2024) Kat:3, Licht: 2,55822,3,3,0,11,17,4,0,2,1,1,0,0,0,0
"POINT (6.770581482000068 51.484023855000032)",Unfall 55826 (2024) Kat:3, Licht: 2,55826,3,6,2,11,20,4,1,2,0,1,0,0,0,0
"POINT (6.800609233000046 51.455152187000067)",Unfall 55827 (2024) Kat:3, Licht: 2,55827,3,6,2,11,18,4,1,2,0,1,0,0,0,0
"POINT (6.785202147000064 51.447335372000055)",Unfall 55831 (2024) Kat:3, Licht: 2,55831,3,6,1,11,18,4,0,2,0,1,0,0,1,0
"POINT (6.805210678000037 51.404502338000043)",Unfall 55861 (2024) Kat:3, Licht: 0,55861,3,6,2,11,16,6,0,0,0,1,0,0,0,1
"POINT (6.783820589000072 51.353293399000052)",Unfall 55933 (2024) Kat:3, Licht: 0,55933,3,6,2,11,09,3,0,0,0,1,0,0,0,0
"POINT (6.751010367000049 51.389265736000027)",Unfall 55934 (2024) Kat:3, Licht: 2,55934,3,6,2,11,17,3,0,2,0,1,0,0,0,0
"POINT (6.742809763000025 51.527324169000053)",Unfall 55936 (2024) Kat:3, Licht: 0,55936,3,2,6,11,09,3,0,0,0,1,1,0,0,0
"POINT (6.764180989000067 51.431395361000057)",Unfall 55937 (2024) Kat:3, Licht: 0,55937,3,7,0,11,14,3,0,0,0,0,0,0,0,1
"POINT (6.732987351000077 51.543882516000053)",Unfall 56071 (2024) Kat:3, Licht: 0,56071,3,2,5,11,14,2,0,0,1,1,0,0,0,0
"POINT (6.769747217000031 51.491130214000066)",Unfall 56077 (2024) Kat:3, Licht: 0,56077,3,7,3,11,15,2,0,0,0,1,0,1,0,0
"POINT (6.759773073000076 51.510374004000028)",Unfall 56078 (2024) Kat:2, Licht: 0,56078,2,3,5,11,14,2,0,0,0,1,0,0,0,1
"POINT (6.803595344000030 51.400057355000058)",Unfall 56164 (2024) Kat:3, Licht: 0,56164,3,6,0,11,13,1,0,0,1,0,0,0,0,0
"POINT (6.691817120000053 51.448316103000082)",Unfall 56165 (2024) Kat:3, Licht: 2,56165,3,3,5,11,18,1,0,2,0,1,0,0,0,0
"POINT (6.692529404000027 51.416681352000069)",Unfall 56166 (2024) Kat:2, Licht: 0,56166,2,3,5,11,16,1,0,0,0,1,0,0,0,0
"POINT (6.764532520000046 51.472375249000038)",Unfall 56167 (2024) Kat:3, Licht: 1,56167,3,2,5,11,17,1,0,1,0,1,0,0,0,0
"POINT (6.820577987000036 51.499296343000026)",Unfall 56169 (2024) Kat:2, Licht: 2,56169,2,6,2,11,17,1,0,2,0,1,0,0,0,0
"POINT (6.769062045000055 51.477921515000048)",Unfall 56170 (2024) Kat:3, Licht: 0,56170,3,6,2,11,13,1,0,0,0,1,0,0,0,0
"POINT (6.755042045000039 51.527564172000041)",Unfall 56247 (2024) Kat:3, Licht: 2,56247,3,1,1,11,21,7,1,2,0,1,0,0,0,0
"POINT (6.798391096000046 51.496048158000065)",Unfall 56248 (2024) Kat:3, Licht: 0,56248,3,3,5,11,15,7,0,0,1,1,0,0,0,0
"POINT (6.679574242000058 51.475311337000051)",Unfall 56369 (2024) Kat:3, Licht: 0,56369,3,3,5,11,12,6,0,0,0,1,0,0,0,0
"POINT (6.790347039000039 51.393323079000027)",Unfall 56440 (2024) Kat:3, Licht: 0,56440,3,3,5,10,11,5,1,0,1,1,0,0,0,0
"POINT (6.793219350000072 51.415082982000058)",Unfall 56441 (2024) Kat:3, Licht: 2,56441,3,1,9,10,05,5,1,2,0,1,0,0,0,0
"POINT (6.771010788000069 51.461233506000042)",Unfall 56444 (2024) Kat:3, Licht: 2,56444,3,6,2,10,18,5,0,2,0,1,0,0,0,0
"POINT (6.777939467000067 51.445082586000069)",Unfall 56464 (2024) Kat:3, Licht: 2,56464,3,1,9,11,01,1,0,2,0,1,0,0,0,0
"POINT (6.758711876000064 51.385100310000041)",Unfall 56736 (2024) Kat:3, Licht: 0,56736,3,6,4,11,15,2,1,0,1,0,0,0,0,0
"POINT (6.797838415000058 51.498182703000055)",Unfall 56737 (2024) Kat:3, Licht: 2,56737,3,2,4,11,05,2,0,2,0,1,0,1,0,0
"POINT (6.786580424000022 51.352906380000036)",Unfall 56738 (2024) Kat:2, Licht: 2,56738,2,6,2,11,20,2,1,2,0,1,0,0,0,0
"POINT (6.773876736000034 51.388587164000057)",Unfall 56740 (2024) Kat:3, Licht: 2,56740,3,6,0,11,17,2,1,2,0,1,0,0,0,0
"POINT (6.774165450000055 51.383424767000065)",Unfall 56741 (2024) Kat:3, Licht: 1,56741,3,6,2,11,16,2,1,1,0,1,0,0,0,0
"POINT (6.776282297000023 51.437587371000063)",Unfall 56812 (2024) Kat:2, Licht: 0,56812,2,4,6,11,11,1,0,0,0,1,1,0,0,0
"POINT (6.790699966000034 51.486787960000072)",Unfall 56813 (2024) Kat:3, Licht: 0,56813,3,3,5,11,15,1,0,0,0,1,0,0,0,0
"POINT (6.801863527000023 51.485579656000027)",Unfall 56814 (2024) Kat:3, Licht: 2,56814,3,6,2,11,18,1,0,2,0,1,0,0,0,0
"POINT (6.774604996000051 51.493450535000079)",Unfall 56899 (2024) Kat:3, Licht: 2,56899,3,2,6,11,20,7,1,2,0,1,1,0,0,0
"POINT (6.771005362000039 51.461238565000031)",Unfall 56900 (2024) Kat:3, Licht: 2,56900,3,6,3,11,22,7,1,2,0,1,0,0,0,0
"POINT (6.702535653000041 51.398962985000026)",Unfall 57013 (2024) Kat:3, Licht: 0,57013,3,3,5,11,14,6,1,0,1,1,0,0,0,0
"POINT (6.705571510000027 51.478437393000036)",Unfall 57016 (2024) Kat:3, Licht: 0,57016,3,6,2,11,12,6,0,0,0,1,0,0,0,0