WKT,Name,OBJECTID,UKATEGORIE,UTYP1,UART,UMONAT,USTUNDE,UWOCHENTAG,STRZUSTAND,ULICHTVERH,ISTRAD,ISTPKW,ISTFUSS,ISTKRAD,ISTGKFZ,ISTSONSTIG
"POINT (6.774707674000069 51.372612549000053)",Unfall 57018 (2024) Kat:3, Licht: 2,57018,3,1,8,11,05,6,1,2,0,1,0,0,0,0
"POINT (6.783625144000041 51.388013292000039)",Unfall 57123 (2024) Kat:1, Licht: 0,57123,1,3,5,11,09,5,1,0,1,1,0,0,0,0
"POINT (6.701806751000049 51.356431023000027)",Unfall 57124 (2024) Kat:3, Licht: 2,57124,3,6,2,11,06,5,2,2,0,1,0,0,1,0
"POINT (6.766336977000037 51.406688152000072)",Unfall 57125 (2024) Kat:3, Licht: 2,57125,3,3,5,11,07,5,1,2,0,1,0,0,0,1
"POINT (6.810872676000031 51.433131605000028)",Unfall 57126 (2024) Kat:3, Licht: 1,57126,3,7,2,11,16,5,1,1,0,1,0,0,0,0
"POINT (6.701004251000029 51.399645404000069)",Unfall 57127 (2024) Kat:3, Licht: 1,57127,3,2,6,11,07,5,0,1,0,1,1,0,0,0
"POINT (6.743926541000064 51.511777174000031)",Unfall 57128 (2024) Kat:3, Licht: 2,57128,3,6,2,11,18,5,1,2,0,1,0,0,0,1
"POINT (6.697129324000059 51.451399295000044)",Unfall 57238 (2024) Kat:3, Licht: 0,57238,3,6,0,11,15,4,1,0,1,1,0,0,0,0
"POINT (6.776336665000031 51.436112859000048)",Unfall 57239 (2024) Kat:3, Licht: 2,57239,3,6,3,11,18,4,1,2,0,1,0,0,0,0
"POINT (6.747292883000057 51.442956815000059)",Unfall 57253 (2024) Kat:3, Licht: 2,57253,3,4,0,11,18,7,0,2,1,0,1,0,0,0
"POINT (6.807909237000047 51.437262066000073)",Unfall 57255 (2024) Kat:3, Licht: 0,57255,3,6,2,11,13,5,1,0,0,1,0,0,1,0
"POINT (6.778479568000023 51.432142416000033)",Unfall 57383 (2024) Kat:3, Licht: 1,57383,3,7,0,11,07,3,1,1,1,1,0,0,0,0
"POINT (6.696788270000070 51.419391274000077)",Unfall 57384 (2024) Kat:3, Licht: 1,57384,3,3,5,11,07,3,1,1,0,1,0,0,0,1
"POINT (6.749423500000034 51.527303627000038)",Unfall 57385 (2024) Kat:3, Licht: 0,57385,3,6,2,11,13,3,1,0,0,1,0,0,0,0
"POINT (6.692914610000059 51.448963734000074)",Unfall 57386 (2024) Kat:2, Licht: 0,57386,2,7,0,11,11,3,1,0,0,0,0,1,0,0
"POINT (6.811221312000043 51.441704137000045)",Unfall 57388 (2024) Kat:3, Licht: 0,57388,3,6,2,11,16,3,1,0,0,1,0,0,1,0
"POINT (6.775063033000038 51.378447046000076)",Unfall 57394 (2024) Kat:3, Licht: 2,57394,3,6,2,11,16,3,1,2,0,1,0,0,0,0
"POINT (6.770840344000021 51.481872285000065)",Unfall 57543 (2024) Kat:3, Licht: 2,57543,3,6,1,11,19,2,0,2,0,1,0,0,0,0
"POINT (6.781020531000024 51.446951304000038)",Unfall 57547 (2024) Kat:2, Licht: 1,57547,2,1,9,11,07,2,1,1,0,0,0,1,0,0
"POINT (6.659784766000030 51.350211294000076)",Unfall 57633 (2024) Kat:3, Licht: 0,57633,3,7,2,11,15,1,1,0,0,1,0,0,0,0
"POINT (6.752789466000024 51.486950462000038)",Unfall 57636 (2024) Kat:3, Licht: 0,57636,3,4,0,11,15,1,0,0,0,0,1,0,0,1
"POINT (6.798953497000070 51.449845019000065)",Unfall 57637 (2024) Kat:3, Licht: 2,57637,3,6,2,11,17,1,0,2,0,1,0,0,0,0
"POINT (6.793459300000052 51.479709815000035)",Unfall 57691 (2024) Kat:3, Licht: 2,57691,3,1,8,11,00,7,0,2,0,1,0,0,0,0
"POINT (6.748788922000074 51.498445044000050)",Unfall 57692 (2024) Kat:3, Licht: 0,57692,3,3,0,11,13,7,0,0,1,1,0,0,0,0
"POINT (6.766311056000063 51.468683648000081)",Unfall 57693 (2024) Kat:3, Licht: 2,57693,3,6,2,11,17,7,0,2,0,1,0,0,0,0
"POINT (6.738085500000068 51.539385752000044)",Unfall 57787 (2024) Kat:3, Licht: 0,57787,3,3,5,11,14,6,1,0,1,1,0,0,0,0
"POINT (6.765506872000060 51.461548630000038)",Unfall 57788 (2024) Kat:3, Licht: 0,57788,3,2,6,11,13,6,0,0,0,1,1,0,0,0
"POINT (6.754312864000042 51.420519272000035)",Unfall 57887 (2024) Kat:3, Licht: 1,57887,3,7,4,11,07,3,1,1,0,1,0,0,0,1
"POINT (6.742347677000055 51.502981951000038)",Unfall 57930 (2024) Kat:3, Licht: 2,57930,3,3,0,11,07,5,1,2,1,1,0,0,0,0
"POINT (6.778926955000031 51.508808182000053)",Unfall 57931 (2024) Kat:3, Licht: 2,57931,3,1,9,11,05,5,1,2,0,1,0,0,0,0
"POINT (6.765529383000057 51.431146281000053)",Unfall 58076 (2024) Kat:3, Licht: 2,58076,3,1,9,11,16,4,1,2,0,1,0,0,0,0
"POINT (6.767516685000032 51.470940416000076)",Unfall 58078 (2024) Kat:3, Licht: 0,58078,3,7,0,11,09,4,0,0,1,0,0,0,0,0
"POINT (6.732800022000049 51.482624810000061)",Unfall 58079 (2024) Kat:3, Licht: 2,58079,3,7,3,11,20,4,1,2,0,1,0,0,1,0
"POINT (6.747725144000071 51.499559195000074)",Unfall 58080 (2024) Kat:2, Licht: 1,58080,2,2,6,11,05,4,1,1,0,1,1,0,0,0
"POINT (6.736613728000066 51.482951900000046)",Unfall 58083 (2024) Kat:2, Licht: 0,58083,2,6,3,11,15,4,0,0,0,1,0,0,0,0
"POINT (6.781814645000054 51.380592415000081)",Unfall 58202 (2024) Kat:3, Licht: 0,58202,3,4,6,11,13,3,0,0,0,1,1,0,0,0
"POINT (6.778881464000051 51.432232705000047)",Unfall 58204 (2024) Kat:3, Licht: 0,58204,3,6,2,11,11,3,0,0,0,1,0,0,0,0
"POINT (6.692529404000027 51.416681352000069)",Unfall 58205 (2024) Kat:2, Licht: 2,58205,2,6,3,11,05,3,1,2,0,1,0,1,0,0
"POINT (6.711394730000052 51.405111040000065)",Unfall 58206 (2024) Kat:3, Licht: 0,58206,3,1,1,11,16,3,0,0,0,1,0,0,0,0
"POINT (6.723409720000063 51.412561815000061)",Unfall 58208 (2024) Kat:3, Licht: 0,58208,3,2,5,11,15,3,0,0,1,1,0,0,0,0
"POINT (6.713895549000028 51.548323983000046)",Unfall 58209 (2024) Kat:3, Licht: 0,58209,3,3,5,11,09,3,0,0,0,1,0,0,0,0
"POINT (6.794609509000054 51.482945277000056)",Unfall 58210 (2024) Kat:3, Licht: 0,58210,3,6,2,11,14,3,0,0,0,1,0,0,0,0
"POINT (6.776349530000061 51.435913095000046)",Unfall 58215 (2024) Kat:3, Licht: 0,58215,3,6,2,11,15,3,0,0,0,1,0,0,0,0
"POINT (6.681027282000059 51.358029153000075)",Unfall 58317 (2024) Kat:3, Licht: 2,58317,3,6,2,12,18,5,1,2,0,1,0,0,0,0
"POINT (6.759578631000068 51.431929837000041)",Unfall 58318 (2024) Kat:3, Licht: 2,58318,3,7,4,12,01,5,1,2,0,1,0,0,0,0
"POINT (6.712676863000070 51.478284413000040)",Unfall 58319 (2024) Kat:3, Licht: 2,58319,3,1,0,12,02,5,1,2,0,1,0,0,0,0
"POINT (6.799964449000072 51.445516974000043)",Unfall 58322 (2024) Kat:3, Licht: 1,58322,3,6,2,12,07,5,1,1,0,1,0,0,0,0
"POINT (6.765406759000030 51.425152011000080)",Unfall 58394 (2024) Kat:3, Licht: 2,58394,3,2,3,12,17,4,0,2,0,1,0,0,0,1
"POINT (6.746298458000069 51.527237800000080)",Unfall 58465 (2024) Kat:3, Licht: 0,58465,3,6,6,12,08,3,0,0,0,1,1,0,0,0
"POINT (6.732555310000066 51.535907820000034)",Unfall 58466 (2024) Kat:3, Licht: 1,58466,3,2,0,12,07,3,0,1,1,1,0,0,0,0
"POINT (6.762144530000057 51.505507670000043)",Unfall 58470 (2024) Kat:3, Licht: 0,58470,3,6,3,12,08,3,0,0,0,1,0,0,0,1
"POINT (6.766614918000073 51.490234372000032)",Unfall 58471 (2024) Kat:3, Licht: 1,58471,3,6,2,12,07,3,0,1,0,1,0,0,0,0
"POINT (6.747748543000057 51.497514859000034)",Unfall 58621 (2024) Kat:3, Licht: 2,58621,3,7,0,12,21,1,1,2,0,1,0,0,0,1
"POINT (6.765750797000067 51.473885516000053)",Unfall 58624 (2024) Kat:3, Licht: 0,58624,3,6,2,12,12,1,0,0,0,1,0,0,0,0
"POINT (6.767192022000074 51.407352427000035)",Unfall 58692 (2024) Kat:3, Licht: 2,58692,3,3,5,12,05,7,0,2,0,1,0,0,0,0
"POINT (6.703570883000054 51.398542878000057)",Unfall 58693 (2024) Kat:3, Licht: 1,58693,3,7,0,12,16,7,0,1,0,0,0,0,0,1
"POINT (6.752736841000058 51.371504690000052)",Unfall 58769 (2024) Kat:3, Licht: 0,58769,3,2,5,12,12,6,0,0,0,1,0,0,0,1
"POINT (6.794534057000021 51.483569347000071)",Unfall 58770 (2024) Kat:3, Licht: 0,58770,3,6,2,12,15,6,0,0,0,1,0,0,1,0
"POINT (6.775185094000051 51.488024165000070)",Unfall 58771 (2024) Kat:3, Licht: 0,58771,3,7,1,12,12,6,0,0,0,1,0,0,0,0
"POINT (6.766827641000020 51.475077277000082)",Unfall 58777 (2024) Kat:2, Licht: 0,58777,2,6,1,12,10,6,0,0,0,1,0,0,0,0
"POINT (6.775064481000072 51.464090821000070)",Unfall 58816 (2024) Kat:3, Licht: 1,58816,3,3,6,12,16,5,1,1,0,1,1,0,0,0
"POINT (6.751308600000073 51.402657352000062)",Unfall 58872 (2024) Kat:3, Licht: 2,58872,3,2,5,12,17,5,0,2,0,1,0,0,0,1
"POINT (6.769748628000059 51.491130259000045)",Unfall 58873 (2024) Kat:2, Licht: 2,58873,2,1,8,12,05,5,0,2,0,0,0,0,0,1
"POINT (6.759025041000029 51.378373905000046)",Unfall 58957 (2024) Kat:3, Licht: 0,58957,3,7,6,12,14,4,0,0,0,1,1,0,0,0
"POINT (6.808107070000062 51.433154364000075)",Unfall 58958 (2024) Kat:3, Licht: 2,58958,3,3,5,12,18,4,0,2,0,1,0,0,0,1
"POINT (6.797839654000029 51.498561241000061)",Unfall 58959 (2024) Kat:3, Licht: 1,58959,3,6,6,12,08,4,0,1,0,1,1,0,0,0
"POINT (6.804602259000035 51.405061192000062)",Unfall 58961 (2024) Kat:3, Licht: 0,58961,3,6,3,12,14,4,0,0,0,1,0,0,0,0
"POINT (6.778936105000071 51.437708360000045)",Unfall 59042 (2024) Kat:3, Licht: 0,59042,3,4,6,12,14,3,0,0,0,1,1,0,0,0
"POINT (6.794612827000037 51.482305128000064)",Unfall 59043 (2024) Kat:3, Licht: 1,59043,3,6,2,12,07,3,1,1,0,1,0,0,0,0
"POINT (6.771009435000053 51.461234766000075)",Unfall 59048 (2024) Kat:3, Licht: 2,59048,3,6,2,12,17,6,0,2,0,1,0,0,0,0
"POINT (6.730614277000029 51.411346046000062)",Unfall 59308 (2024) Kat:3, Licht: 2,59308,3,1,2,12,21,7,1,2,0,1,0,0,0,1
"POINT (6.671809553000060 51.438232339000081)",Unfall 59309 (2024) Kat:3, Licht: 0,59309,3,6,2,12,13,7,0,0,0,1,0,0,0,0
"POINT (6.755991112000061 51.437232748000042)",Unfall 59436 (2024) Kat:3, Licht: 2,59436,3,6,2,12,05,3,1,2,0,1,0,0,1,0
"POINT (6.766180027000075 51.423838882000041)",Unfall 59542 (2024) Kat:3, Licht: 0,59542,3,3,5,12,12,5,1,0,0,1,0,0,0,0
"POINT (6.696788270000070 51.419391274000077)",Unfall 59543 (2024) Kat:3, Licht: 0,59543,3,3,5,12,11,5,1,0,0,1,0,0,0,0
"POINT (6.792185728000049 51.427661812000053)",Unfall 59549 (2024) Kat:3, Licht: 2,59549,3,6,2,12,18,4,0,2,0,1,0,0,0,0
"POINT (6.759266889000060 51.419105678000051)",Unfall 59658 (2024) Kat:3, Licht: 2,59658,3,2,6,12,07,4,0,2,0,1,1,0,0,0
"POINT (6.792954104000046 51.471620852000058)",Unfall 59661 (2024) Kat:3, Licht: 0,59661,3,3,5,12,09,4,0,0,1,1,0,0,0,0
"POINT (6.808179452000047 51.435472843000070)",Unfall 59665 (2024) Kat:3, Licht: 0,59665,3,6,3,12,09,4,0,0,0,1,0,0,1,0
"POINT (6.790699966000034 51.486787960000072)",Unfall 59724 (2024) Kat:3, Licht: 0,59724,3,2,4,12,08,7,0,0,0,1,0,0,0,0
"POINT (6.759100346000025 51.428235985000072)",Unfall 59790 (2024) Kat:2, Licht: 1,59790,2,1,6,12,07,3,1,1,0,1,1,0,0,0
"POINT (6.752005318000045 51.441061550000029)",Unfall 59791 (2024) Kat:3, Licht: 2,59791,3,2,5,12,21,3,1,2,1,0,0,0,0,1
"POINT (6.762269881000066 51.434308681000061)",Unfall 59793 (2024) Kat:3, Licht: 0,59793,3,2,5,12,12,3,0,0,0,1,0,0,0,0
"POINT (6.711134364000031 51.398231501000055)",Unfall 59794 (2024) Kat:3, Licht: 0,59794,3,1,2,12,11,3,1,0,0,1,0,0,0,1
"POINT (6.742747590000022 51.530584628000042)",Unfall 59795 (2024) Kat:3, Licht: 0,59795,3,3,5,12,12,3,0,0,1,1,0,0,0,0
"POINT (6.732516055000076 51.482419387000050)",Unfall 59796 (2024) Kat:3, Licht: 0,59796,3,7,5,12,10,3,1,0,0,1,0,0,0,1
"POINT (6.729075827000031 51.479361427000072)",Unfall 59797 (2024) Kat:3, Licht: 1,59797,3,3,5,12,07,3,1,1,0,1,0,0,0,0
"POINT (6.676764460000072 51.437366251000071)",Unfall 59805 (2024) Kat:3, Licht: 2,59805,3,6,3,12,17,3,1,2,0,1,0,0,1,0
"POINT (6.801738379000028 51.485717567000052)",Unfall 59933 (2024) Kat:3, Licht: 2,59933,3,6,2,12,18,5,0,2,0,1,0,0,0,0
"POINT (6.785301655000069 51.505324157000075)",Unfall 59938 (2024) Kat:3, Licht: 2,59938,3,5,9,12,00,2,1,2,0,1,0,0,0,0
"POINT (6.775371476000032 51.438012623000077)",Unfall 59939 (2024) Kat:2, Licht: 2,59939,2,6,2,12,20,2,1,2,0,1,0,0,0,0
"POINT (6.767503326000053 51.420611119000057)",Unfall 60028 (2024) Kat:3, Licht: 2,60028,3,7,0,12,19,1,0,2,0,0,1,0,0,1
"POINT (6.699435842000071 51.400361251000049)",Unfall 60131 (2024) Kat:3, Licht: 0,60131,3,3,0,11,16,7,0,0,1,1,0,0,0,0
"POINT (6.791662762000044 51.478875260000052)",Unfall 60132 (2024) Kat:3, Licht: 2,60132,3,1,4,11,23,7,0,2,0,1,0,0,0,0
"POINT (6.733190196000066 51.479375909000055)",Unfall 60135 (2024) Kat:3, Licht: 2,60135,3,7,6,12,22,4,0,2,0,1,1,0,0,0
"POINT (6.748982769000065 51.362438625000038)",Unfall 60280 (2024) Kat:3, Licht: 0,60280,3,2,5,11,09,6,1,0,0,1,0,0,1,0
"POINT (6.782544612000038 51.432434799000077)",Unfall 60281 (2024) Kat:3, Licht: 2,60281,3,7,6,11,05,6,1,2,0,1,1,0,0,0
"POINT (6.675625449000052 51.419183628000042)",Unfall 60282 (2024) Kat:3, Licht: 0,60282,3,6,2,11,14,6,0,0,0,1,0,0,0,0
"POINT (6.806970042000046 51.442634419000058)",Unfall 60289 (2024) Kat:3, Licht: 0,60289,3,6,2,11,08,6,0,0,0,1,0,0,1,0
"POINT (6.776631395000038 51.434571998000081)",Unfall 60290 (2024) Kat:3, Licht: 2,60290,3,6,3,11,17,6,0,2,0,1,0,0,0,0
"POINT (6.771531819000074 51.427614447000053)",Unfall 60433 (2024) Kat:3, Licht: 2,60433,3,6,2,11,16,5,0,2,0,1,0,0,0,0
"POINT (6.672719578000056 51.490326389000074)",Unfall 60591 (2024) Kat:3, Licht: 0,60591,3,6,2,11,12,4,1,0,0,1,0,0,0,0
"POINT (6.728999630000033 51.455989436000038)",Unfall 60988 (2024) Kat:3, Licht: 0,60988,3,6,2,12,09,3,0,0,0,1,0,0,0,0
"POINT (6.798621576000073 51.495370293000065)",Unfall 61118 (2024) Kat:3, Licht: 2,61118,3,2,4,12,20,7,0,2,0,1,0,0,0,0
"POINT (6.790141908000066 51.425958817000037)",Unfall 61189 (2024) Kat:3, Licht: 2,61189,3,2,6,12,18,6,0,2,0,1,1,0,0,0
"POINT (6.711308239000061 51.416641592000076)",Unfall 61237 (2024) Kat:3, Licht: 0,61237,3,1,0,12,16,5,0,0,0,1,0,0,0,0
"POINT (6.774066272000027 51.458183552000037)",Unfall 61239 (2024) Kat:2, Licht: 0,61239,2,6,2,12,15,5,0,0,0,1,0,0,0,1
"POINT (6.760529486000053 51.397194979000062)",Unfall 61335 (2024) Kat:3, Licht: 0,61335,3,3,5,12,12,3,1,0,0,1,0,0,0,1
"POINT (6.777826208000022 51.425479736000057)",Unfall 61336 (2024) Kat:3, Licht: 2,61336,3,2,6,12,19,3,1,2,0,1,1,0,0,0
"POINT (6.768449878000069 51.409807438000030)",Unfall 61433 (2024) Kat:3, Licht: 0,61433,3,6,3,12,13,2,0,0,0,1,0,0,0,0
"POINT (6.794647029000032 51.430534679000061)",Unfall 61434 (2024) Kat:3, Licht: 0,61434,3,7,0,12,13,2,1,0,1,0,0,0,0,0
"POINT (6.765059806000068 51.498104661000070)",Unfall 61436 (2024) Kat:3, Licht: 2,61436,3,2,2,12,22,2,0,2,0,1,0,0,0,0
"POINT (6.772144066000067 51.494457909000062)",Unfall 61437 (2024) Kat:3, Licht: 0,61437,3,6,2,12,11,2,1,0,0,1,0,0,0,0
"POINT (6.791284478000023 51.509220813000070)",Unfall 61439 (2024) Kat:3, Licht: 0,61439,3,7,0,12,11,2,1,0,0,1,0,1,0,0
"POINT (6.760953386000040 51.500216699000077)",Unfall 61464 (2024) Kat:2, Licht: 2,61464,2,3,4,12,07,2,1,2,0,1,0,0,0,1
"POINT (6.765059806000068 51.498104661000070)",Unfall 61505 (2024) Kat:3, Licht: 2,61505,3,2,5,12,03,1,1,2,0,1,0,0,0,0
"POINT (6.806828033000045 51.439244077000069)",Unfall 61534 (2024) Kat:3, Licht: 2,61534,3,6,2,12,21,5,0,2,0,1,0,0,0,0
"POINT (6.742854978000025 51.524703792000082)",Unfall 61600 (2024) Kat:3, Licht: 0,61600,3,4,6,12,14,7,1,0,0,1,1,0,0,0
"POINT (6.805963457000075 51.475674955000045)",Unfall 61601 (2024) Kat:3, Licht: 0,61601,3,7,1,12,14,7,1,0,0,1,0,0,0,0
"POINT (6.753886166000029 51.418042888000059)",Unfall 61709 (2024) Kat:3, Licht: 0,61709,3,2,6,12,13,6,1,0,0,1,1,0,0,0
"POINT (6.751259818000051 51.402163292000068)",Unfall 61710 (2024) Kat:3, Licht: 0,61710,3,7,6,12,15,6,0,0,0,1,1,0,0,0
"POINT (6.795426196000051 51.490406160000077)",Unfall 169137 (2024) Kat:2, Licht: 2,169137,2,3,5,01,01,1,0,2,0,1,0,0,0,0
"POINT (6.759056458000032 51.506434563000028)",Unfall 169209 (2024) Kat:3, Licht: 2,169209,3,3,5,01,04,5,0,2,0,1,0,0,0,0
"POINT (6.678458376000037 51.390749761000052)",Unfall 169347 (2024) Kat:2, Licht: 2,169347,2,1,9,01,17,2,2,2,0,1,0,0,0,0
"POINT (6.783159424000075 51.433634648000066)",Unfall 169379 (2024) Kat:3, Licht: 0,169379,3,1,0,01,11,3,0,0,0,0,0,1,0,0
"POINT (6.752559396000038 51.383477318000075)",Unfall 169384 (2024) Kat:3, Licht: 0,169384,3,6,0,01,15,7,0,0,0,1,0,0,0,1
"POINT (6.746427576000031 51.418087658000047)",Unfall 169531 (2024) Kat:2, Licht: 0,169531,2,7,4,01,11,5,0,0,0,1,0,0,1,0
"POINT (6.770305537000070 51.435663696000063)",Unfall 169532 (2024) Kat:3, Licht: 2,169532,3,7,0,01,23,5,2,2,1,0,0,0,0,0
"POINT (6.709332347000043 51.449987650000025)",Unfall 169565 (2024) Kat:2, Licht: 0,169565,2,2,6,01,14,4,0,0,0,1,1,0,0,0
"POINT (6.726940449000040 51.544215374000032)",Unfall 169604 (2024) Kat:2, Licht: 2,169604,2,6,7,01,17,3,0,2,0,1,0,0,0,1
"POINT (6.789940521000062 51.500479707000068)",Unfall 169605 (2024) Kat:3, Licht: 2,169605,3,3,5,01,22,3,0,2,0,1,0,1,0,0
"POINT (6.791657021000049 51.430332234000048)",Unfall 169675 (2024) Kat:3, Licht: 2,169675,3,4,6,01,17,1,0,2,0,1,1,0,0,0
"POINT (6.739053835000050 51.537947815000052)",Unfall 169695 (2024) Kat:3, Licht: 2,169695,3,2,6,01,16,7,1,2,0,1,1,0,0,0
"POINT (6.787705982000034 51.426329744000043)",Unfall 169729 (2024) Kat:3, Licht: 0,169729,3,3,5,01,15,6,1,0,1,1,0,0,0,0
"POINT (6.714753379000058 51.455436639000027)",Unfall 169730 (2024) Kat:2, Licht: 2,169730,2,1,7,01,21,6,0,2,0,1,0,0,0,0
"POINT (6.756691565000040 51.383160385000053)",Unfall 169778 (2024) Kat:3, Licht: 0,169778,3,2,3,01,15,5,1,0,1,1,0,0,0,0
"POINT (6.721986792000052 51.412227618000031)",Unfall 169862 (2024) Kat:2, Licht: 1,169862,2,7,4,01,19,3,1,1,0,1,0,0,0,1
"POINT (6.772031913000035 51.466038674000060)",Unfall 169863 (2024) Kat:3, Licht: 2,169863,3,2,6,01,18,3,1,2,0,1,1,0,0,0
"POINT (6.752979165000056 51.504654529000049)",Unfall 169864 (2024) Kat:3, Licht: 2,169864,3,2,6,01,16,3,1,2,0,1,1,0,0,0
"POINT (6.739647184000034 51.528012901000068)",Unfall 170054 (2024) Kat:3, Licht: 2,170054,3,2,0,01,21,3,0,2,1,1,0,0,0,0
"POINT (6.787024932000065 51.469272715000045)",Unfall 170262 (2024) Kat:3, Licht: 2,170262,3,2,6,01,19,5,1,2,0,1,1,0,0,0
"POINT (6.757463457000028 51.417344572000047)",Unfall 170312 (2024) Kat:3, Licht: 2,170312,3,6,2,02,17,1,0,2,0,1,0,0,0,1
"POINT (6.698783086000049 51.397609539000030)",Unfall 170339 (2024) Kat:2, Licht: 2,170339,2,7,5,02,22,7,1,2,0,1,0,0,0,0
"POINT (6.723859481000034 51.403878008000049)",Unfall 170382 (2024) Kat:3, Licht: 2,170382,3,6,2,02,18,6,1,2,0,1,0,0,0,0
"POINT (6.711062670000047 51.402999846000057)",Unfall 170442 (2024) Kat:3, Licht: 0,170442,3,1,0,02,10,5,1,0,0,0,0,0,0,1
"POINT (6.773298078000039 51.465620267000077)",Unfall 170479 (2024) Kat:2, Licht: 2,170479,2,6,0,02,21,7,1,2,0,0,0,0,0,1
"POINT (6.787999883000055 51.490136410000048)",Unfall 170491 (2024) Kat:3, Licht: 0,170491,3,1,8,02,08,4,1,0,0,1,0,0,0,1
"POINT (6.777270849000047 51.429424549000032)",Unfall 170533 (2024) Kat:3, Licht: 0,170533,3,4,6,02,08,3,0,0,0,1,1,0,0,0
"POINT (6.722569832000033 51.543293208000080)",Unfall 170534 (2024) Kat:3, Licht: 0,170534,3,7,0,02,10,3,1,0,1,1,0,0,0,0
"POINT (6.772864713000047 51.429528800000071)",Unfall 170576 (2024) Kat:3, Licht: 0,170576,3,3,5,02,09,2,0,0,1,1,0,0,0,0
"POINT (6.765666674000045 51.508185637000054)",Unfall 170620 (2024) Kat:2, Licht: 0,170620,2,3,5,02,14,3,0,0,0,1,0,0,0,0
"POINT (6.764043802000060 51.383921521000048)",Unfall 170639 (2024) Kat:3, Licht: 0,170639,3,5,0,02,09,7,1,0,1,0,0,0,0,1
"POINT (6.761681411000040 51.433339955000065)",Unfall 170640 (2024) Kat:3, Licht: 2,170640,3,7,8,02,00,7,1,2,0,0,0,0,0,1
"POINT (6.771938750000061 51.471572959000071)",Unfall 170641 (2024) Kat:3, Licht: 0,170641,3,6,4,02,13,7,1,0,0,1,0,0,0,0
"POINT (6.687761642000055 51.448565354000038)",Unfall 170680 (2024) Kat:3, Licht: 0,170680,3,6,0,02,13,6,0,0,0,1,1,0,0,0
"POINT (6.702559277000034 51.415613813000050)",Unfall 170681 (2024) Kat:3, Licht: 0,170681,3,2,5,02,07,6,0,0,1,1,0,0,0,0
"POINT (6.744925141000067 51.526809399000058)",Unfall 170682 (2024) Kat:3, Licht: 0,170682,3,2,6,02,16,6,0,0,0,1,1,0,0,0
"POINT (6.709955320000063 51.402987354000061)",Unfall 170738 (2024) Kat:3, Licht: 0,170738,3,6,5,02,15,5,0,0,0,1,0,0,0,1
"POINT (6.767232701000069 51.415741524000055)",Unfall 170804 (2024) Kat:3, Licht: 0,170804,3,4,6,01,13,4,0,0,1,0,1,0,0,0
"POINT (6.689690893000034 51.394964008000045)",Unfall 170805 (2024) Kat:3, Licht: 0,170805,3,3,5,01,15,4,0,0,0,1,0,0,0,0
"POINT (6.777571098000067 51.497346389000029)",Unfall 170869 (2024) Kat:3, Licht: 2,170869,3,7,5,02,22,5,1,2,0,1,0,0,0,0
"POINT (6.781946279000067 51.471580234000044)",Unfall 170885 (2024) Kat:3, Licht: 2,170885,3,1,0,01,03,2,0,2,1,0,0,0,0,0
"POINT (6.771835704000068 51.429856373000064)",Unfall 170920 (2024) Kat:3, Licht: 0,170920,3,2,2,01,16,1,0,0,0,1,0,1,0,0
"POINT (6.793159418000073 51.411179166000068)",Unfall 170978 (2024) Kat:3, Licht: 0,170978,3,1,6,01,15,7,0,0,1,0,1,0,0,0
"POINT (6.734350309000035 51.432194735000053)",Unfall 171028 (2024) Kat:3, Licht: 0,171028,3,6,3,01,14,6,0,0,0,1,0,0,0,0
"POINT (6.758497167000030 51.423793515000057)",Unfall 171095 (2024) Kat:3, Licht: 2,171095,3,6,3,01,19,5,1,2,0,1,0,0,0,1
"POINT (6.708820125000045 51.406432100000075)",Unfall 171097 (2024) Kat:3, Licht: 2,171097,3,7,0,01,01,5,0,2,0,1,1,0,0,0
"POINT (6.751857822000034 51.505391579000047)",Unfall 171145 (2024) Kat:3, Licht: 0,171145,3,4,6,01,15,4,0,0,0,1,1,0,0,0
"POINT (6.772220407000020 51.430156434000025)",Unfall 171150 (2024) Kat:3, Licht: 2,171150,3,7,0,02,07,6,1,2,1,0,1,0,0,0
"POINT (6.760935716000063 51.404316481000080)",Unfall 171214 (2024) Kat:3, Licht: 2,171214,3,3,5,01,20,3,1,2,0,1,0,0,0,0
"POINT (6.694487887000037 51.419564938000065)",Unfall 171282 (2024) Kat:2, Licht: 0,171282,2,3,5,01,15,2,1,0,1,1,0,0,0,0
"POINT (6.722944669000071 51.402831248000041)",Unfall 171283 (2024) Kat:3, Licht: 1,171283,3,2,4,01,07,2,1,1,0,1,0,1,0,0
"POINT (6.702645547000031 51.438346159000048)",Unfall 171333 (2024) Kat:3, Licht: 0,171333,3,3,5,03,14,2,0,0,1,1,0,0,0,0
"POINT (6.689876970000057 51.420238470000072)",Unfall 171334 (2024) Kat:3, Licht: 0,171334,3,6,2,03,08,2,0,0,0,1,0,1,0,0
"POINT (6.680507044000024 51.353995156000053)",Unfall 171376 (2024) Kat:2, Licht: 0,171376,2,5,1,03,16,1,0,0,1,1,0,0,0,0
"POINT (6.720748114000060 51.411517065000055)",Unfall 171377 (2024) Kat:3, Licht: 2,171377,3,3,5,03,21,1,0,2,1,1,0,0,0,0
"POINT (6.747324467000055 51.393617462000066)",Unfall 171419 (2024) Kat:3, Licht: 0,171419,3,7,0,03,16,7,0,0,0,0,0,0,0,1