WKT,Name,OBJECTID,UKATEGORIE,UTYP1,UART,UMONAT,USTUNDE,UWOCHENTAG,STRZUSTAND,ULICHTVERH,ISTRAD,ISTPKW,ISTFUSS,ISTKRAD,ISTGKFZ,ISTSONSTIG
"POINT (6.782662698000024 51.500334713000029)",Unfall 171420 (2024) Kat:3, Licht: 0,171420,3,7,5,03,09,7,0,0,0,1,0,0,0,0
"POINT (6.676380843000061 51.398891405000029)",Unfall 171468 (2024) Kat:2, Licht: 2,171468,2,1,0,03,19,6,0,2,1,0,0,0,0,0
"POINT (6.696930636000047 51.399524011000040)",Unfall 171469 (2024) Kat:3, Licht: 0,171469,3,3,5,03,14,6,0,0,1,1,0,0,0,0
"POINT (6.774081653000053 51.431340840000075)",Unfall 171516 (2024) Kat:3, Licht: 2,171516,3,7,0,02,21,5,0,2,0,0,0,0,0,1
"POINT (6.759044623000023 51.504770897000071)",Unfall 171517 (2024) Kat:3, Licht: 0,171517,3,3,5,02,17,5,0,0,0,1,0,0,0,0
"POINT (6.750814571000035 51.397290349000059)",Unfall 171539 (2024) Kat:2, Licht: 0,171539,2,1,9,03,14,7,0,0,0,1,0,0,0,0
"POINT (6.727897866000035 51.543620031000046)",Unfall 171598 (2024) Kat:2, Licht: 2,171598,2,5,6,03,21,7,0,2,0,1,1,0,0,0
"POINT (6.712181175000069 51.453564406000055)",Unfall 171620 (2024) Kat:3, Licht: 0,171620,3,3,5,02,11,3,0,0,0,1,0,1,0,0
"POINT (6.704052271000023 51.439437445000067)",Unfall 171621 (2024) Kat:3, Licht: 0,171621,3,1,9,02,08,3,0,0,0,1,0,0,0,0
"POINT (6.652867317000073 51.398723792000055)",Unfall 171622 (2024) Kat:3, Licht: 0,171622,3,6,0,02,15,3,0,0,1,0,0,0,0,0
"POINT (6.719137236000051 51.410872649000055)",Unfall 171623 (2024) Kat:3, Licht: 0,171623,3,7,0,02,12,3,0,0,0,0,0,0,0,1
"POINT (6.718832650000024 51.456493532000081)",Unfall 171671 (2024) Kat:3, Licht: 0,171671,3,3,0,02,16,2,1,0,1,1,0,0,0,0
"POINT (6.768041160000053 51.421712695000053)",Unfall 171696 (2024) Kat:3, Licht: 0,171696,3,7,1,02,11,1,0,0,0,1,0,1,0,0
"POINT (6.752373010000042 51.420536053000035)",Unfall 171722 (2024) Kat:3, Licht: 0,171722,3,7,2,02,17,7,0,0,0,1,0,1,0,0
"POINT (6.773758980000025 51.472256249000054)",Unfall 171723 (2024) Kat:3, Licht: 2,171723,3,2,2,02,21,7,0,2,0,1,0,0,0,0
"POINT (6.761461611000072 51.415510012000027)",Unfall 171765 (2024) Kat:3, Licht: 0,171765,3,3,5,02,12,6,0,0,0,1,0,1,0,1
"POINT (6.788344964000032 51.426811358000066)",Unfall 171766 (2024) Kat:3, Licht: 2,171766,3,2,5,02,19,6,1,2,1,1,0,0,0,0
"POINT (6.687338028000056 51.396518524000044)",Unfall 171767 (2024) Kat:3, Licht: 0,171767,3,3,5,02,07,6,0,0,1,1,0,0,0,0
"POINT (6.680418214000042 51.451569023000047)",Unfall 171882 (2024) Kat:3, Licht: 0,171882,3,2,6,02,15,4,0,0,0,1,1,0,0,0
"POINT (6.742998627000077 51.372649124000077)",Unfall 171918 (2024) Kat:3, Licht: 0,171918,3,3,5,02,14,3,0,0,0,1,0,0,0,0
"POINT (6.766074577000040 51.433598038000071)",Unfall 171919 (2024) Kat:3, Licht: 2,171919,3,4,4,02,18,3,0,2,1,0,1,0,0,0
"POINT (6.714672207000035 51.395953660000032)",Unfall 171920 (2024) Kat:3, Licht: 1,171920,3,1,1,02,17,3,0,1,0,1,0,0,1,0
"POINT (6.710436706000053 51.451296821000028)",Unfall 171979 (2024) Kat:3, Licht: 0,171979,3,2,5,02,15,2,0,0,0,1,0,0,0,1
"POINT (6.722376760000031 51.407890550000047)",Unfall 171980 (2024) Kat:2, Licht: 2,171980,2,2,6,02,18,2,1,2,0,1,1,0,0,0
"POINT (6.767699899000036 51.400614483000027)",Unfall 172036 (2024) Kat:3, Licht: 0,172036,3,7,5,02,16,7,1,0,0,1,0,1,0,0
"POINT (6.759443773000044 51.414010386000029)",Unfall 172037 (2024) Kat:3, Licht: 0,172037,3,3,5,02,16,7,0,0,0,1,0,0,0,0
"POINT (6.760673676000067 51.415859535000038)",Unfall 172038 (2024) Kat:2, Licht: 0,172038,2,5,8,02,09,7,0,0,0,1,0,0,0,0
"POINT (6.771618590000060 51.429542402000038)",Unfall 172039 (2024) Kat:3, Licht: 0,172039,3,6,3,02,10,7,0,0,0,1,0,0,0,0
"POINT (6.783746763000067 51.447274011000047)",Unfall 172188 (2024) Kat:3, Licht: 2,172188,3,6,2,02,20,4,1,2,0,1,0,0,1,0
"POINT (6.760935716000063 51.404316481000080)",Unfall 172356 (2024) Kat:3, Licht: 0,172356,3,3,5,03,16,7,0,0,0,1,0,0,0,0
"POINT (6.737341554000068 51.432513591000031)",Unfall 172399 (2024) Kat:3, Licht: 1,172399,3,2,5,03,05,6,0,1,1,0,0,0,1,0
"POINT (6.702442633000032 51.420623568000053)",Unfall 172400 (2024) Kat:3, Licht: 0,172400,3,1,0,03,17,6,0,0,1,0,0,0,0,0
"POINT (6.708854628000040 51.406718820000037)",Unfall 172401 (2024) Kat:3, Licht: 2,172401,3,2,0,03,20,6,1,2,1,1,0,0,0,0
"POINT (6.802909939000074 51.499503499000070)",Unfall 172402 (2024) Kat:3, Licht: 2,172402,3,3,5,03,05,6,0,2,0,1,0,0,0,0
"POINT (6.783881177000069 51.497671979000074)",Unfall 172403 (2024) Kat:3, Licht: 0,172403,3,1,1,03,08,6,0,0,1,1,0,0,0,0
"POINT (6.803036983000027 51.430848043000026)",Unfall 172450 (2024) Kat:3, Licht: 0,172450,3,1,2,03,15,5,0,0,0,1,0,0,0,0
"POINT (6.732174609000026 51.441757086000052)",Unfall 172451 (2024) Kat:3, Licht: 0,172451,3,1,0,03,13,5,0,0,0,0,0,0,0,1
"POINT (6.771109918000036 51.428865813000073)",Unfall 172522 (2024) Kat:3, Licht: 2,172522,3,4,6,03,21,4,0,2,0,1,1,0,0,0
"POINT (6.764524924000057 51.415038934000052)",Unfall 172591 (2024) Kat:3, Licht: 0,172591,3,3,5,03,07,3,0,0,1,1,0,0,0,0
"POINT (6.796463484000071 51.476581357000043)",Unfall 172592 (2024) Kat:3, Licht: 0,172592,3,3,5,03,08,3,0,0,0,1,0,0,1,0
"POINT (6.757177181000031 51.421002170000065)",Unfall 172706 (2024) Kat:2, Licht: 0,172706,2,1,0,03,10,7,1,0,0,1,0,1,0,0
"POINT (6.667650135000031 51.425987323000072)",Unfall 172754 (2024) Kat:3, Licht: 2,172754,3,2,0,03,21,6,1,2,0,1,0,1,0,0
"POINT (6.738597535000054 51.472215341000037)",Unfall 172755 (2024) Kat:3, Licht: 0,172755,3,5,0,03,14,6,0,0,1,1,0,0,0,0
"POINT (6.752768730000071 51.408463488000052)",Unfall 172829 (2024) Kat:3, Licht: 0,172829,3,6,2,03,15,5,0,0,0,1,0,0,0,0
"POINT (6.666906092000033 51.397415856000066)",Unfall 172830 (2024) Kat:3, Licht: 0,172830,3,3,5,03,07,5,0,0,1,1,0,0,0,0
"POINT (6.745171137000057 51.525069466000048)",Unfall 172831 (2024) Kat:3, Licht: 0,172831,3,6,2,03,16,5,0,0,1,1,0,0,0,0
"POINT (6.682798938000076 51.449787654000033)",Unfall 172975 (2024) Kat:3, Licht: 2,172975,3,3,6,03,19,2,0,2,0,1,1,0,0,0
"POINT (6.724279813000066 51.401666542000044)",Unfall 172976 (2024) Kat:3, Licht: 0,172976,3,3,0,03,16,2,1,0,0,1,0,0,0,1
"POINT (6.756754466000075 51.485041853000041)",Unfall 173052 (2024) Kat:3, Licht: 0,173052,3,3,5,03,13,7,0,0,0,1,0,0,0,0
"POINT (6.745023544000048 51.431911414000069)",Unfall 173170 (2024) Kat:3, Licht: 0,173170,3,3,5,03,15,5,0,0,1,1,0,0,0,0
"POINT (6.771853808000060 51.481798724000043)",Unfall 173171 (2024) Kat:2, Licht: 2,173171,2,1,9,03,22,5,0,2,0,1,0,0,0,0
"POINT (6.795555060000027 51.391874833000031)",Unfall 173233 (2024) Kat:3, Licht: 0,173233,3,7,3,03,16,4,0,0,1,1,0,0,0,0
"POINT (6.754531820000068 51.406778136000071)",Unfall 173234 (2024) Kat:2, Licht: 0,173234,2,7,0,03,16,4,0,0,1,0,0,0,0,0
"POINT (6.678480494000041 51.390741765000030)",Unfall 173235 (2024) Kat:3, Licht: 0,173235,3,1,0,03,13,4,0,0,0,0,0,0,0,1
"POINT (6.783459769000046 51.426996291000080)",Unfall 173304 (2024) Kat:3, Licht: 1,173304,3,5,1,03,17,3,1,1,1,1,0,0,0,0
"POINT (6.720924359000037 51.411617655000043)",Unfall 173306 (2024) Kat:3, Licht: 1,173306,3,1,6,03,17,3,0,1,0,0,1,0,0,1
"POINT (6.770158143000060 51.484234352000044)",Unfall 173307 (2024) Kat:3, Licht: 0,173307,3,6,3,03,11,3,0,0,0,1,0,0,0,0
"POINT (6.795488295000041 51.479818110000053)",Unfall 173394 (2024) Kat:2, Licht: 0,173394,2,1,0,04,19,1,0,0,1,0,0,0,0,0
"POINT (6.647073668000075 51.398524054000063)",Unfall 173460 (2024) Kat:3, Licht: 0,173460,3,2,5,04,11,7,0,0,1,1,0,0,0,0
"POINT (6.771816217000037 51.429828194000038)",Unfall 173518 (2024) Kat:3, Licht: 0,173518,3,7,3,04,13,6,0,0,0,1,0,1,0,0
"POINT (6.701168600000074 51.403153523000071)",Unfall 173519 (2024) Kat:3, Licht: 0,173519,3,1,9,04,08,6,0,0,0,1,0,0,0,0
"POINT (6.729478777000054 51.455553139000074)",Unfall 173520 (2024) Kat:3, Licht: 0,173520,3,6,5,04,13,6,0,0,1,1,0,0,0,0
"POINT (6.795139527000060 51.463519525000038)",Unfall 173631 (2024) Kat:3, Licht: 0,173631,3,3,5,04,07,4,0,0,0,1,0,0,0,0
"POINT (6.780680895000046 51.498737792000043)",Unfall 173632 (2024) Kat:3, Licht: 1,173632,3,3,5,04,20,4,0,1,0,1,0,0,0,0
"POINT (6.708795281000050 51.398054500000057)",Unfall 173685 (2024) Kat:3, Licht: 0,173685,3,4,7,04,13,3,0,0,0,1,1,0,0,0
"POINT (6.786510613000075 51.475072892000071)",Unfall 173686 (2024) Kat:3, Licht: 0,173686,3,6,0,04,14,3,0,0,0,1,0,0,0,1
"POINT (6.666914385000041 51.393596188000060)",Unfall 173756 (2024) Kat:3, Licht: 0,173756,3,1,6,04,18,2,0,0,0,0,1,1,0,0
"POINT (6.716912491000073 51.411529470000062)",Unfall 173758 (2024) Kat:3, Licht: 0,173758,3,1,2,04,09,2,0,0,1,1,0,0,0,0
"POINT (6.807061036000050 51.475277876000064)",Unfall 173759 (2024) Kat:3, Licht: 0,173759,3,6,1,04,15,2,0,0,0,1,0,0,0,0
"POINT (6.756763074000048 51.423906138000063)",Unfall 173949 (2024) Kat:3, Licht: 0,173949,3,6,3,04,19,6,0,0,1,1,0,0,0,0
"POINT (6.727644905000034 51.542591230000028)",Unfall 173950 (2024) Kat:3, Licht: 0,173950,3,6,1,04,17,6,0,0,0,1,0,0,0,0
"POINT (6.781211894000023 51.469338582000034)",Unfall 173951 (2024) Kat:2, Licht: 2,173951,2,1,8,04,23,6,0,2,0,1,0,0,0,0
"POINT (6.751689301000056 51.434454327000026)",Unfall 174042 (2024) Kat:3, Licht: 0,174042,3,6,2,04,15,4,0,0,0,1,0,0,0,0
"POINT (6.750581470000043 51.440929293000067)",Unfall 174043 (2024) Kat:3, Licht: 0,174043,3,7,0,04,14,4,1,0,1,1,0,0,0,0
"POINT (6.778739273000042 51.472961197000075)",Unfall 174044 (2024) Kat:3, Licht: 0,174044,3,2,5,04,19,4,1,0,0,1,0,0,0,0
"POINT (6.779614178000031 51.499646101000053)",Unfall 174046 (2024) Kat:2, Licht: 0,174046,2,4,6,04,14,4,1,0,0,1,1,0,0,0
"POINT (6.724687106000033 51.465006486000050)",Unfall 174120 (2024) Kat:3, Licht: 2,174120,3,1,1,04,02,2,0,2,1,1,0,0,0,0
"POINT (6.766383399000063 51.401171032000036)",Unfall 174183 (2024) Kat:3, Licht: 1,174183,3,2,2,03,18,7,0,1,0,1,0,0,0,0
"POINT (6.734161199000027 51.452931185000068)",Unfall 174206 (2024) Kat:3, Licht: 0,174206,3,6,3,04,17,4,0,0,0,1,0,0,0,0
"POINT (6.742252269000062 51.525032089000035)",Unfall 174247 (2024) Kat:3, Licht: 1,174247,3,2,5,03,09,5,1,1,0,1,0,0,0,0
"POINT (6.801908156000025 51.479845243000057)",Unfall 174248 (2024) Kat:3, Licht: 2,174248,3,3,0,03,16,5,0,2,0,0,0,0,0,1
"POINT (6.734646262000069 51.532087479000040)",Unfall 174397 (2024) Kat:3, Licht: 0,174397,3,7,0,03,10,2,0,0,0,0,1,0,0,1
"POINT (6.792679338000028 51.502866501000028)",Unfall 174398 (2024) Kat:3, Licht: 0,174398,3,5,1,03,14,2,0,0,0,1,0,0,0,0
"POINT (6.781490441000074 51.439683411000033)",Unfall 174429 (2024) Kat:3, Licht: 0,174429,3,3,5,03,15,1,1,0,1,0,0,0,0,1
"POINT (6.777230832000043 51.361850870000069)",Unfall 174481 (2024) Kat:3, Licht: 0,174481,3,5,1,05,15,4,0,0,1,1,0,0,0,0
"POINT (6.651867511000034 51.407380449000073)",Unfall 174482 (2024) Kat:3, Licht: 2,174482,3,1,0,05,23,4,0,2,1,0,0,0,0,0
"POINT (6.750494100000026 51.415306699000041)",Unfall 174641 (2024) Kat:3, Licht: 2,174641,3,6,3,04,21,2,0,2,0,1,0,1,0,0
"POINT (6.730752005000056 51.405999290000068)",Unfall 174642 (2024) Kat:3, Licht: 0,174642,3,1,0,04,23,2,0,0,0,0,0,0,0,1
"POINT (6.754300223000030 51.432342781000045)",Unfall 174732 (2024) Kat:3, Licht: 2,174732,3,6,7,04,01,7,0,2,0,1,0,0,0,0
"POINT (6.755335620000039 51.466710182000043)",Unfall 174733 (2024) Kat:3, Licht: 0,174733,3,2,8,04,07,7,0,0,0,1,0,0,0,0
"POINT (6.681647568000074 51.410502730000076)",Unfall 174785 (2024) Kat:3, Licht: 0,174785,3,2,5,04,08,6,1,0,0,1,0,0,0,0
"POINT (6.777381052000067 51.434391954000034)",Unfall 174858 (2024) Kat:3, Licht: 0,174858,3,2,4,04,09,5,0,0,0,1,0,0,0,0
"POINT (6.775425245000065 51.495130592000066)",Unfall 174859 (2024) Kat:3, Licht: 0,174859,3,7,5,04,08,5,0,0,0,1,0,0,0,0
"POINT (6.768028911000044 51.475687064000056)",Unfall 174915 (2024) Kat:3, Licht: 0,174915,3,1,8,04,18,4,1,0,0,1,0,0,0,0
"POINT (6.735437027000046 51.469769158000076)",Unfall 174916 (2024) Kat:3, Licht: 0,174916,3,7,0,04,12,4,0,0,0,1,1,0,0,0
"POINT (6.673673865000069 51.465231293000045)",Unfall 174917 (2024) Kat:3, Licht: 2,174917,3,1,9,04,00,4,1,2,0,1,0,0,0,0
"POINT (6.711751439000068 51.359099862000051)",Unfall 174985 (2024) Kat:3, Licht: 0,174985,3,6,6,04,12,3,0,0,0,0,1,0,1,0
"POINT (6.759035650000044 51.428274220000048)",Unfall 174986 (2024) Kat:3, Licht: 0,174986,3,7,0,04,07,3,0,0,0,1,0,1,0,0
"POINT (6.774752598000020 51.431712056000038)",Unfall 175037 (2024) Kat:3, Licht: 0,175037,3,4,0,04,19,2,0,0,0,0,1,0,0,1
"POINT (6.777230832000043 51.361850870000069)",Unfall 175163 (2024) Kat:3, Licht: 2,175163,3,6,8,04,23,6,1,2,0,1,0,0,0,0
"POINT (6.744714742000042 51.378571564000026)",Unfall 175164 (2024) Kat:3, Licht: 0,175164,3,1,9,04,09,6,1,0,0,1,0,0,0,0
"POINT (6.764819072000023 51.466529464000075)",Unfall 175165 (2024) Kat:3, Licht: 2,175165,3,3,5,04,03,6,1,2,1,0,0,0,0,1
"POINT (6.783549865000055 51.511900875000038)",Unfall 175166 (2024) Kat:3, Licht: 0,175166,3,3,0,04,10,6,1,0,1,1,0,0,0,0
"POINT (6.768060153000022 51.439483480000035)",Unfall 175219 (2024) Kat:2, Licht: 0,175219,2,5,6,04,11,5,0,0,0,1,1,0,0,0
"POINT (6.668141318000039 51.398940538000033)",Unfall 175220 (2024) Kat:3, Licht: 0,175220,3,1,6,04,17,5,0,0,0,1,1,0,0,0
"POINT (6.787417804000029 51.497497264000060)",Unfall 175221 (2024) Kat:3, Licht: 0,175221,3,1,2,04,13,5,0,0,0,1,0,0,0,1
"POINT (6.684551829000043 51.417179910000073)",Unfall 175275 (2024) Kat:3, Licht: 0,175275,3,7,6,04,08,4,0,0,0,1,1,0,0,0
"POINT (6.755826547000026 51.430773931000033)",Unfall 175327 (2024) Kat:3, Licht: 0,175327,3,6,2,04,18,3,0,0,0,1,0,0,0,1
"POINT (6.711010534000025 51.543770257000062)",Unfall 175328 (2024) Kat:3, Licht: 0,175328,3,6,2,04,15,3,1,0,0,1,0,0,0,0
"POINT (6.757697154000027 51.402304197000035)",Unfall 175470 (2024) Kat:2, Licht: 0,175470,2,7,6,05,17,5,1,0,0,0,1,0,0,1
"POINT (6.780740925000032 51.478597766000064)",Unfall 175471 (2024) Kat:3, Licht: 1,175471,3,3,5,05,21,5,0,1,0,1,0,0,0,0
"POINT (6.777908024000055 51.416237835000061)",Unfall 175556 (2024) Kat:2, Licht: 0,175556,2,7,9,05,17,4,0,0,0,1,0,0,0,0
"POINT (6.784554793000041 51.411920502000044)",Unfall 175557 (2024) Kat:3, Licht: 0,175557,3,2,6,05,09,4,0,0,0,1,1,0,0,0
"POINT (6.745096274000048 51.527287081000054)",Unfall 175558 (2024) Kat:3, Licht: 0,175558,3,2,6,05,07,4,0,0,0,1,1,0,0,0
"POINT (6.774877169000035 51.431862831000046)",Unfall 175798 (2024) Kat:3, Licht: 1,175798,3,6,2,05,20,1,0,1,0,1,0,0,0,0
"POINT (6.720351162000043 51.405852875000051)",Unfall 175847 (2024) Kat:3, Licht: 2,175847,3,4,6,05,04,7,0,2,0,1,1,0,0,0
"POINT (6.801304151000068 51.497251230000074)",Unfall 175895 (2024) Kat:3, Licht: 0,175895,3,5,1,05,17,6,0,0,1,1,0,0,0,0
"POINT (6.764398970000059 51.417307478000055)",Unfall 176029 (2024) Kat:3, Licht: 0,176029,3,3,5,05,11,4,0,0,0,1,0,0,0,0
"POINT (6.776469004000035 51.402332097000055)",Unfall 176179 (2024) Kat:3, Licht: 0,176179,3,5,1,05,14,2,0,0,0,1,0,0,0,0
"POINT (6.745858265000038 51.441419944000074)",Unfall 176180 (2024) Kat:3, Licht: 0,176180,3,7,3,05,14,2,0,0,0,1,0,0,1,0
"POINT (6.729567728000063 51.400847999000064)",Unfall 176182 (2024) Kat:3, Licht: 0,176182,3,1,1,05,15,2,1,0,0,0,0,0,1,0
"POINT (6.778119536000077 51.493362692000062)",Unfall 176183 (2024) Kat:3, Licht: 0,176183,3,3,0,05,19,2,1,0,0,1,0,1,0,0
"POINT (6.765017664000027 51.384296686000027)",Unfall 176231 (2024) Kat:3, Licht: 0,176231,3,3,6,05,08,1,0,0,0,1,1,0,0,0
"POINT (6.733183897000060 51.534934049000071)",Unfall 176232 (2024) Kat:2, Licht: 0,176232,2,7,8,05,10,1,1,0,0,1,0,0,0,0
"POINT (6.776780775000020 51.494388689000061)",Unfall 176281 (2024) Kat:3, Licht: 0,176281,3,3,5,05,18,7,1,0,0,1,0,0,0,0
"POINT (6.752268825000044 51.504276707000031)",Unfall 176282 (2024) Kat:3, Licht: 0,176282,3,4,6,05,18,7,0,0,0,1,1,0,0,0
"POINT (6.756214450000073 51.441510324000035)",Unfall 176339 (2024) Kat:2, Licht: 0,176339,2,1,0,05,15,6,1,0,1,0,0,0,0,0
"POINT (6.672269352000058 51.497199316000035)",Unfall 176341 (2024) Kat:3, Licht: 0,176341,3,5,1,05,17,6,0,0,1,1,0,0,0,0
"POINT (6.708329973000048 51.389577446000033)",Unfall 176343 (2024) Kat:3, Licht: 0,176343,3,7,6,05,11,6,0,0,0,0,1,0,0,1
"POINT (6.697487863000049 51.396332576000077)",Unfall 176345 (2024) Kat:3, Licht: 0,176345,3,1,0,05,17,6,0,0,1,1,0,0,0,0
"POINT (6.776624210000023 51.514137581000057)",Unfall 176346 (2024) Kat:3, Licht: 1,176346,3,2,4,05,20,6,0,1,0,1,0,0,0,0
"POINT (6.781466108000075 51.362276248000057)",Unfall 176454 (2024) Kat:3, Licht: 0,176454,3,7,0,05,15,5,0,0,1,0,0,0,0,0
"POINT (6.790271572000051 51.428684347000058)",Unfall 176455 (2024) Kat:3, Licht: 0,176455,3,3,5,05,08,5,0,0,0,1,0,0,0,0
"POINT (6.700094235000051 51.439380728000060)",Unfall 176456 (2024) Kat:3, Licht: 0,176456,3,2,5,05,15,5,0,0,1,1,0,0,0,0
"POINT (6.774221937000050 51.512643314000059)",Unfall 176457 (2024) Kat:3, Licht: 2,176457,3,2,0,05,00,5,0,2,0,0,0,1,0,0
"POINT (6.692663915000026 51.459561143000030)",Unfall 176479 (2024) Kat:3, Licht: 0,176479,3,4,6,06,17,7,0,0,0,1,1,0,0,0
"POINT (6.746899475000021 51.421414882000079)",Unfall 176524 (2024) Kat:3, Licht: 0,176524,3,6,2,05,15,6,0,0,0,1,0,0,0,0
"POINT (6.677037405000021 51.494975451000073)",Unfall 176525 (2024) Kat:3, Licht: 0,176525,3,1,0,05,18,6,0,0,0,0,0,1,0,0
"POINT (6.743981868000049 51.524882830000081)",Unfall 176526 (2024) Kat:3, Licht: 0,176526,3,7,6,05,09,6,0,0,0,1,1,0,0,0
"POINT (6.815720746000068 51.505385312000044)",Unfall 176527 (2024) Kat:3, Licht: 0,176527,3,6,8,05,15,6,0,0,0,1,0,0,0,1
"POINT (6.743675081000049 51.377353792000065)",Unfall 176578 (2024) Kat:2, Licht: 1,176578,2,1,0,05,21,5,0,1,0,0,0,0,0,1
"POINT (6.758869536000020 51.504693654000050)",Unfall 176579 (2024) Kat:3, Licht: 1,176579,3,5,8,05,03,5,0,1,0,1,0,0,0,0
"POINT (6.767083523000053 51.430925893000051)",Unfall 176644 (2024) Kat:3, Licht: 1,176644,3,6,3,05,20,4,0,1,0,1,0,0,0,1
"POINT (6.811626868000076 51.392326334000074)",Unfall 176724 (2024) Kat:3, Licht: 0,176724,3,7,6,05,16,3,0,0,0,0,1,0,0,1
"POINT (6.799440582000045 51.498580892000064)",Unfall 176725 (2024) Kat:3, Licht: 2,176725,3,2,9,05,21,3,1,2,0,1,0,0,0,0
"POINT (6.748881687000051 51.507560576000060)",Unfall 176863 (2024) Kat:2, Licht: 0,176863,2,7,5,05,12,1,0,0,0,1,0,1,0,0
"POINT (6.677282678000040 51.420540728000049)",Unfall 176864 (2024) Kat:3, Licht: 0,176864,3,5,1,05,10,1,0,0,1,1,0,0,0,0
"POINT (6.754894063000052 51.406755525000051)",Unfall 177002 (2024) Kat:3, Licht: 0,177002,3,2,5,05,12,6,1,0,0,1,0,0,0,0
"POINT (6.779668896000032 51.426382800000056)",Unfall 177003 (2024) Kat:3, Licht: 0,177003,3,3,5,05,18,6,1,0,0,1,0,0,0,1
"POINT (6.760546955000052 51.503110571000036)",Unfall 177004 (2024) Kat:3, Licht: 0,177004,3,7,0,05,17,6,1,0,0,1,0,0,0,0
"POINT (6.745161190000033 51.518093980000060)",Unfall 177085 (2024) Kat:3, Licht: 0,177085,3,4,6,05,18,5,0,0,0,0,1,0,0,1
"POINT (6.736333047000073 51.523662677000061)",Unfall 177086 (2024) Kat:3, Licht: 0,177086,3,5,1,05,08,5,0,0,0,1,0,0,0,1
"POINT (6.784444838000070 51.499047923000035)",Unfall 177087 (2024) Kat:3, Licht: 0,177087,3,3,5,05,14,5,0,0,1,1,0,0,0,0
"POINT (6.684397323000042 51.412823690000039)",Unfall 177158 (2024) Kat:3, Licht: 0,177158,3,6,0,05,10,4,0,0,1,1,0,0,0,0
"POINT (6.752600537000035 51.504898865000030)",Unfall 177234 (2024) Kat:3, Licht: 0,177234,3,7,0,05,16,3,1,0,1,1,0,0,0,0
"POINT (6.733746933000020 51.431172448000041)",Unfall 177308 (2024) Kat:3, Licht: 0,177308,3,6,2,05,11,6,1,0,0,1,0,1,0,0
"POINT (6.706963614000074 51.404435072000069)",Unfall 177337 (2024) Kat:3, Licht: 1,177337,3,1,0,05,21,1,1,1,1,0,0,0,0,0
"POINT (6.719135676000064 51.455273198000043)",Unfall 177384 (2024) Kat:3, Licht: 0,177384,3,1,0,05,14,7,0,0,1,0,0,0,0,0
"POINT (6.759586887000069 51.475362952000069)",Unfall 177385 (2024) Kat:3, Licht: 2,177385,3,1,1,05,23,7,0,2,0,1,0,0,0,0
"POINT (6.746861746000036 51.483084537000082)",Unfall 177471 (2024) Kat:3, Licht: 0,177471,3,5,1,05,14,6,0,0,0,1,0,0,0,1
"POINT (6.777655483000046 51.423251306000054)",Unfall 177531 (2024) Kat:3, Licht: 0,177531,3,1,9,06,12,7,0,0,1,0,0,0,0,1
"POINT (6.757789223000032 51.420751355000050)",Unfall 177596 (2024) Kat:3, Licht: 0,177596,3,7,2,06,15,6,0,0,0,1,0,0,0,0
"POINT (6.778739273000042 51.472961197000075)",Unfall 177597 (2024) Kat:3, Licht: 0,177597,3,3,0,06,16,6,0,0,0,1,0,0,0,1
"POINT (6.759481097000048 51.463660788000027)",Unfall 177674 (2024) Kat:3, Licht: 0,177674,3,6,2,06,17,5,0,0,0,1,0,0,0,0
"POINT (6.699327964000076 51.412529508000034)",Unfall 177739 (2024) Kat:3, Licht: 0,177739,3,7,0,06,08,4,0,0,0,0,0,0,0,1
"POINT (6.751223249000020 51.420823153000072)",Unfall 177800 (2024) Kat:3, Licht: 0,177800,3,1,0,06,16,3,0,0,0,1,0,0,0,1
"POINT (6.711208188000057 51.452943808000043)",Unfall 177801 (2024) Kat:3, Licht: 0,177801,3,3,0,06,15,3,0,0,1,1,0,0,0,0
"POINT (6.747433606000072 51.371410652000066)",Unfall 177877 (2024) Kat:3, Licht: 0,177877,3,6,2,06,16,2,1,0,0,1,0,0,0,0
"POINT (6.754022447000068 51.400150771000028)",Unfall 177878 (2024) Kat:3, Licht: 0,177878,3,3,5,06,14,2,1,0,0,1,0,0,0,0
"POINT (6.788726771000029 51.420347854000056)",Unfall 177879 (2024) Kat:3, Licht: 0,177879,3,3,5,06,19,2,0,0,0,1,0,0,0,0
"POINT (6.721615930000041 51.410934561000033)",Unfall 177880 (2024) Kat:2, Licht: 0,177880,2,7,0,06,17,2,0,0,0,0,0,0,0,1
"POINT (6.733028045000026 51.466384450000078)",Unfall 177941 (2024) Kat:3, Licht: 0,177941,3,1,0,06,17,1,0,0,1,0,0,0,0,0
"POINT (6.747595385000068 51.508513631000028)",Unfall 177942 (2024) Kat:3, Licht: 0,177942,3,2,2,06,18,1,0,0,0,1,0,1,0,0
"POINT (6.707257523000067 51.406786340000053)",Unfall 177970 (2024) Kat:3, Licht: 0,177970,3,7,8,06,20,7,0,0,0,0,0,0,0,1
"POINT (6.762057056000060 51.402070380000055)",Unfall 178011 (2024) Kat:3, Licht: 0,178011,3,7,0,06,13,7,0,0,1,0,0,0,0,0