WKT,Name,OBJECTID,UKATEGORIE,UTYP1,UART,UMONAT,USTUNDE,UWOCHENTAG,STRZUSTAND,ULICHTVERH,ISTRAD,ISTPKW,ISTFUSS,ISTKRAD,ISTGKFZ,ISTSONSTIG
"POINT (6.751410384000053 51.403343425000060)",Unfall 178012 (2024) Kat:3, Licht: 0,178012,3,2,6,06,10,7,0,0,0,1,1,0,0,0
"POINT (6.731245985000044 51.537420348000069)",Unfall 178013 (2024) Kat:3, Licht: 0,178013,3,7,3,06,18,7,0,0,1,1,0,0,0,0
"POINT (6.753950405000069 51.514169027000037)",Unfall 178014 (2024) Kat:3, Licht: 0,178014,3,5,0,06,17,7,0,0,0,1,1,0,0,0
"POINT (6.747527604000027 51.371118303000060)",Unfall 178097 (2024) Kat:3, Licht: 0,178097,3,1,0,06,14,6,0,0,0,0,1,0,0,1
"POINT (6.679407057000049 51.398259743000040)",Unfall 178098 (2024) Kat:3, Licht: 0,178098,3,6,2,06,12,6,0,0,0,1,0,0,0,0
"POINT (6.753593302000070 51.431488183000056)",Unfall 178216 (2024) Kat:3, Licht: 0,178216,3,5,1,06,18,5,0,0,0,1,0,0,0,1
"POINT (6.705851846000030 51.405566655000030)",Unfall 178217 (2024) Kat:3, Licht: 0,178217,3,3,5,06,17,5,0,0,1,1,0,0,0,0
"POINT (6.781105012000069 51.421263645000067)",Unfall 178293 (2024) Kat:3, Licht: 0,178293,3,3,5,06,19,4,0,0,0,1,0,0,0,0
"POINT (6.692184133000069 51.456299894000040)",Unfall 178294 (2024) Kat:3, Licht: 0,178294,3,1,0,06,17,4,0,0,0,0,0,0,0,1
"POINT (6.709562923000021 51.393140871000071)",Unfall 178295 (2024) Kat:3, Licht: 0,178295,3,5,1,06,16,4,0,0,1,1,0,0,0,0
"POINT (6.759118630000046 51.500808265000046)",Unfall 178296 (2024) Kat:3, Licht: 0,178296,3,6,2,06,11,4,0,0,0,1,0,0,0,0
"POINT (6.764281159000063 51.406250072000034)",Unfall 178370 (2024) Kat:3, Licht: 0,178370,3,3,5,06,18,3,0,0,1,0,0,0,0,1
"POINT (6.721175673000062 51.538397133000046)",Unfall 178371 (2024) Kat:3, Licht: 0,178371,3,5,1,06,15,3,0,0,0,1,0,0,0,0
"POINT (6.775190549000058 51.512921674000040)",Unfall 178384 (2024) Kat:3, Licht: 0,178384,3,6,2,06,07,7,1,0,0,1,0,0,0,0
"POINT (6.766882734000035 51.435141457000043)",Unfall 178438 (2024) Kat:3, Licht: 0,178438,3,3,5,06,10,2,0,0,1,1,0,0,0,0
"POINT (6.762247821000074 51.504945150000026)",Unfall 178439 (2024) Kat:3, Licht: 0,178439,3,3,5,06,08,2,0,0,1,1,0,0,0,0
"POINT (6.808687759000065 51.480938680000065)",Unfall 178616 (2024) Kat:3, Licht: 0,178616,3,3,5,06,13,6,0,0,1,1,0,0,0,0
"POINT (6.768136294000044 51.467325836000043)",Unfall 178617 (2024) Kat:3, Licht: 0,178617,3,1,0,06,11,6,0,0,1,0,0,0,0,0
"POINT (6.773758980000025 51.472256249000054)",Unfall 178618 (2024) Kat:3, Licht: 0,178618,3,3,5,06,13,6,0,0,0,1,0,0,0,0
"POINT (6.764762394000059 51.376773937000053)",Unfall 178694 (2024) Kat:3, Licht: 0,178694,3,7,0,06,10,5,0,0,1,0,0,0,0,0
"POINT (6.776329996000072 51.442772632000072)",Unfall 178695 (2024) Kat:3, Licht: 0,178695,3,5,1,06,15,5,0,0,1,1,0,0,0,0
"POINT (6.706156148000048 51.406275526000059)",Unfall 178696 (2024) Kat:3, Licht: 0,178696,3,2,4,06,15,5,0,0,1,1,0,0,0,0
"POINT (6.753255144000036 51.504484511000044)",Unfall 178697 (2024) Kat:2, Licht: 0,178697,2,5,0,06,16,5,0,0,0,0,0,0,0,1
"POINT (6.749652645000026 51.424155540000072)",Unfall 178778 (2024) Kat:3, Licht: 0,178778,3,7,0,06,22,4,0,0,1,0,0,0,0,1
"POINT (6.777469915000040 51.439633504000028)",Unfall 178779 (2024) Kat:3, Licht: 0,178779,3,3,5,06,07,4,0,0,1,1,0,0,0,0
"POINT (6.692689103000021 51.459431155000061)",Unfall 178780 (2024) Kat:3, Licht: 0,178780,3,6,1,06,20,4,0,0,0,1,0,0,0,0
"POINT (6.798815855000043 51.429321899000058)",Unfall 178868 (2024) Kat:3, Licht: 0,178868,3,2,0,06,11,4,0,0,1,1,0,0,0,0
"POINT (6.722943330000021 51.406180579000079)",Unfall 178872 (2024) Kat:3, Licht: 0,178872,3,5,3,06,07,3,0,0,0,1,0,1,0,0
"POINT (6.786395275000075 51.479013194000061)",Unfall 178873 (2024) Kat:3, Licht: 0,178873,3,3,5,06,08,3,0,0,1,1,0,0,0,0
"POINT (6.761983957000041 51.502684496000029)",Unfall 178874 (2024) Kat:3, Licht: 0,178874,3,3,5,06,10,3,0,0,0,1,0,0,0,0
"POINT (6.778373861000034 51.429564913000036)",Unfall 178970 (2024) Kat:2, Licht: 0,178970,2,2,5,06,18,2,0,0,1,0,0,0,0,1
"POINT (6.790706651000050 51.432932770000036)",Unfall 178971 (2024) Kat:3, Licht: 0,178971,3,2,4,06,08,2,0,0,0,1,0,0,0,1
"POINT (6.733645508000052 51.478710961000047)",Unfall 178972 (2024) Kat:3, Licht: 1,178972,3,6,0,06,21,2,0,1,0,1,0,1,0,1
"POINT (6.777071203000048 51.494524649000027)",Unfall 179027 (2024) Kat:3, Licht: 0,179027,3,4,6,06,19,1,0,0,0,1,1,0,0,0
"POINT (6.785451871000021 51.499516966000044)",Unfall 179028 (2024) Kat:3, Licht: 0,179028,3,5,1,06,20,1,0,0,0,1,0,0,0,1
"POINT (6.793200386000024 51.506481877000056)",Unfall 179029 (2024) Kat:3, Licht: 0,179029,3,1,9,06,15,1,0,0,0,1,0,0,0,0
"POINT (6.685303987000054 51.353508427000065)",Unfall 179152 (2024) Kat:3, Licht: 0,179152,3,7,0,06,12,6,0,0,0,0,1,0,0,1
"POINT (6.717092241000046 51.400643074000072)",Unfall 179153 (2024) Kat:2, Licht: 0,179153,2,4,6,06,13,6,1,0,0,1,1,0,0,0
"POINT (6.778224866000073 51.444341650000069)",Unfall 179154 (2024) Kat:3, Licht: 0,179154,3,6,2,06,14,6,1,0,0,1,0,0,1,0
"POINT (6.761453586000073 51.433169011000075)",Unfall 179177 (2024) Kat:3, Licht: 0,179177,3,1,6,06,18,3,0,0,1,0,1,0,0,0
"POINT (6.748856797000030 51.440075520000050)",Unfall 179246 (2024) Kat:3, Licht: 0,179246,3,6,8,06,15,5,1,0,0,0,0,0,0,1
"POINT (6.735596482000062 51.519418195000071)",Unfall 179247 (2024) Kat:3, Licht: 0,179247,3,5,1,06,11,5,0,0,1,1,0,0,0,0
"POINT (6.793946005000066 51.455751979000070)",Unfall 179331 (2024) Kat:3, Licht: 0,179331,3,3,0,06,17,4,0,0,0,0,0,0,0,1
"POINT (6.788606073000039 51.422243659000060)",Unfall 179412 (2024) Kat:3, Licht: 0,179412,3,3,5,06,12,3,0,0,1,1,0,0,0,0
"POINT (6.688455006000027 51.386786070000028)",Unfall 179413 (2024) Kat:3, Licht: 0,179413,3,1,9,06,07,3,0,0,0,0,0,0,0,1
"POINT (6.706598049000036 51.438092275000031)",Unfall 179486 (2024) Kat:3, Licht: 0,179486,3,3,0,06,17,2,0,0,1,1,0,0,0,0
"POINT (6.713150645000042 51.449919081000075)",Unfall 179625 (2024) Kat:3, Licht: 0,179625,3,7,0,07,05,1,0,0,1,1,0,0,0,0
"POINT (6.744714742000042 51.378571564000026)",Unfall 179669 (2024) Kat:2, Licht: 0,179669,2,2,5,07,17,7,0,0,0,1,0,0,0,0
"POINT (6.727516559000037 51.433138310000061)",Unfall 179670 (2024) Kat:3, Licht: 0,179670,3,2,5,07,13,7,0,0,0,1,0,0,0,1
"POINT (6.751844178000056 51.440147505000027)",Unfall 179835 (2024) Kat:2, Licht: 0,179835,2,1,0,07,20,4,0,0,1,0,0,0,0,0
"POINT (6.728206723000028 51.541570571000079)",Unfall 179836 (2024) Kat:3, Licht: 0,179836,3,2,5,07,18,4,0,0,0,1,0,0,0,0
"POINT (6.702510682000025 51.401351194000028)",Unfall 179898 (2024) Kat:3, Licht: 0,179898,3,4,0,07,19,3,0,0,1,0,1,0,0,0
"POINT (6.786181799000076 51.469089458000042)",Unfall 179899 (2024) Kat:3, Licht: 0,179899,3,6,1,07,17,3,0,0,1,1,0,0,0,0
"POINT (6.797081825000021 51.503759744000035)",Unfall 179900 (2024) Kat:3, Licht: 0,179900,3,3,5,07,14,3,0,0,1,1,0,0,0,0
"POINT (6.783883219000074 51.423428308000041)",Unfall 179960 (2024) Kat:3, Licht: 0,179960,3,1,0,07,09,2,0,0,0,0,0,1,0,0
"POINT (6.780812800000035 51.438242306000063)",Unfall 179961 (2024) Kat:3, Licht: 0,179961,3,1,5,07,09,2,0,0,1,1,0,0,0,0
"POINT (6.727559673000030 51.432865693000053)",Unfall 179962 (2024) Kat:2, Licht: 0,179962,2,1,0,07,15,2,0,0,0,0,0,0,0,1
"POINT (6.792618856000047 51.451978979000046)",Unfall 180002 (2024) Kat:3, Licht: 1,180002,3,1,9,07,04,1,0,1,1,0,0,0,0,0
"POINT (6.667770265000058 51.399363498000071)",Unfall 180205 (2024) Kat:3, Licht: 0,180205,3,3,5,07,09,5,1,0,1,1,0,0,0,0
"POINT (6.710810050000021 51.406061682000029)",Unfall 180276 (2024) Kat:3, Licht: 0,180276,3,6,2,07,06,4,0,0,0,1,0,0,0,0
"POINT (6.772568626000066 51.491998130000070)",Unfall 180277 (2024) Kat:3, Licht: 0,180277,3,7,5,07,11,4,0,0,1,1,0,0,0,0
"POINT (6.782804055000042 51.429645957000048)",Unfall 180278 (2024) Kat:3, Licht: 0,180278,3,5,1,07,08,4,0,0,0,1,0,0,0,1
"POINT (6.781737784000029 51.443869848000077)",Unfall 180281 (2024) Kat:3, Licht: 0,180281,3,5,1,07,16,3,0,0,1,1,0,0,0,0
"POINT (6.725101386000063 51.540904914000066)",Unfall 180454 (2024) Kat:3, Licht: 0,180454,3,3,5,07,17,2,0,0,1,1,0,0,0,0
"POINT (6.781878625000047 51.470792059000075)",Unfall 180455 (2024) Kat:3, Licht: 0,180455,3,2,6,07,14,2,0,0,0,1,1,0,0,0
"POINT (6.749663863000023 51.506503635000058)",Unfall 180456 (2024) Kat:3, Licht: 0,180456,3,4,6,07,12,2,1,0,0,0,1,1,0,0
"POINT (6.767892673000063 51.442333256000040)",Unfall 180520 (2024) Kat:3, Licht: 2,180520,3,1,8,06,03,1,1,2,0,1,0,0,0,0
"POINT (6.718111275000069 51.400585280000030)",Unfall 180521 (2024) Kat:3, Licht: 0,180521,3,3,5,06,18,1,0,0,1,1,0,0,0,0
"POINT (6.771821519000071 51.491074641000068)",Unfall 180541 (2024) Kat:3, Licht: 0,180541,3,4,6,07,10,6,0,0,0,1,1,0,0,0
"POINT (6.703908827000021 51.454154278000033)",Unfall 180601 (2024) Kat:3, Licht: 0,180601,3,2,5,06,11,7,0,0,0,1,0,0,0,0
"POINT (6.723750677000055 51.402106784000068)",Unfall 180621 (2024) Kat:3, Licht: 0,180621,3,1,3,07,17,2,0,0,1,1,0,0,0,0
"POINT (6.746260116000030 51.383104076000052)",Unfall 180633 (2024) Kat:3, Licht: 0,180633,3,6,4,08,12,5,1,0,0,1,0,0,0,0
"POINT (6.743354121000039 51.363331075000076)",Unfall 180747 (2024) Kat:3, Licht: 0,180747,3,5,1,07,12,3,0,0,0,1,0,0,0,0
"POINT (6.787601223000024 51.428751411000064)",Unfall 180802 (2024) Kat:3, Licht: 0,180802,3,3,5,07,17,2,0,0,0,1,0,0,0,1
"POINT (6.778566979000061 51.499250456000027)",Unfall 180803 (2024) Kat:3, Licht: 0,180803,3,4,6,07,15,2,0,0,0,1,1,0,0,0
"POINT (6.775824483000065 51.366410314000063)",Unfall 180870 (2024) Kat:3, Licht: 0,180870,3,3,3,07,10,1,0,0,0,1,0,0,0,0
"POINT (6.760568773000045 51.383807685000079)",Unfall 180918 (2024) Kat:3, Licht: 0,180918,3,7,0,07,20,7,0,0,0,0,1,0,0,1
"POINT (6.752016973000025 51.419505833000073)",Unfall 180919 (2024) Kat:3, Licht: 0,180919,3,7,6,07,19,7,0,0,0,1,1,0,0,0
"POINT (6.756205263000027 51.380371916000058)",Unfall 180972 (2024) Kat:3, Licht: 0,180972,3,7,6,07,20,6,0,0,0,0,1,1,0,0
"POINT (6.782211478000022 51.370544694000046)",Unfall 181025 (2024) Kat:3, Licht: 0,181025,3,5,0,07,16,5,0,0,1,1,0,0,0,0
"POINT (6.758974651000074 51.426571967000029)",Unfall 181026 (2024) Kat:3, Licht: 0,181026,3,7,6,07,07,5,0,0,0,1,1,0,0,0
"POINT (6.745833118000064 51.431673028000034)",Unfall 181085 (2024) Kat:2, Licht: 0,181085,2,3,5,07,13,4,0,0,1,0,0,0,1,0
"POINT (6.755054022000024 51.414616784000032)",Unfall 181146 (2024) Kat:3, Licht: 2,181146,3,7,0,07,01,3,0,2,0,0,0,0,0,1
"POINT (6.763323538000066 51.523325649000071)",Unfall 181147 (2024) Kat:3, Licht: 2,181147,3,1,9,07,22,3,1,2,0,1,0,0,0,0
"POINT (6.778094773000021 51.501710368000033)",Unfall 181148 (2024) Kat:3, Licht: 1,181148,3,7,1,07,21,3,1,1,0,1,0,0,0,0
"POINT (6.765498307000030 51.415298128000074)",Unfall 181201 (2024) Kat:3, Licht: 0,181201,3,3,0,07,06,2,0,0,0,1,0,1,0,0
"POINT (6.665034193000054 51.397350479000067)",Unfall 181202 (2024) Kat:3, Licht: 0,181202,3,6,6,07,20,2,0,0,1,0,1,0,0,0
"POINT (6.759895044000075 51.481723938000073)",Unfall 181204 (2024) Kat:3, Licht: 0,181204,3,6,1,07,16,2,0,0,1,1,0,0,0,0
"POINT (6.770329529000037 51.513478197000040)",Unfall 181205 (2024) Kat:3, Licht: 0,181205,3,5,1,07,15,2,0,0,0,1,0,0,0,0
"POINT (6.686802174000036 51.449993752000069)",Unfall 181254 (2024) Kat:3, Licht: 2,181254,3,1,0,07,01,1,0,2,0,0,0,0,0,1
"POINT (6.755334075000064 51.466722911000033)",Unfall 181332 (2024) Kat:3, Licht: 0,181332,3,2,5,07,09,6,0,0,0,1,0,0,0,0
"POINT (6.755346466000049 51.431311727000036)",Unfall 181375 (2024) Kat:3, Licht: 2,181375,3,6,2,07,21,6,0,2,0,1,0,0,0,0
"POINT (6.791848865000077 51.454442145000030)",Unfall 181376 (2024) Kat:3, Licht: 0,181376,3,6,2,07,09,6,0,0,1,0,0,0,0,0
"POINT (6.687517124000067 51.381610174000059)",Unfall 181439 (2024) Kat:3, Licht: 0,181439,3,1,6,07,17,5,0,0,0,0,1,0,0,1
"POINT (6.758925303000069 51.415511223000067)",Unfall 181460 (2024) Kat:3, Licht: 0,181460,3,7,5,07,19,4,0,0,0,1,0,0,0,0
"POINT (6.722441456000070 51.367037582000080)",Unfall 181503 (2024) Kat:3, Licht: 0,181503,3,4,6,07,14,4,0,0,1,0,1,0,0,0
"POINT (6.771348742000043 51.390386231000036)",Unfall 181504 (2024) Kat:3, Licht: 0,181504,3,7,5,07,11,4,0,0,0,1,0,1,0,0
"POINT (6.783032384000023 51.418583877000060)",Unfall 181505 (2024) Kat:3, Licht: 0,181505,3,3,5,07,07,4,0,0,1,1,0,0,0,0
"POINT (6.778284943000074 51.429205564000029)",Unfall 181506 (2024) Kat:3, Licht: 0,181506,3,6,6,07,14,4,0,0,1,1,1,0,0,0
"POINT (6.741338868000071 51.432257946000050)",Unfall 181507 (2024) Kat:3, Licht: 0,181507,3,3,5,07,12,4,0,0,1,1,0,0,0,0
"POINT (6.768656816000032 51.430928592000043)",Unfall 181508 (2024) Kat:3, Licht: 0,181508,3,2,3,07,11,4,0,0,0,1,0,0,0,1
"POINT (6.746728788000041 51.368550594000055)",Unfall 181630 (2024) Kat:3, Licht: 0,181630,3,6,3,07,12,2,0,0,1,1,0,0,0,0
"POINT (6.748312741000063 51.416723694000041)",Unfall 181631 (2024) Kat:3, Licht: 0,181631,3,2,5,07,16,2,0,0,1,1,0,0,0,0
"POINT (6.782164331000047 51.423035532000029)",Unfall 181632 (2024) Kat:3, Licht: 0,181632,3,7,0,07,10,2,0,0,0,1,0,1,0,0
"POINT (6.774430434000067 51.474128221000058)",Unfall 181640 (2024) Kat:3, Licht: 0,181640,3,1,0,08,14,1,0,0,0,0,0,1,0,0
"POINT (6.789143519000049 51.433711393000067)",Unfall 181691 (2024) Kat:3, Licht: 0,181691,3,7,0,08,14,7,0,0,1,0,0,0,0,0
"POINT (6.797302078000030 51.498081992000039)",Unfall 181692 (2024) Kat:2, Licht: 1,181692,2,2,4,08,20,7,0,1,0,1,0,1,0,1
"POINT (6.802197852000063 51.489105218000077)",Unfall 181693 (2024) Kat:3, Licht: 0,181693,3,3,5,08,17,7,0,0,0,1,0,0,0,0
"POINT (6.744512448000023 51.421728580000035)",Unfall 181751 (2024) Kat:3, Licht: 0,181751,3,7,6,08,17,7,0,0,0,1,1,0,0,0
"POINT (6.680415996000022 51.408535056000062)",Unfall 181761 (2024) Kat:3, Licht: 0,181761,3,7,3,08,15,6,0,0,1,1,0,0,0,0
"POINT (6.718811314000050 51.407986562000076)",Unfall 181762 (2024) Kat:3, Licht: 0,181762,3,5,0,08,18,6,0,0,1,1,0,0,0,0
"POINT (6.754089505000024 51.469245302000047)",Unfall 181763 (2024) Kat:3, Licht: 0,181763,3,7,0,08,19,6,0,0,0,0,0,1,0,1
"POINT (6.744449683000028 51.421761883000045)",Unfall 181827 (2024) Kat:3, Licht: 0,181827,3,7,6,08,11,5,0,0,0,1,1,0,0,0
"POINT (6.807358568000041 51.500699865000058)",Unfall 181828 (2024) Kat:3, Licht: 0,181828,3,1,0,08,19,5,1,0,0,0,0,0,0,1
"POINT (6.772657900000070 51.501812392000033)",Unfall 181938 (2024) Kat:3, Licht: 0,181938,3,1,7,08,08,3,0,0,1,0,0,0,0,0
"POINT (6.780970545000059 51.365362988000072)",Unfall 181992 (2024) Kat:3, Licht: 0,181992,3,3,5,08,18,2,0,0,1,0,0,0,0,1
"POINT (6.786253651000038 51.349839089000056)",Unfall 182049 (2024) Kat:2, Licht: 0,182049,2,7,0,08,15,1,0,0,0,0,0,1,0,0
"POINT (6.787963884000021 51.477007667000066)",Unfall 182050 (2024) Kat:3, Licht: 0,182050,3,5,1,08,20,1,0,0,1,1,0,0,0,0
"POINT (6.747336199000074 51.382631827000068)",Unfall 182109 (2024) Kat:3, Licht: 1,182109,3,1,0,08,21,7,0,1,1,0,0,0,0,0
"POINT (6.682565677000071 51.455689394000046)",Unfall 182110 (2024) Kat:3, Licht: 0,182110,3,3,5,08,11,7,0,0,0,1,0,1,0,0
"POINT (6.806780590000074 51.497986977000039)",Unfall 182242 (2024) Kat:2, Licht: 2,182242,2,7,9,08,23,5,0,2,0,0,0,0,0,1
"POINT (6.778778990000035 51.511256854000067)",Unfall 182243 (2024) Kat:3, Licht: 0,182243,3,3,0,08,13,5,0,0,0,1,0,0,0,1
"POINT (6.720661096000072 51.411468166000077)",Unfall 182298 (2024) Kat:3, Licht: 0,182298,3,3,5,08,16,4,0,0,1,1,0,0,0,0
"POINT (6.739147597000056 51.454434595000066)",Unfall 182300 (2024) Kat:3, Licht: 0,182300,3,6,0,08,14,4,1,0,0,0,0,1,0,0
"POINT (6.792164293000042 51.452545940000050)",Unfall 182471 (2024) Kat:3, Licht: 2,182471,3,7,8,08,00,4,1,2,0,1,0,0,0,0
"POINT (6.687993503000030 51.396167635000040)",Unfall 182702 (2024) Kat:3, Licht: 0,182702,3,6,2,08,16,7,0,0,0,1,0,0,0,0
"POINT (6.716857863000030 51.535307372000034)",Unfall 182703 (2024) Kat:2, Licht: 0,182703,2,2,0,08,16,7,0,0,1,0,0,0,0,0
"POINT (6.781115063000072 51.478394360000038)",Unfall 182704 (2024) Kat:3, Licht: 0,182704,3,3,5,08,13,7,0,0,0,1,0,0,0,1
"POINT (6.788531448000072 51.423968385000080)",Unfall 182786 (2024) Kat:3, Licht: 0,182786,3,6,3,08,15,6,0,0,1,0,0,0,0,1
"POINT (6.693720342000063 51.412892759000044)",Unfall 182787 (2024) Kat:3, Licht: 2,182787,3,5,1,08,22,6,0,2,1,1,0,0,0,0
"POINT (6.740391520000060 51.529448366000054)",Unfall 182788 (2024) Kat:3, Licht: 0,182788,3,6,6,08,16,6,0,0,0,1,1,0,0,0
"POINT (6.736667896000029 51.527477085000044)",Unfall 182789 (2024) Kat:3, Licht: 0,182789,3,3,5,08,12,6,0,0,0,1,0,0,0,1
"POINT (6.740657499000065 51.535165705000054)",Unfall 182790 (2024) Kat:2, Licht: 0,182790,2,2,0,08,17,6,0,0,1,1,0,0,0,0
"POINT (6.757021464000047 51.470395456000062)",Unfall 182791 (2024) Kat:3, Licht: 0,182791,3,7,0,08,16,6,0,0,1,1,0,0,0,0
"POINT (6.781167618000040 51.498957445000030)",Unfall 182792 (2024) Kat:3, Licht: 0,182792,3,1,6,08,13,6,0,0,0,1,1,0,0,0
"POINT (6.766555541000059 51.431180718000064)",Unfall 182861 (2024) Kat:3, Licht: 0,182861,3,2,0,08,13,5,0,0,0,1,0,0,0,1
"POINT (6.696061684000028 51.397414286000071)",Unfall 182862 (2024) Kat:3, Licht: 0,182862,3,3,5,08,10,5,0,0,0,1,0,0,0,0
"POINT (6.747583536000036 51.437333617000036)",Unfall 182940 (2024) Kat:3, Licht: 0,182940,3,6,2,08,08,4,0,0,0,1,0,0,0,0
"POINT (6.731787137000026 51.435036845000070)",Unfall 182941 (2024) Kat:3, Licht: 0,182941,3,1,9,08,16,4,0,0,0,1,0,0,0,0
"POINT (6.683379441000056 51.450337307000041)",Unfall 183002 (2024) Kat:3, Licht: 0,183002,3,3,5,08,10,4,0,0,0,1,0,0,0,0
"POINT (6.756447738000077 51.382944418000079)",Unfall 183021 (2024) Kat:3, Licht: 0,183021,3,7,5,08,07,3,0,0,0,1,0,0,0,0
"POINT (6.723788916000046 51.404792017000034)",Unfall 183023 (2024) Kat:3, Licht: 0,183023,3,5,0,08,11,3,0,0,1,1,0,0,0,0
"POINT (6.715181301000030 51.403498049000063)",Unfall 183091 (2024) Kat:3, Licht: 0,183091,3,4,6,08,16,2,0,0,0,1,1,0,0,0
"POINT (6.758909175000042 51.427064632000054)",Unfall 183152 (2024) Kat:3, Licht: 0,183152,3,7,0,08,14,1,0,0,0,1,1,0,0,0
"POINT (6.781993553000063 51.434772788000032)",Unfall 183153 (2024) Kat:3, Licht: 0,183153,3,3,5,08,17,1,0,0,1,1,0,0,0,0
"POINT (6.789927636000073 51.428039303000048)",Unfall 183307 (2024) Kat:3, Licht: 0,183307,3,2,6,08,15,6,0,0,0,1,1,0,0,0
"POINT (6.696103035000021 51.400886689000060)",Unfall 183308 (2024) Kat:3, Licht: 0,183308,3,6,3,08,16,6,0,0,1,1,0,0,0,0
"POINT (6.781120224000063 51.348921994000079)",Unfall 183402 (2024) Kat:3, Licht: 0,183402,3,6,0,08,18,5,0,0,1,0,0,0,0,1
"POINT (6.757387417000075 51.418043353000030)",Unfall 183486 (2024) Kat:3, Licht: 0,183486,3,3,5,08,07,4,0,0,0,1,0,0,0,0
"POINT (6.787709827000072 51.424347483000076)",Unfall 183487 (2024) Kat:3, Licht: 0,183487,3,6,2,08,15,4,0,0,0,1,0,0,0,0
"POINT (6.703908827000021 51.454154278000033)",Unfall 183488 (2024) Kat:3, Licht: 0,183488,3,3,5,08,07,4,0,0,0,1,0,1,0,0
"POINT (6.814274888000057 51.491052400000058)",Unfall 183490 (2024) Kat:3, Licht: 0,183490,3,7,8,08,13,4,0,0,0,1,0,0,0,0
"POINT (6.752550100000065 51.400200911000070)",Unfall 183574 (2024) Kat:3, Licht: 0,183574,3,3,5,08,14,3,0,0,0,1,0,0,0,0
"POINT (6.771026169000038 51.404174073000036)",Unfall 183575 (2024) Kat:3, Licht: 0,183575,3,6,4,08,12,3,0,0,1,1,0,0,0,0
"POINT (6.757030953000026 51.512575020000043)",Unfall 183576 (2024) Kat:3, Licht: 2,183576,3,7,9,08,23,3,1,2,0,1,0,0,0,0
"POINT (6.768539537000038 51.465965914000037)",Unfall 183577 (2024) Kat:3, Licht: 0,183577,3,7,6,08,10,3,0,0,0,1,1,0,0,0
"POINT (6.679385272000047 51.398265371000036)",Unfall 183644 (2024) Kat:3, Licht: 0,183644,3,6,1,08,08,6,0,0,0,1,0,0,0,0
"POINT (6.767919631000041 51.442343094000080)",Unfall 183668 (2024) Kat:3, Licht: 2,183668,3,1,8,08,02,2,0,2,0,1,0,0,0,0
"POINT (6.731672043000060 51.467025848000048)",Unfall 183669 (2024) Kat:3, Licht: 0,183669,3,4,6,08,18,2,0,0,0,1,1,0,0,0
"POINT (6.716514064000023 51.413293858000031)",Unfall 183867 (2024) Kat:3, Licht: 0,183867,3,1,4,09,18,5,0,0,1,1,0,0,0,0
"POINT (6.785636997000040 51.368117329000029)",Unfall 183927 (2024) Kat:2, Licht: 0,183927,2,3,5,09,12,4,1,0,0,1,0,0,0,0
"POINT (6.737626060000025 51.521323953000035)",Unfall 183928 (2024) Kat:3, Licht: 0,183928,3,6,2,09,18,4,1,0,0,1,0,0,0,0
"POINT (6.709310482000035 51.406806542000027)",Unfall 183984 (2024) Kat:3, Licht: 0,183984,3,6,1,09,16,3,0,0,0,1,0,0,0,0
"POINT (6.747877967000022 51.506865073000029)",Unfall 183985 (2024) Kat:3, Licht: 2,183985,3,3,5,09,22,3,1,2,0,1,0,0,0,1
"POINT (6.776604003000045 51.514142163000031)",Unfall 184063 (2024) Kat:3, Licht: 0,184063,3,3,5,09,16,2,0,0,0,1,0,0,0,0
"POINT (6.673717949000036 51.465186577000054)",Unfall 184184 (2024) Kat:3, Licht: 2,184184,3,1,0,09,20,7,0,2,0,0,0,0,0,1
"POINT (6.804869108000048 51.475160251000034)",Unfall 184185 (2024) Kat:3, Licht: 2,184185,3,7,0,09,21,7,0,2,1,0,0,0,0,0
"POINT (6.727629499000045 51.460636537000028)",Unfall 184186 (2024) Kat:3, Licht: 0,184186,3,1,4,09,18,7,0,0,1,0,0,0,0,0
"POINT (6.771896538000021 51.503463982000028)",Unfall 184187 (2024) Kat:3, Licht: 0,184187,3,1,8,09,10,7,0,0,1,0,0,0,0,0
"POINT (6.741277343000036 51.473669748000077)",Unfall 184263 (2024) Kat:3, Licht: 0,184263,3,5,1,09,11,6,0,0,1,1,0,0,0,0
"POINT (6.745936415000074 51.376183715000082)",Unfall 184336 (2024) Kat:3, Licht: 0,184336,3,5,1,09,08,5,0,0,0,1,0,1,0,0
"POINT (6.749583325000060 51.385064064000062)",Unfall 184337 (2024) Kat:3, Licht: 0,184337,3,7,6,09,15,5,0,0,0,1,1,0,0,0
"POINT (6.766542668000056 51.431151903000057)",Unfall 184338 (2024) Kat:3, Licht: 1,184338,3,2,0,09,19,5,0,1,0,1,0,0,0,1
"POINT (6.768630486000063 51.430889414000035)",Unfall 184339 (2024) Kat:3, Licht: 0,184339,3,3,5,09,09,5,0,0,0,0,0,0,0,1
"POINT (6.747029975000032 51.502575848000049)",Unfall 184340 (2024) Kat:3, Licht: 0,184340,3,3,6,09,17,5,0,0,0,1,1,0,0,0
"POINT (6.789369337000039 51.447754466000049)",Unfall 184341 (2024) Kat:3, Licht: 0,184341,3,6,2,09,14,5,0,0,0,1,0,0,1,0