WKT,Name,OBJECTID,UKATEGORIE,UTYP1,UART,UMONAT,USTUNDE,UWOCHENTAG,STRZUSTAND,ULICHTVERH,ISTRAD,ISTPKW,ISTFUSS,ISTKRAD,ISTGKFZ,ISTSONSTIG
"POINT (6.751311801000043 51.374604378000072)",Unfall 184422 (2024) Kat:3, Licht: 0,184422,3,4,6,09,08,4,0,0,0,1,1,0,0,0
"POINT (6.766839670000024 51.382724445000065)",Unfall 184423 (2024) Kat:3, Licht: 0,184423,3,5,0,09,11,4,0,0,1,1,0,0,0,0
"POINT (6.731816178000031 51.404846740000039)",Unfall 184424 (2024) Kat:3, Licht: 0,184424,3,6,2,09,12,4,1,0,0,0,0,0,1,1
"POINT (6.770143618000020 51.485466241000040)",Unfall 184425 (2024) Kat:3, Licht: 2,184425,3,6,0,09,21,4,0,2,0,1,0,0,0,0
"POINT (6.744526707000034 51.421721015000060)",Unfall 184511 (2024) Kat:3, Licht: 0,184511,3,5,6,09,07,3,0,0,0,0,1,0,1,0
"POINT (6.778153370000041 51.427379515000041)",Unfall 184512 (2024) Kat:3, Licht: 0,184512,3,3,5,09,09,3,0,0,0,1,0,0,0,1
"POINT (6.771324065000044 51.430386173000045)",Unfall 184513 (2024) Kat:3, Licht: 0,184513,3,7,3,09,15,3,0,0,0,1,0,0,0,1
"POINT (6.772073056000067 51.468395904000033)",Unfall 184514 (2024) Kat:3, Licht: 0,184514,3,1,4,09,14,3,0,0,0,1,0,0,0,0
"POINT (6.781805406000046 51.360511664000057)",Unfall 184586 (2024) Kat:3, Licht: 0,184586,3,6,0,09,13,2,0,0,1,1,0,0,0,0
"POINT (6.767613346000076 51.407089579000058)",Unfall 184587 (2024) Kat:3, Licht: 0,184587,3,7,6,09,10,2,0,0,0,1,1,0,0,0
"POINT (6.771022774000073 51.434207034000053)",Unfall 184588 (2024) Kat:3, Licht: 0,184588,3,1,6,09,13,2,0,0,0,1,1,0,0,0
"POINT (6.715427478000038 51.417211165000026)",Unfall 184589 (2024) Kat:3, Licht: 0,184589,3,5,3,09,16,2,0,0,1,1,0,0,0,0
"POINT (6.739597373000038 51.528628916000059)",Unfall 184590 (2024) Kat:3, Licht: 0,184590,3,3,5,09,15,2,0,0,0,1,0,0,0,0
"POINT (6.763026274000026 51.383885544000066)",Unfall 184689 (2024) Kat:3, Licht: 0,184689,3,1,6,09,13,1,0,0,0,1,1,0,0,0
"POINT (6.792682662000061 51.420904023000048)",Unfall 184691 (2024) Kat:3, Licht: 0,184691,3,1,0,09,13,1,0,0,1,1,0,0,0,0
"POINT (6.794737929000064 51.438873608000051)",Unfall 184692 (2024) Kat:3, Licht: 2,184692,3,1,0,09,02,1,0,2,0,0,0,0,0,1
"POINT (6.751475190000065 51.440922936000050)",Unfall 184693 (2024) Kat:3, Licht: 0,184693,3,2,5,09,14,1,0,0,1,1,0,0,0,0
"POINT (6.771488527000031 51.481679468000038)",Unfall 184694 (2024) Kat:2, Licht: 0,184694,2,1,9,09,17,1,0,0,0,0,0,1,0,0
"POINT (6.758603992000076 51.472186380000039)",Unfall 184792 (2024) Kat:3, Licht: 0,184792,3,6,5,09,17,7,0,0,0,1,0,1,0,0
"POINT (6.778467271000068 51.430608436000057)",Unfall 184855 (2024) Kat:3, Licht: 0,184855,3,6,0,09,09,6,0,0,1,0,0,0,0,1
"POINT (6.785966133000045 51.498636346000069)",Unfall 184856 (2024) Kat:3, Licht: 0,184856,3,4,6,09,14,6,0,0,0,1,1,0,0,0
"POINT (6.748423073000026 51.416656261000071)",Unfall 184925 (2024) Kat:3, Licht: 0,184925,3,3,5,09,12,5,0,0,1,1,0,0,0,0
"POINT (6.791541248000044 51.478902424000069)",Unfall 185084 (2024) Kat:3, Licht: 0,185084,3,4,6,09,12,3,0,0,0,1,1,0,0,0
"POINT (6.754106606000050 51.414707498000041)",Unfall 185158 (2024) Kat:3, Licht: 2,185158,3,4,6,09,22,2,0,2,0,0,1,0,0,1
"POINT (6.696205521000024 51.409242278000079)",Unfall 185159 (2024) Kat:3, Licht: 2,185159,3,2,3,09,21,2,0,2,1,1,0,0,0,0
"POINT (6.763437865000071 51.495237163000070)",Unfall 185160 (2024) Kat:3, Licht: 0,185160,3,3,5,09,12,2,0,0,0,1,0,0,0,0
"POINT (6.766670812000029 51.401168358000064)",Unfall 185219 (2024) Kat:3, Licht: 0,185219,3,5,0,09,16,1,0,0,1,1,0,0,0,0
"POINT (6.793147179000073 51.425934233000078)",Unfall 185220 (2024) Kat:3, Licht: 2,185220,3,1,0,09,21,1,0,2,0,0,0,0,0,1
"POINT (6.737512181000056 51.453293193000036)",Unfall 185221 (2024) Kat:3, Licht: 0,185221,3,2,0,09,18,1,0,0,1,1,0,0,0,0
"POINT (6.766649197000049 51.436592626000049)",Unfall 185299 (2024) Kat:3, Licht: 0,185299,3,7,0,09,13,7,0,0,1,1,0,0,0,0
"POINT (6.744307812000045 51.524933983000039)",Unfall 185300 (2024) Kat:2, Licht: 0,185300,2,3,5,09,14,7,0,0,0,1,0,0,0,0
"POINT (6.728330153000059 51.457416395000052)",Unfall 185301 (2024) Kat:3, Licht: 2,185301,3,2,3,09,22,7,0,2,0,1,0,0,0,0
"POINT (6.771474261000037 51.481673660000070)",Unfall 185302 (2024) Kat:3, Licht: 2,185302,3,1,8,09,22,7,0,2,0,1,0,0,0,0
"POINT (6.757000332000075 51.404542432000028)",Unfall 185379 (2024) Kat:3, Licht: 0,185379,3,3,5,09,17,6,0,0,0,1,0,0,0,0
"POINT (6.775531384000033 51.431767501000081)",Unfall 185380 (2024) Kat:3, Licht: 0,185380,3,2,5,09,17,6,0,0,1,1,0,0,0,0
"POINT (6.712450169000022 51.389236516000040)",Unfall 185483 (2024) Kat:3, Licht: 0,185483,3,3,0,09,10,5,0,0,0,1,0,0,0,1
"POINT (6.756988199000034 51.467945759000031)",Unfall 185484 (2024) Kat:3, Licht: 0,185484,3,7,5,09,18,5,0,0,0,1,0,0,0,0
"POINT (6.780680895000046 51.498737792000043)",Unfall 185485 (2024) Kat:3, Licht: 0,185485,3,3,5,09,16,5,0,0,0,1,0,0,0,0
"POINT (6.749579623000045 51.428812348000065)",Unfall 185559 (2024) Kat:3, Licht: 0,185559,3,3,5,09,18,4,0,0,1,1,0,0,0,0
"POINT (6.688320044000022 51.386855408000031)",Unfall 185626 (2024) Kat:3, Licht: 0,185626,3,1,2,09,17,3,0,0,0,1,0,0,0,0
"POINT (6.767863918000046 51.489903308000066)",Unfall 185696 (2024) Kat:3, Licht: 0,185696,3,3,5,09,13,2,0,0,0,1,0,0,0,1
"POINT (6.751191398000060 51.373162886000046)",Unfall 185748 (2024) Kat:2, Licht: 1,185748,2,7,9,09,07,1,0,1,0,1,0,0,0,1
"POINT (6.777571098000067 51.497346389000029)",Unfall 185796 (2024) Kat:3, Licht: 0,185796,3,3,5,10,09,5,1,0,0,1,0,0,0,0
"POINT (6.766542668000056 51.431151903000057)",Unfall 185831 (2024) Kat:3, Licht: 0,185831,3,2,5,10,07,4,0,0,0,1,0,0,0,1
"POINT (6.748593797000069 51.432808508000051)",Unfall 186126 (2024) Kat:3, Licht: 0,186126,3,7,0,10,09,5,1,0,1,0,0,0,0,0
"POINT (6.756611820000046 51.485903865000068)",Unfall 186178 (2024) Kat:3, Licht: 0,186178,3,3,5,10,11,7,0,0,0,1,0,0,0,0
"POINT (6.795422467000037 51.428127743000061)",Unfall 186187 (2024) Kat:3, Licht: 0,186187,3,7,2,10,15,4,0,0,1,1,0,0,0,0
"POINT (6.724279813000066 51.401666542000044)",Unfall 186188 (2024) Kat:3, Licht: 0,186188,3,3,5,10,13,4,1,0,0,1,0,0,0,0
"POINT (6.713316095000039 51.407854826000062)",Unfall 186189 (2024) Kat:3, Licht: 0,186189,3,3,5,10,08,4,0,0,0,1,0,0,0,0
"POINT (6.779613153000071 51.495697612000072)",Unfall 186190 (2024) Kat:3, Licht: 1,186190,3,3,5,10,18,4,1,1,0,1,0,0,0,0
"POINT (6.771782157000075 51.470584515000041)",Unfall 186283 (2024) Kat:3, Licht: 0,186283,3,2,6,10,08,3,0,0,0,1,1,0,0,0
"POINT (6.752979165000056 51.504654529000049)",Unfall 186417 (2024) Kat:3, Licht: 0,186417,3,2,6,10,11,1,0,0,0,1,1,0,0,0
"POINT (6.701973828000064 51.509509644000048)",Unfall 186469 (2024) Kat:3, Licht: 0,186469,3,7,0,10,13,7,0,0,1,0,0,0,0,1
"POINT (6.722609237000029 51.409499365000045)",Unfall 186470 (2024) Kat:3, Licht: 0,186470,3,3,5,10,14,7,0,0,1,1,0,0,0,0
"POINT (6.771914368000068 51.430236145000038)",Unfall 186607 (2024) Kat:3, Licht: 2,186607,3,4,6,10,05,4,1,2,0,0,1,0,0,1
"POINT (6.722073271000056 51.353549805000057)",Unfall 186683 (2024) Kat:2, Licht: 0,186683,2,4,6,10,07,3,1,0,0,1,1,0,0,0
"POINT (6.784621858000037 51.436086402000058)",Unfall 186684 (2024) Kat:3, Licht: 0,186684,3,3,5,10,10,3,1,0,0,1,0,0,0,0
"POINT (6.756857598000067 51.464860327000054)",Unfall 186685 (2024) Kat:2, Licht: 0,186685,2,1,7,10,15,3,1,0,0,0,0,1,0,0
"POINT (6.765330306000067 51.489620836000029)",Unfall 186686 (2024) Kat:3, Licht: 0,186686,3,4,6,10,13,3,0,0,0,1,1,0,0,0
"POINT (6.685094416000027 51.451469828000029)",Unfall 186781 (2024) Kat:3, Licht: 0,186781,3,3,0,09,10,2,0,0,0,1,0,0,0,1
"POINT (6.711033955000062 51.407149873000037)",Unfall 186782 (2024) Kat:3, Licht: 0,186782,3,1,0,09,15,2,1,0,0,0,0,1,0,0
"POINT (6.773493389000066 51.489946305000046)",Unfall 186783 (2024) Kat:3, Licht: 0,186783,3,2,5,09,15,2,1,0,1,1,0,0,0,0
"POINT (6.778129484000033 51.406656786000042)",Unfall 186950 (2024) Kat:2, Licht: 2,186950,2,1,0,11,17,1,0,2,1,0,1,0,0,0
"POINT (6.772900461000063 51.466597413000045)",Unfall 186989 (2024) Kat:3, Licht: 0,186989,3,1,0,11,11,7,0,0,1,1,0,0,0,0
"POINT (6.770483816000024 51.371047377000082)",Unfall 187071 (2024) Kat:3, Licht: 0,187071,3,1,0,10,11,5,1,0,0,0,0,1,0,0
"POINT (6.649708946000032 51.399432579000063)",Unfall 187072 (2024) Kat:3, Licht: 0,187072,3,3,5,10,14,5,0,0,1,0,0,0,0,0
"POINT (6.694487887000037 51.419564938000065)",Unfall 187073 (2024) Kat:2, Licht: 0,187073,2,3,5,10,14,5,0,0,0,1,0,0,0,0
"POINT (6.756406317000028 51.399987302000056)",Unfall 187130 (2024) Kat:3, Licht: 2,187130,3,3,5,10,18,4,1,2,0,1,0,0,0,0
"POINT (6.776230081000051 51.416068324000037)",Unfall 187131 (2024) Kat:3, Licht: 0,187131,3,3,5,10,07,4,1,0,1,0,0,0,0,0
"POINT (6.729079056000046 51.543681668000033)",Unfall 187132 (2024) Kat:3, Licht: 1,187132,3,2,0,10,17,4,1,1,0,1,0,0,0,0
"POINT (6.771076289000064 51.489487164000082)",Unfall 187133 (2024) Kat:3, Licht: 0,187133,3,7,0,10,08,4,0,0,0,1,0,0,0,1
"POINT (6.775425245000065 51.495130592000066)",Unfall 187288 (2024) Kat:3, Licht: 0,187288,3,2,5,10,14,2,0,0,1,1,0,0,0,0
"POINT (6.767892917000040 51.384059808000075)",Unfall 187315 (2024) Kat:3, Licht: 0,187315,3,3,5,10,15,1,0,0,0,1,0,0,0,1
"POINT (6.693958635000058 51.462506784000027)",Unfall 187316 (2024) Kat:3, Licht: 2,187316,3,5,1,10,00,1,0,2,0,1,0,0,0,1
"POINT (6.775235833000067 51.390424532000054)",Unfall 187406 (2024) Kat:3, Licht: 0,187406,3,1,9,10,13,6,0,0,1,0,0,0,0,0
"POINT (6.728536608000070 51.367272913000079)",Unfall 187407 (2024) Kat:3, Licht: 0,187407,3,7,0,10,14,6,0,0,1,0,1,0,0,0
"POINT (6.777994946000035 51.421388313000080)",Unfall 187528 (2024) Kat:3, Licht: 0,187528,3,1,0,10,09,4,0,0,0,1,0,1,0,0
"POINT (6.787661766000042 51.426296417000060)",Unfall 187529 (2024) Kat:3, Licht: 2,187529,3,7,6,10,20,4,0,2,0,0,1,1,0,0
"POINT (6.757986719000030 51.434096484000065)",Unfall 187530 (2024) Kat:3, Licht: 2,187530,3,7,0,10,06,4,0,2,0,0,0,0,0,1
"POINT (6.747813702000030 51.425161539000044)",Unfall 187587 (2024) Kat:3, Licht: 0,187587,3,3,5,10,10,3,1,0,1,1,0,0,0,0
"POINT (6.748731628000030 51.441053584000031)",Unfall 187588 (2024) Kat:2, Licht: 2,187588,2,1,0,10,20,3,0,2,1,0,0,0,0,0
"POINT (6.745751565000035 51.439030181000078)",Unfall 187589 (2024) Kat:3, Licht: 0,187589,3,6,2,10,15,3,0,0,0,1,0,0,0,0
"POINT (6.779534218000038 51.472760246000064)",Unfall 187590 (2024) Kat:3, Licht: 1,187590,3,7,0,10,18,3,0,1,1,1,0,0,0,1
"POINT (6.743230866000033 51.481282073000045)",Unfall 187591 (2024) Kat:3, Licht: 2,187591,3,4,6,10,21,3,0,2,0,1,1,0,0,0
"POINT (6.762819374000060 51.505208117000052)",Unfall 187642 (2024) Kat:3, Licht: 0,187642,3,1,0,10,12,3,0,0,0,0,1,0,0,1
"POINT (6.751815131000058 51.505423021000070)",Unfall 187647 (2024) Kat:3, Licht: 0,187647,3,1,8,10,10,2,1,0,0,1,0,0,0,0
"POINT (6.751942877000033 51.419288839000046)",Unfall 187682 (2024) Kat:3, Licht: 2,187682,3,1,0,10,20,1,1,2,1,0,0,0,0,0
"POINT (6.747038211000074 51.504563085000029)",Unfall 187781 (2024) Kat:3, Licht: 2,187781,3,1,0,10,21,6,0,2,0,0,0,0,0,1
"POINT (6.757077265000021 51.461902573000032)",Unfall 187852 (2024) Kat:3, Licht: 2,187852,3,5,1,11,06,1,1,2,0,1,0,0,0,0
"POINT (6.772785429000066 51.431448914000043)",Unfall 187886 (2024) Kat:3, Licht: 2,187886,3,2,0,11,20,7,1,2,1,1,0,0,0,0
"POINT (6.786056446000032 51.425082069000041)",Unfall 188003 (2024) Kat:3, Licht: 2,188003,3,3,5,11,17,5,0,2,0,1,0,0,0,0
"POINT (6.683494910000036 51.450498439000057)",Unfall 188004 (2024) Kat:3, Licht: 2,188004,3,1,0,11,20,5,2,2,0,0,0,1,0,0
"POINT (6.659556686000030 51.400178681000057)",Unfall 188005 (2024) Kat:3, Licht: 0,188005,3,2,0,11,13,5,1,0,1,0,0,0,0,0
"POINT (6.708800698000061 51.406270659000029)",Unfall 188059 (2024) Kat:3, Licht: 0,188059,3,2,0,11,09,4,1,0,1,1,0,0,0,0
"POINT (6.756993354000031 51.467139917000054)",Unfall 188116 (2024) Kat:3, Licht: 2,188116,3,3,5,11,20,6,1,2,1,1,0,0,0,0
"POINT (6.785616994000065 51.498474464000026)",Unfall 188124 (2024) Kat:3, Licht: 0,188124,3,4,6,11,13,3,1,0,0,1,1,0,0,0
"POINT (6.722035526000070 51.414048452000031)",Unfall 188125 (2024) Kat:3, Licht: 1,188125,3,5,0,11,15,3,1,1,0,1,0,0,0,1
"POINT (6.727809854000043 51.435734604000061)",Unfall 188185 (2024) Kat:3, Licht: 0,188185,3,1,2,11,10,2,1,0,0,1,0,0,0,1
"POINT (6.785449804000052 51.503211613000076)",Unfall 188186 (2024) Kat:2, Licht: 2,188186,2,3,5,11,18,2,0,2,1,1,0,0,0,0
"POINT (6.759788336000042 51.510340991000078)",Unfall 188187 (2024) Kat:3, Licht: 2,188187,3,6,2,11,05,2,1,2,0,1,0,0,0,0
"POINT (6.709457671000052 51.449996338000062)",Unfall 188188 (2024) Kat:2, Licht: 2,188188,2,3,0,11,18,2,0,2,0,1,0,0,0,0
"POINT (6.668141563000063 51.401616774000047)",Unfall 188256 (2024) Kat:2, Licht: 2,188256,2,1,0,11,21,7,1,2,0,1,0,0,0,1
"POINT (6.705693303000032 51.405257512000048)",Unfall 188303 (2024) Kat:3, Licht: 0,188303,3,6,2,11,13,6,0,0,0,1,0,0,0,0
"POINT (6.785616994000065 51.498474464000026)",Unfall 188305 (2024) Kat:3, Licht: 2,188305,3,3,5,11,05,6,1,2,0,1,0,0,0,1
"POINT (6.766554316000054 51.431177972000057)",Unfall 188377 (2024) Kat:3, Licht: 0,188377,3,2,0,11,16,5,0,0,0,1,0,0,0,1
"POINT (6.706156148000048 51.406275526000059)",Unfall 188378 (2024) Kat:3, Licht: 1,188378,3,6,2,11,07,5,1,1,0,1,0,0,0,0
"POINT (6.716888561000076 51.409661264000079)",Unfall 188379 (2024) Kat:3, Licht: 2,188379,3,6,2,11,20,5,0,2,0,1,0,0,0,0
"POINT (6.754118025000025 51.503952761000050)",Unfall 188434 (2024) Kat:3, Licht: 0,188434,3,3,6,11,08,4,0,0,0,1,1,0,0,0
"POINT (6.732843073000026 51.463645312000040)",Unfall 188505 (2024) Kat:3, Licht: 0,188505,3,3,5,11,12,3,0,0,0,1,0,0,0,1
"POINT (6.756748385000037 51.502317577000042)",Unfall 188506 (2024) Kat:3, Licht: 2,188506,3,5,3,11,22,3,0,2,1,1,0,0,0,0
"POINT (6.798835623000059 51.492213005000053)",Unfall 188569 (2024) Kat:3, Licht: 2,188569,3,2,5,11,18,2,1,2,0,1,0,0,0,1
"POINT (6.744212357000038 51.511628159000054)",Unfall 188570 (2024) Kat:3, Licht: 2,188570,3,6,2,11,18,2,1,2,0,1,0,0,0,0
"POINT (6.816098414000066 51.378640850000068)",Unfall 188617 (2024) Kat:3, Licht: 0,188617,3,3,0,11,13,1,1,0,0,1,1,0,0,0
"POINT (6.778227916000048 51.428303878000065)",Unfall 188622 (2024) Kat:3, Licht: 0,188622,3,7,0,11,08,1,0,0,0,0,0,0,0,1
"POINT (6.799207618000025 51.430119808000029)",Unfall 188769 (2024) Kat:3, Licht: 2,188769,3,3,0,11,18,5,0,2,1,1,0,0,0,0
"POINT (6.704354117000037 51.451142601000072)",Unfall 188818 (2024) Kat:3, Licht: 0,188818,3,3,1,11,15,6,0,0,1,1,0,0,0,0
"POINT (6.759079361000033 51.470045852000055)",Unfall 188841 (2024) Kat:3, Licht: 0,188841,3,3,5,11,09,4,1,0,0,1,0,0,0,0
"POINT (6.750222415000053 51.381433411000046)",Unfall 188903 (2024) Kat:2, Licht: 0,188903,2,2,5,12,11,7,0,0,1,1,0,0,0,0
"POINT (6.780171231000054 51.401059727000074)",Unfall 189033 (2024) Kat:3, Licht: 0,189033,3,1,8,12,12,4,0,0,0,1,0,0,0,0
"POINT (6.768172617000062 51.401156085000082)",Unfall 189083 (2024) Kat:3, Licht: 1,189083,3,6,4,12,07,3,0,1,1,1,0,0,0,0
"POINT (6.731657208000058 51.411149514000044)",Unfall 189152 (2024) Kat:3, Licht: 0,189152,3,1,4,12,12,2,1,0,0,1,0,0,1,0
"POINT (6.772711664000042 51.524863113000038)",Unfall 189153 (2024) Kat:3, Licht: 2,189153,3,5,0,12,22,2,1,2,0,1,0,0,0,0
"POINT (6.798657217000027 51.487049037000077)",Unfall 189154 (2024) Kat:3, Licht: 0,189154,3,3,5,12,10,2,1,0,0,1,0,0,0,0
"POINT (6.705888804000040 51.455009672000074)",Unfall 189184 (2024) Kat:3, Licht: 2,189184,3,6,2,12,21,1,1,2,0,1,0,0,0,0
"POINT (6.726284993000036 51.406423092000068)",Unfall 189215 (2024) Kat:3, Licht: 0,189215,3,3,5,12,13,7,0,0,0,1,0,0,0,0
"POINT (6.750579033000065 51.468058986000074)",Unfall 189249 (2024) Kat:3, Licht: 0,189249,3,6,1,12,12,6,1,0,0,1,0,0,0,0
"POINT (6.807358568000041 51.500699865000058)",Unfall 189250 (2024) Kat:2, Licht: 1,189250,2,1,9,12,16,6,1,1,0,1,0,0,0,0
"POINT (6.785414379000031 51.498383870000055)",Unfall 189251 (2024) Kat:2, Licht: 0,189251,2,1,5,12,09,6,1,0,1,1,0,0,0,0
"POINT (6.756011431000047 51.412675225000044)",Unfall 189325 (2024) Kat:3, Licht: 0,189325,3,4,6,12,14,5,0,0,0,0,1,0,0,1
"POINT (6.754681049000055 51.430988703000025)",Unfall 189326 (2024) Kat:3, Licht: 0,189326,3,6,3,12,14,5,1,0,0,1,0,0,0,0
"POINT (6.746983732000047 51.516293248000068)",Unfall 189327 (2024) Kat:2, Licht: 1,189327,2,2,5,12,16,5,1,1,1,1,0,0,0,0
"POINT (6.780829032000042 51.467685017000065)",Unfall 189328 (2024) Kat:3, Licht: 1,189328,3,7,0,12,18,5,1,1,0,0,0,0,0,1
"POINT (6.803721654000071 51.489631549000080)",Unfall 189329 (2024) Kat:3, Licht: 2,189329,3,6,0,12,18,5,1,2,0,1,0,0,0,0
"POINT (6.767924927000024 51.432394699000042)",Unfall 189392 (2024) Kat:3, Licht: 2,189392,3,7,0,12,18,4,1,2,0,1,0,0,0,0
"POINT (6.712661979000075 51.407596411000043)",Unfall 189393 (2024) Kat:3, Licht: 0,189393,3,6,2,12,09,4,0,0,1,1,0,0,0,0
"POINT (6.731262404000063 51.356010199000082)",Unfall 189442 (2024) Kat:3, Licht: 0,189442,3,7,0,12,13,3,0,0,1,1,0,0,0,0
"POINT (6.783381354000028 51.473115934000077)",Unfall 189443 (2024) Kat:3, Licht: 0,189443,3,5,1,12,13,3,0,0,0,1,0,0,0,0
"POINT (6.779010462000031 51.382497073000081)",Unfall 189518 (2024) Kat:3, Licht: 2,189518,3,4,6,12,07,2,1,2,0,1,1,0,0,0
"POINT (6.693552442000055 51.466047812000056)",Unfall 189519 (2024) Kat:2, Licht: 0,189519,2,3,5,12,13,2,0,0,0,1,0,0,0,0
"POINT (6.753663117000031 51.504233518000035)",Unfall 189560 (2024) Kat:3, Licht: 0,189560,3,4,6,12,12,1,0,0,1,0,1,0,0,0
"POINT (6.784049074000052 51.353069038000058)",Unfall 189601 (2024) Kat:3, Licht: 2,189601,3,2,4,11,19,7,0,2,0,1,0,0,0,0
"POINT (6.779833338000060 51.439400071000080)",Unfall 189669 (2024) Kat:2, Licht: 0,189669,2,3,5,11,11,6,0,0,1,1,0,0,0,0
"POINT (6.716072075000056 51.411630696000032)",Unfall 189670 (2024) Kat:3, Licht: 0,189670,3,3,6,11,12,6,0,0,0,1,1,0,0,0
"POINT (6.815989727000044 51.496013740000080)",Unfall 189671 (2024) Kat:2, Licht: 0,189671,2,1,0,11,14,6,0,0,1,0,0,0,0,0
"POINT (6.815925695000033 51.497056856000029)",Unfall 189672 (2024) Kat:3, Licht: 0,189672,3,5,1,11,12,6,0,0,0,0,0,0,1,1
"POINT (6.752344801000049 51.398890611000070)",Unfall 189734 (2024) Kat:2, Licht: 0,189734,2,3,5,11,09,5,0,0,0,1,0,0,0,0
"POINT (6.791411744000072 51.436273376000031)",Unfall 189735 (2024) Kat:3, Licht: 2,189735,3,7,1,11,20,5,1,2,0,1,0,0,0,0
"POINT (6.731008038000027 51.537650445000054)",Unfall 189736 (2024) Kat:3, Licht: 2,189736,3,4,0,11,17,5,0,2,0,0,1,0,0,1
"POINT (6.749041345000023 51.428342095000062)",Unfall 189807 (2024) Kat:3, Licht: 2,189807,3,5,3,11,06,4,0,2,1,1,0,0,0,0
"POINT (6.803036983000027 51.430848043000026)",Unfall 189808 (2024) Kat:3, Licht: 2,189808,3,2,5,11,17,4,1,2,0,1,0,0,0,0
"POINT (6.693199609000033 51.417652633000046)",Unfall 189810 (2024) Kat:3, Licht: 2,189810,3,2,5,11,16,4,1,2,1,0,0,0,0,1
"POINT (6.758925303000069 51.415511223000067)",Unfall 189884 (2024) Kat:3, Licht: 2,189884,3,3,5,11,19,3,0,2,0,1,0,0,0,0
"POINT (6.751857822000034 51.505391579000047)",Unfall 189950 (2024) Kat:3, Licht: 0,189950,3,5,1,11,12,2,1,0,0,1,0,0,0,0
"POINT (6.754581025000050 51.422864914000058)",Unfall 190322 (2024) Kat:3, Licht: 2,190322,3,6,3,12,19,2,0,2,0,1,0,0,0,1
"POINT (6.751154844000041 51.505909321000047)",Unfall 190345 (2024) Kat:3, Licht: 0,190345,3,3,5,12,11,1,0,0,0,1,0,0,0,0
"POINT (6.707965988000069 51.449891379000064)",Unfall 190368 (2024) Kat:3, Licht: 0,190368,3,6,6,12,09,7,1,0,0,1,1,0,0,0
"POINT (6.650771821000035 51.395350728000039)",Unfall 190369 (2024) Kat:3, Licht: 2,190369,3,5,1,12,05,7,2,2,0,1,0,0,0,0
"POINT (6.715687541000023 51.414110724000068)",Unfall 190370 (2024) Kat:3, Licht: 0,190370,3,3,5,12,12,7,0,0,0,1,0,0,0,0
"POINT (6.742998627000077 51.372649124000077)",Unfall 190387 (2024) Kat:2, Licht: 0,190387,2,3,5,12,08,3,0,0,0,1,0,1,0,0
"POINT (6.767669067000043 51.412018410000030)",Unfall 190486 (2024) Kat:3, Licht: 2,190486,3,2,0,12,18,3,1,2,0,1,0,0,0,0
"POINT (6.680181146000052 51.446946770000068)",Unfall 190487 (2024) Kat:3, Licht: 2,190487,3,2,5,12,06,3,0,2,0,1,0,0,0,0
"POINT (6.782742430000042 51.500295207000079)",Unfall 190488 (2024) Kat:3, Licht: 0,190488,3,2,5,12,09,3,1,0,0,1,0,0,0,0
"POINT (6.783587001000058 51.502665453000077)",Unfall 190489 (2024) Kat:2, Licht: 0,190489,2,7,0,12,10,3,0,0,0,0,0,0,0,1
"POINT (6.767892673000063 51.442333256000040)",Unfall 190545 (2024) Kat:3, Licht: 2,190545,3,1,9,12,01,1,1,2,0,1,0,0,0,0
"POINT (6.761378637000064 51.383839522000073)",Unfall 190585 (2024) Kat:2, Licht: 2,190585,2,4,6,12,16,7,1,2,0,1,1,0,0,0
"POINT (6.717325883000058 51.409973483000044)",Unfall 190648 (2024) Kat:2, Licht: 2,190648,2,4,6,12,17,6,0,2,0,1,1,0,0,0
"POINT (6.756825101000061 51.502270041000031)",Unfall 190649 (2024) Kat:3, Licht: 2,190649,3,1,0,12,22,6,1,2,1,0,0,0,0,0
"POINT (6.734685422000041 51.470677751000039)",Unfall 190920 (2024) Kat:3, Licht: 2,190920,3,1,8,12,07,2,1,2,0,1,0,0,0,0
"POINT (6.756558231000042 51.370458055000029)",Unfall 263191 (2024) Kat:3, Licht: 1,263191,3,1,0,05,06,6,1,1,1,0,0,0,0,0
"POINT (6.735130052000045 51.406740980000052)",Unfall 263326 (2024) Kat:3, Licht: 0,263326,3,6,0,05,18,6,0,0,1,0,0,0,0,0
"POINT (6.681051639000032 51.352338809000059)",Unfall 263373 (2024) Kat:3, Licht: 0,263373,3,6,0,06,15,1,0,0,1,0,0,0,0,0
"POINT (6.799487766000027 51.461806330000059)",Unfall 263411 (2024) Kat:3, Licht: 0,263411,3,7,0,06,18,5,0,0,1,0,0,0,0,1
"POINT (6.817046649000076 51.465539232000026)",Unfall 263544 (2024) Kat:3, Licht: 0,263544,3,2,5,07,15,6,1,0,1,1,0,0,0,0
"POINT (6.725270997000052 51.495783886000027)",Unfall 263706 (2024) Kat:2, Licht: 0,263706,2,1,0,08,17,4,0,0,1,0,0,0,0,0
"POINT (6.790701018000050 51.376816110000050)",Unfall 263778 (2024) Kat:2, Licht: 0,263778,2,7,0,08,15,2,0,0,1,0,0,0,0,1